{
  "born-on" : "2024-09-23T09:55:51-0300",
  "beans" : [ {
    "@class" : "ComponentBean",
    "resourceName" : "MAPSERVICE.Sinacofi_E30_F1.E30_FRONT",
    "resourceAbsFilePath" : "",
    "resourceType" : "3",
    "componentId" : "4215517",
    "processingStepEnabled" : true,
    "processingStepName" : "Component_E30_F1",
    "processingStepType" : "Map",
    "processingStepAddOutput" : false,
    "configurations" : "null/4215517/configurations",
    "@id" : "4217014",
    "configuration-defs" : [ {
      "name" : "Input",
      "type" : "1",
      "description" : "Input parameters",
      "arguments" : null,
      "@id" : "4216113",
      "argument-defs" : [ {
        "name" : "Input Format",
        "type" : "b2bx.server.EnumParameter",
        "notEqualTo" : null,
        "value" : "0",
        "editable" : true,
        "@id" : "4216949"
      }, {
        "name" : "Detector mode",
        "type" : "java.lang.Boolean",
        "notEqualTo" : null,
        "value" : null,
        "editable" : false,
        "@id" : "4216950"
      }, {
        "name" : "Check facet on input",
        "type" : "java.lang.Boolean",
        "notEqualTo" : null,
        "value" : null,
        "editable" : false,
        "@id" : "4216951"
      }, {
        "name" : "Check facet on output",
        "type" : "java.lang.Boolean",
        "notEqualTo" : null,
        "value" : null,
        "editable" : false,
        "@id" : "4216952"
      }, {
        "name" : "Accept input documents with errors",
        "type" : "java.lang.Boolean",
        "notEqualTo" : null,
        "value" : null,
        "editable" : false,
        "@id" : "4216953"
      }, {
        "name" : "Action when no output created by flow",
        "type" : "b2bx.server.EnumParameter",
        "notEqualTo" : null,
        "value" : "4",
        "editable" : true,
        "@id" : "4216954"
      }, {
        "name" : "Debug",
        "type" : "java.lang.Boolean",
        "notEqualTo" : null,
        "value" : null,
        "editable" : false,
        "@id" : "4216955"
      } ]
    }, {
      "name" : "Backup",
      "type" : "2",
      "description" : "Output parameters",
      "arguments" : null,
      "@id" : "4216114",
      "argument-defs" : [ {
        "name" : "Output Format",
        "type" : "b2bx.server.EnumParameter",
        "notEqualTo" : null,
        "value" : "0",
        "editable" : true,
        "@id" : "4216956"
      }, {
        "name" : "Accept output documents with errors",
        "type" : "java.lang.Boolean",
        "notEqualTo" : null,
        "value" : null,
        "editable" : false,
        "@id" : "4216957"
      }, {
        "name" : "Action when no output created",
        "type" : "b2bx.server.EnumParameter",
        "notEqualTo" : null,
        "value" : "2",
        "editable" : true,
        "@id" : "4216958"
      }, {
        "name" : "Version",
        "type" : "b2bx.server.EnumParameter",
        "notEqualTo" : null,
        "value" : "",
        "editable" : true,
        "@id" : "4216959"
      } ]
    }, {
      "name" : "Salida",
      "type" : "2",
      "description" : "Output parameters",
      "arguments" : null,
      "@id" : "4216115",
      "argument-defs" : [ {
        "name" : "Output Format",
        "type" : "b2bx.server.EnumParameter",
        "notEqualTo" : null,
        "value" : "0",
        "editable" : true,
        "@id" : "4216960"
      }, {
        "name" : "Accept output documents with errors",
        "type" : "java.lang.Boolean",
        "notEqualTo" : null,
        "value" : null,
        "editable" : false,
        "@id" : "4216961"
      }, {
        "name" : "Action when no output created",
        "type" : "b2bx.server.EnumParameter",
        "notEqualTo" : null,
        "value" : "2",
        "editable" : true,
        "@id" : "4216962"
      }, {
        "name" : "Version",
        "type" : "b2bx.server.EnumParameter",
        "notEqualTo" : null,
        "value" : "",
        "editable" : true,
        "@id" : "4216963"
      } ]
    }, {
      "name" : "Channel",
      "type" : "9",
      "description" : "Connection parameters",
      "arguments" : null,
      "@id" : "4216116",
      "argument-defs" : [ {
        "name" : "Connection",
        "type" : "b2bx.server.LocalObjectParameter",
        "notEqualTo" : null,
        "value" : "Oracle_MFT",
        "editable" : true,
        "@id" : "4216964"
      } ]
    } ]
  } ],
  "container-version" : "26.11.1 951d5bfb",
  "count" : 1,
  "version" : "1.0"
}