<?xml version="1.0" encoding="UTF-8" standalone="no"?>
<BusinessDocuments xmlns:xsi="http://www.w3.org/2001/XMLSchema-instance" xsi:noNamespaceSchemaLocation="BusinessDocuments.xsd">
   <BusinessDocument businessDocumentType="Inhouse" dmlCompatibility="2.1" encoding="iso8859" id="fec8e594-9782-4831-af7e-6f7245a4cda4" label="" lastModified="2024-04-25T15:16:28.000Z" name="MAPSERVICE_Sinacofi_C51_C51_FT3::MAPSERVICE.Sinacofi_C51\ArchivosMomentaneos.C51_CAR_Existe_Val" xmlVersion="1.0">
      <Configuration>
         <decimalSeparator>true</decimalSeparator>
         <keepPresenceOfPlusSign>false</keepPresenceOfPlusSign>
         <keepPresenceOfDecimalSeparator>true</keepPresenceOfDecimalSeparator>
         <keepInputNumberOfFractionDigits>true</keepInputNumberOfFractionDigits>
         <keepInputNumberOfDateDigits>true</keepInputNumberOfDateDigits>
         <keepPresenceOfIntegerPlusSign>false</keepPresenceOfIntegerPlusSign>
      </Configuration>
      <Properties>
         <Property name="enableFixedFieldTruncation" value="false"/>
         <Property name="realFormatBehavior" value="false"/>
         <Property name="truncate" value="false"/>
         <Property name="trim" value="none"/>
         <Property name="decimalChar"/>
         <Property name="escapeChar"/>
         <Property name="closeQuote"/>
         <Property name="openQuote"/>
         <Property name="leafElmtDelimiterValue"/>
         <Property name="leafElmtDelimiterType" value="FIXED"/>
         <Property name="parentElmtDelimiterValue"/>
         <Property name="parentElmtDelimiterType" value="FIXED"/>
      </Properties>
      <Elements>
         <ParentElement cargoImpEndSepMandatory="false" cargoImpPreSepMandatory="false" delimiterType="implicit" delimiterValue="" elementType="InhouseParent" label="Root" maxCard="0" minCard="0" name="Caratula" order="1" swiftErrorCode="" xmlNamespace="-1" xmlNamespaceParentOrder="-1">
            <LeafElement cargoImpPreSepMandatory="false" cargoImpReference="" defaultValue="" definition="9999999" definitionType="Length" delimiterType="string" delimiterValue="0x0a" dmlClassName="String" elementType="InhouseLeaf" label="" leafElementPhysicalType="string (len)" maxCard="1" minCard="0" name="Campos" order="2" xmlNamespace="-1" xmlNamespaceParentOrder="-1">
               <Facet allowDistortion="true" alternativeDelimiterValue="!EOF!" cargoImpPattern="" closeQuote="" cobolDependingOn="-1" cobolDependingOnParentOrder="-1" decimalChar="" decimalSeparator="false" encoding="iso8859" escapeChar="" exponentialChar="" keepInputNumberOfDateDigits="false" keepInputNumberOfFractionDigits="false" keepPresenceOfDecimalSeparator="true" keepPresenceOfPlusSign="false" maxInclusiveValue="false" maxValue="" minInclusiveValue="false" minValue="" nullable="true" openQuote="" paddingChar=" " paddingPos="1" pattern="" signMinusChar="" signMinusPos="0" signPlusChar="" signPlusPos="0" validCharset="">
                  <Enumerations/>
               </Facet>
            </LeafElement>
            <Facet alternativeDelimiterValue=""/>
         </ParentElement>
      </Elements>
      <CheckConstraints>
         <CheckConstraint name="ValidationCode55_Code56_Code57_Code63_Code64" order="0">
            <DmlExpression><![CDATA[%Sinacofi_C51.indice:=index(getAttribute( "B2BXGIReceive_ConsumptionFilename" ), "_");
%Sinacofi_C51.indice2:=index(getAttribute( "B2BXGIReceive_ConsumptionFilename"), "_", %Sinacofi_C51.indice + 1);
%Sinacofi_C51.indice3:= index(getAttribute( "B2BXGIReceive_ConsumptionFilename"), "_", %Sinacofi_C51.indice2 + 1);
%Sinacofi_C51.tipoDocumentoPrefijo:= getSubString(getAttribute( "B2BXGIReceive_ConsumptionFilename" ), 1, 3 );
%Sinacofi_C51.correlativoPrefijo:= getSubString(getAttribute( "B2BXGIReceive_ConsumptionFilename" ), 5, 8 );
%Sinacofi_C51.usuarioNAPrefijo:= getSubString(getAttribute( "B2BXGIReceive_ConsumptionFilename" ), %Sinacofi_C51.indice2 + 1, 255 );
%Sinacofi_C51.usuarioPrefijo:= getSubString(%Sinacofi_C51.usuarioNAPrefijo, 1, %Sinacofi_C51.indice3 - %Sinacofi_C51.indice2 - 1);
%Sinacofi_C51.ConcatenarCampos:= "";
%Sinacofi_C51.NombreArchivo:= getSubString(getAttribute( "B2BXGIReceive_ConsumptionFilename" ), %Sinacofi_C51.indice3 + 1, length(getAttribute( "B2BXGIReceive_ConsumptionFilename" )) - %Sinacofi_C51.indice3 - 4);
%Sinacofi_C51.TipoArchivo:= "Caratula";
%Sinacofi_C51.indiceLoop:=0;
loop on \Caratula
{
    %Sinacofi_C51.indiceLoop:= %Sinacofi_C51.indiceLoop +1;
    %Sinacofi_C51.ConcatenarCampos:= %Sinacofi_C51.ConcatenarCampos&"|"&trimString(getSubString(this\Campos, 1, 3))
};
%Sinacofi_C51.ConcatenarCampos:= getSubString(%Sinacofi_C51.ConcatenarCampos, 2, 9999999);
%Sinacofi_C51.msg2:= Sinacofi_C51.GetMSGbyTD(%Sinacofi_C51.tipoDocumentoPrefijo);
%Sinacofi_C51.resEstructuraValida:= Sinacofi_C51.ValidarEstructuraCAR(%Sinacofi_C51.msg2, %Sinacofi_C51.ConcatenarCampos);

if (%Sinacofi_C51.resEstructuraValida <> "1" )then {
    %Sinacofi_C51.var_error1:= Sinacofi_C51.InsertErrorTBL(
	%Sinacofi_C51.correlativoPrefijo,
	%Sinacofi_C51.resEstructuraValida, 
	%Sinacofi_C51.TipoArchivo, 
	formatString(getDateAndTime(), "CCYY'-'MM'-'DD hh':'mm':'ss")
	)
};
True


]]></DmlExpression>
            <DmlComment/>
         </CheckConstraint>
         <CheckConstraint name="ValidationContainer" order="1">
            <DmlExpression><![CDATA[if (%Sinacofi_C51.var_error1<>"") 
 then {
	false
		} 
else 
True]]></DmlExpression>
            <DmlComment/>
         </CheckConstraint>
      </CheckConstraints>
   </BusinessDocument>
</BusinessDocuments>
