<?xml version="1.0" encoding="UTF-8" standalone="no"?>
<Container xmlns:xsi="http://www.w3.org/2001/XMLSchema-instance" id="2954fb73-147a-4a5c-a4d1-716712db0e0f" name="Sinacofi_C51_C51_FT3" version="30" xsi:noNamespaceSchemaLocation="Container.xsd">
   <longDescription> </longDescription>
   <generatedBy/>
   <generationDate>2024-09-09T21:43:43.000Z</generationDate>
   <shortDescription/>
   <Contents>
      <Product name="Integrator" version="3.7.0"/>
      <Product name="MapDesigner" version="2.5.0"/>
   </Contents>
</Container>
