<?xml version="1.0" encoding="UTF-8" standalone="no"?>
<Container xmlns:xsi="http://www.w3.org/2001/XMLSchema-instance" id="03efa12d-3a11-46f7-9ad2-97a8062e39a2" name="Sinacofi_D56_F1_D56_FRONT" version="3" xsi:noNamespaceSchemaLocation="Container.xsd">
   <longDescription> </longDescription>
   <generatedBy/>
   <generationDate>2024-09-27T18:37:39.000Z</generationDate>
   <shortDescription/>
   <Contents>
      <Product name="Integrator" version="3.7.0"/>
      <Product name="MapDesigner" version="2.5.0"/>
   </Contents>
</Container>
