<?xml version="1.0" encoding="UTF-8" standalone="no"?>
<Container xmlns:xsi="http://www.w3.org/2001/XMLSchema-instance" id="2ca47a48-d8b5-4f66-a473-cd39ab306165" name="Sinacofi_E19_E19_FT3" version="16" xsi:noNamespaceSchemaLocation="Container.xsd">
   <longDescription/>
   <generatedBy/>
   <generationDate>2024-09-10T14:17:01.000Z</generationDate>
   <shortDescription/>
   <Contents>
      <Product name="Integrator" version="3.7.0"/>
      <Product name="MapDesigner" version="2.5.0"/>
   </Contents>
</Container>
