<?xml version="1.0" encoding="UTF-8" standalone="no"?>
<MapBrokers xmlns:xsi="http://www.w3.org/2001/XMLSchema-instance" xsi:noNamespaceSchemaLocation="MapBrokers_2.xsd">
   <MapBroker dmlCompatibility="2.1" id="05c7e882-12f2-4c19-9cf1-ebdb9bde1650" label="" lastModified="2024-08-22T20:26:05.000Z" name="MAPSERVICE_Sinacofi_D62_D62_FT3::MAPSERVICE.Sinacofi_D62.Main_Block_Evento_2" xmlVersion="1.0">
      <DmlMapBroker>
         <InputBusinessDocuments>
            <InputBusinessDocument>
               <BusinessDocument id="7422d2f4-35a3-4ffb-938f-240200fa7981">
                  <name>MAPSERVICE_Sinacofi_D62_D62_FT3::MAPSERVICE.Sinacofi_D62\Mensajeria.Resultado</name>
                  <lastModified>2024-08-28T16:31:40.000Z</lastModified>
               </BusinessDocument>
               <Alias>in1</Alias>
            </InputBusinessDocument>
         </InputBusinessDocuments>
         <DecisionPath>
            <StepIf>
               <DmlExpression><![CDATA[countString(%Sinacofi_D62.debug, "IO Error: The Network Adapter could not establish the connection") = 0]]></DmlExpression>
               <StepStep>
                  <DmlExpression><![CDATA[if( (%Sinacofi_D62.var_error1 <> "OK"))then{
		%Sinacofi_D62.var_error1:=Sinacofi_D62.InsertErrorTBL(
			%Sinacofi_D62.correlativoPrefijo,
			"000", 
			"Error Interno: "&getSubString(%Sinacofi_D62.debug, 1, 4000), 
			formatString(getDateAndTime(), "CCYY'-'MM'-'DD hh':'mm':'ss")
		)
};
%Sinacofi_D62.var_error1:= Sinacofi_D62.InsertMovTBL(%Sinacofi_D62.correlativoPrefijo, null, %Sinacofi_D62.var_registro1, null, "00", formatString(getDateAndTime(), "CCYY'-'MM'-'DD hh':'mm':'ss"))
]]></DmlExpression>
               </StepStep>
            </StepIf>
            <StepOutput>
               <OutputName>out</OutputName>
               <InputBusinessDocumentAlias>in1</InputBusinessDocumentAlias>
            </StepOutput>
            <StepStep>
               <DmlExpression><![CDATA[setDocumentAttributeToOutput( "out",  "B2BXGISend_ProductionFilename",  %Sinacofi_D62.correlativoPrefijo + "_" + %Sinacofi_D62.usuarioPrefijo&"_"&%Sinacofi_D62.NombreArchivo&".RES")]]></DmlExpression>
            </StepStep>
         </DecisionPath>
      </DmlMapBroker>
   </MapBroker>
</MapBrokers>
