{
  "born-on" : "2024-09-09T17:22:28-0300",
  "beans" : [ {
    "@class" : "MetadataDocumentService",
    "name" : "Service_I94_FT3",
    "deliveryMethod" : null,
    "enabled" : true,
    "exchangePointId" : null,
    "exchangePoint" : null,
    "componentId" : "776079",
    "component" : null,
    "outputs" : null,
    "documentServiceAttributes" : null,
    "documentServiceAttributesTemplate" : null,
    "@id" : "779533",
    "component-defs" : [ {
      "@class" : "ComponentBean",
      "resourceName" : "MAPSERVICE.Sinacofi_I94.I94_FT3",
      "resourceAbsFilePath" : "",
      "resourceType" : "3",
      "componentId" : "867005",
      "processingStepEnabled" : true,
      "processingStepName" : "Component_I94_FT3",
      "processingStepType" : "Map",
      "processingStepAddOutput" : false,
      "configurations" : "null/779533/configurations",
      "@id" : "776079",
      "configuration-defs" : [ {
        "name" : "Input",
        "type" : "13",
        "description" : "Input format XML",
        "arguments" : null,
        "@id" : "780677",
        "argument-defs" : [ {
          "name" : "Detector mode",
          "type" : "java.lang.Boolean",
          "notEqualTo" : null,
          "value" : null,
          "editable" : true,
          "@id" : "781624"
        }, {
          "name" : "Check facet on input",
          "type" : "java.lang.Boolean",
          "notEqualTo" : null,
          "value" : null,
          "editable" : true,
          "@id" : "781625"
        }, {
          "name" : "Check facet on output",
          "type" : "java.lang.Boolean",
          "notEqualTo" : null,
          "value" : null,
          "editable" : true,
          "@id" : "781626"
        }, {
          "name" : "Accept input documents with errors",
          "type" : "java.lang.Boolean",
          "notEqualTo" : null,
          "value" : null,
          "editable" : true,
          "@id" : "781627"
        }, {
          "name" : "Action when no output created by flow",
          "type" : "b2bx.server.EnumParameter",
          "notEqualTo" : null,
          "value" : "4",
          "editable" : false,
          "@id" : "781628"
        }, {
          "name" : "Debug",
          "type" : "java.lang.Boolean",
          "notEqualTo" : null,
          "value" : null,
          "editable" : true,
          "@id" : "781629"
        } ]
      }, {
        "name" : "Salida",
        "type" : "2",
        "description" : "Output parameters",
        "arguments" : null,
        "@id" : "780678",
        "argument-defs" : [ {
          "name" : "Output Format",
          "type" : "b2bx.server.EnumParameter",
          "notEqualTo" : null,
          "value" : "0",
          "editable" : false,
          "@id" : "781630"
        }, {
          "name" : "Accept output documents with errors",
          "type" : "java.lang.Boolean",
          "notEqualTo" : null,
          "value" : null,
          "editable" : true,
          "@id" : "781631"
        }, {
          "name" : "Action when no output created",
          "type" : "b2bx.server.EnumParameter",
          "notEqualTo" : null,
          "value" : "2",
          "editable" : false,
          "@id" : "781632"
        }, {
          "name" : "Version",
          "type" : "b2bx.server.EnumParameter",
          "notEqualTo" : null,
          "value" : "",
          "editable" : false,
          "@id" : "781633"
        } ]
      }, {
        "name" : "Backup",
        "type" : "2",
        "description" : "Output parameters",
        "arguments" : null,
        "@id" : "780679",
        "argument-defs" : [ {
          "name" : "Output Format",
          "type" : "b2bx.server.EnumParameter",
          "notEqualTo" : null,
          "value" : "0",
          "editable" : false,
          "@id" : "781634"
        }, {
          "name" : "Accept output documents with errors",
          "type" : "java.lang.Boolean",
          "notEqualTo" : null,
          "value" : null,
          "editable" : true,
          "@id" : "781635"
        }, {
          "name" : "Action when no output created",
          "type" : "b2bx.server.EnumParameter",
          "notEqualTo" : null,
          "value" : "2",
          "editable" : false,
          "@id" : "781636"
        }, {
          "name" : "Version",
          "type" : "b2bx.server.EnumParameter",
          "notEqualTo" : null,
          "value" : "",
          "editable" : false,
          "@id" : "781637"
        } ]
      }, {
        "name" : "AUX",
        "type" : "2",
        "description" : "Output parameters",
        "arguments" : null,
        "@id" : "780680",
        "argument-defs" : [ {
          "name" : "Output Format",
          "type" : "b2bx.server.EnumParameter",
          "notEqualTo" : null,
          "value" : "0",
          "editable" : false,
          "@id" : "781638"
        }, {
          "name" : "Accept output documents with errors",
          "type" : "java.lang.Boolean",
          "notEqualTo" : null,
          "value" : null,
          "editable" : true,
          "@id" : "781639"
        }, {
          "name" : "Action when no output created",
          "type" : "b2bx.server.EnumParameter",
          "notEqualTo" : null,
          "value" : "2",
          "editable" : false,
          "@id" : "781640"
        }, {
          "name" : "Version",
          "type" : "b2bx.server.EnumParameter",
          "notEqualTo" : null,
          "value" : "",
          "editable" : false,
          "@id" : "781641"
        } ]
      }, {
        "name" : "Buzon",
        "type" : "2",
        "description" : "Output parameters",
        "arguments" : null,
        "@id" : "780681",
        "argument-defs" : [ {
          "name" : "Output Format",
          "type" : "b2bx.server.EnumParameter",
          "notEqualTo" : null,
          "value" : "0",
          "editable" : false,
          "@id" : "781642"
        }, {
          "name" : "Accept output documents with errors",
          "type" : "java.lang.Boolean",
          "notEqualTo" : null,
          "value" : null,
          "editable" : true,
          "@id" : "781643"
        }, {
          "name" : "Action when no output created",
          "type" : "b2bx.server.EnumParameter",
          "notEqualTo" : null,
          "value" : "2",
          "editable" : false,
          "@id" : "781644"
        }, {
          "name" : "Version",
          "type" : "b2bx.server.EnumParameter",
          "notEqualTo" : null,
          "value" : "",
          "editable" : false,
          "@id" : "781645"
        } ]
      }, {
        "name" : "Channel",
        "type" : "9",
        "description" : "Connection parameters",
        "arguments" : null,
        "@id" : "780682",
        "argument-defs" : [ {
          "name" : "Connection",
          "type" : "b2bx.server.LocalObjectParameter",
          "notEqualTo" : null,
          "value" : "Oracle_MFT",
          "editable" : false,
          "@id" : "781646"
        } ]
      } ]
    } ],
    "output-defs" : [ {
      "name" : "Salida",
      "deliveryMethod" : "DELIVER_TO_APPLICATION",
      "exchangePointId" : "754506",
      "exchangePoint" : null,
      "outputType" : "",
      "components" : null,
      "@id" : "780125",
      "exchangePoint-defs" : [ {
        "@class" : "FileSystemProducer",
        "enabled" : true,
        "businessProtocol" : "Raw",
        "friendlyName" : "Salida",
        "backupMessages" : false,
        "maxConcurrentConnections" : 100,
        "inlineProcessors" : null,
        "inlinePostProcessors" : null,
        "schedule" : null,
        "retries" : 0,
        "useCustomRetryIntervals" : false,
        "customRetryIntervals" : null,
        "postProcessingScript" : null,
        "holdMessagesForPickup" : false,
        "directory" : "/opt/axway/b2bi/shared/common/data/in/Salida",
        "preserveFilenameMode" : "SEQUENCE",
        "preserveFilename" : true,
        "metadataHierarchy" : [ ],
        "userDefinedDeliveryFilename" : "",
        "userDefinedDuplicateFilename" : "",
        "url" : "/opt/axway/b2bi/shared/common/data/in/Salida",
        "@id" : "754506"
      } ]
    }, {
      "name" : "Backup",
      "deliveryMethod" : "DELIVER_TO_APPLICATION",
      "exchangePointId" : "754504",
      "exchangePoint" : null,
      "outputType" : "",
      "components" : null,
      "@id" : "780126",
      "exchangePoint-defs" : [ {
        "@class" : "FileSystemProducer",
        "enabled" : true,
        "businessProtocol" : "Raw",
        "friendlyName" : "Salida_Backup",
        "backupMessages" : false,
        "maxConcurrentConnections" : 100,
        "inlineProcessors" : null,
        "inlinePostProcessors" : null,
        "schedule" : null,
        "retries" : 0,
        "useCustomRetryIntervals" : false,
        "customRetryIntervals" : null,
        "postProcessingScript" : null,
        "holdMessagesForPickup" : false,
        "directory" : "/opt/axway/b2bi/shared/common/data/in/Backup",
        "preserveFilenameMode" : "SEQUENCE",
        "preserveFilename" : true,
        "metadataHierarchy" : [ ],
        "userDefinedDeliveryFilename" : "",
        "userDefinedDuplicateFilename" : "",
        "url" : "/opt/axway/b2bi/shared/common/data/in/Backup",
        "@id" : "754504"
      } ]
    }, {
      "name" : "AUX",
      "deliveryMethod" : "DELIVER_TO_APPLICATION",
      "exchangePointId" : "754502",
      "exchangePoint" : null,
      "outputType" : "",
      "components" : null,
      "@id" : "780127",
      "exchangePoint-defs" : [ {
        "@class" : "FileSystemProducer",
        "enabled" : true,
        "businessProtocol" : "Raw",
        "friendlyName" : "Aux",
        "backupMessages" : false,
        "maxConcurrentConnections" : 100,
        "inlineProcessors" : null,
        "inlinePostProcessors" : null,
        "schedule" : null,
        "retries" : 0,
        "useCustomRetryIntervals" : false,
        "customRetryIntervals" : null,
        "postProcessingScript" : null,
        "holdMessagesForPickup" : false,
        "directory" : "/opt/axway/b2bi/shared/common/data/in/aux",
        "preserveFilenameMode" : "SEQUENCE",
        "preserveFilename" : true,
        "metadataHierarchy" : [ ],
        "userDefinedDeliveryFilename" : "",
        "userDefinedDuplicateFilename" : "",
        "url" : "/opt/axway/b2bi/shared/common/data/in/aux",
        "@id" : "754502"
      } ]
    }, {
      "name" : "Buzon",
      "deliveryMethod" : "DELIVER_TO_APPLICATION",
      "exchangePointId" : "754503",
      "exchangePoint" : null,
      "outputType" : "",
      "components" : null,
      "@id" : "780128",
      "exchangePoint-defs" : [ {
        "@class" : "FileSystemProducer",
        "enabled" : true,
        "businessProtocol" : "Raw",
        "friendlyName" : "Salida_Buzon",
        "backupMessages" : false,
        "maxConcurrentConnections" : 100,
        "inlineProcessors" : null,
        "inlinePostProcessors" : null,
        "schedule" : null,
        "retries" : 0,
        "useCustomRetryIntervals" : false,
        "customRetryIntervals" : null,
        "postProcessingScript" : null,
        "holdMessagesForPickup" : false,
        "directory" : "/opt/axway/b2bi/shared/common/data/in/Buzon",
        "preserveFilenameMode" : "SEQUENCE",
        "preserveFilename" : true,
        "metadataHierarchy" : [ ],
        "userDefinedDeliveryFilename" : "",
        "userDefinedDuplicateFilename" : "",
        "url" : "/opt/axway/b2bi/shared/common/data/in/Buzon",
        "@id" : "754503"
      } ]
    } ],
    "attribute-defs" : [ ],
    "template-defs" : [ ]
  }, {
    "@class" : "MetadataDocumentService",
    "name" : "Service_I99_FT3",
    "deliveryMethod" : null,
    "enabled" : true,
    "exchangePointId" : null,
    "exchangePoint" : null,
    "componentId" : "776063",
    "component" : null,
    "outputs" : null,
    "documentServiceAttributes" : null,
    "documentServiceAttributesTemplate" : null,
    "@id" : "779534",
    "component-defs" : [ {
      "@class" : "ComponentBean",
      "resourceName" : "MAPSERVICE.Sinacofi_I99.I99_FT3",
      "resourceAbsFilePath" : "",
      "resourceType" : "3",
      "componentId" : "867004",
      "processingStepEnabled" : true,
      "processingStepName" : "Component_I99_FT3",
      "processingStepType" : "Map",
      "processingStepAddOutput" : false,
      "configurations" : "null/779534/configurations",
      "@id" : "776063",
      "configuration-defs" : [ {
        "name" : "Input",
        "type" : "13",
        "description" : "Input format XML",
        "arguments" : null,
        "@id" : "780683",
        "argument-defs" : [ {
          "name" : "Detector mode",
          "type" : "java.lang.Boolean",
          "notEqualTo" : null,
          "value" : null,
          "editable" : true,
          "@id" : "781647"
        }, {
          "name" : "Check facet on input",
          "type" : "java.lang.Boolean",
          "notEqualTo" : null,
          "value" : null,
          "editable" : true,
          "@id" : "781648"
        }, {
          "name" : "Check facet on output",
          "type" : "java.lang.Boolean",
          "notEqualTo" : null,
          "value" : null,
          "editable" : true,
          "@id" : "781649"
        }, {
          "name" : "Accept input documents with errors",
          "type" : "java.lang.Boolean",
          "notEqualTo" : null,
          "value" : null,
          "editable" : true,
          "@id" : "781650"
        }, {
          "name" : "Action when no output created by flow",
          "type" : "b2bx.server.EnumParameter",
          "notEqualTo" : null,
          "value" : "4",
          "editable" : false,
          "@id" : "781651"
        }, {
          "name" : "Debug",
          "type" : "java.lang.Boolean",
          "notEqualTo" : null,
          "value" : null,
          "editable" : true,
          "@id" : "781652"
        } ]
      }, {
        "name" : "Backup",
        "type" : "2",
        "description" : "Output parameters",
        "arguments" : null,
        "@id" : "780684",
        "argument-defs" : [ {
          "name" : "Output Format",
          "type" : "b2bx.server.EnumParameter",
          "notEqualTo" : null,
          "value" : "0",
          "editable" : false,
          "@id" : "781653"
        }, {
          "name" : "Accept output documents with errors",
          "type" : "java.lang.Boolean",
          "notEqualTo" : null,
          "value" : null,
          "editable" : true,
          "@id" : "781654"
        }, {
          "name" : "Action when no output created",
          "type" : "b2bx.server.EnumParameter",
          "notEqualTo" : null,
          "value" : "2",
          "editable" : false,
          "@id" : "781655"
        }, {
          "name" : "Version",
          "type" : "b2bx.server.EnumParameter",
          "notEqualTo" : null,
          "value" : "",
          "editable" : false,
          "@id" : "781656"
        } ]
      }, {
        "name" : "Buzon",
        "type" : "2",
        "description" : "Output parameters",
        "arguments" : null,
        "@id" : "780685",
        "argument-defs" : [ {
          "name" : "Output Format",
          "type" : "b2bx.server.EnumParameter",
          "notEqualTo" : null,
          "value" : "0",
          "editable" : false,
          "@id" : "781657"
        }, {
          "name" : "Accept output documents with errors",
          "type" : "java.lang.Boolean",
          "notEqualTo" : null,
          "value" : null,
          "editable" : true,
          "@id" : "781658"
        }, {
          "name" : "Action when no output created",
          "type" : "b2bx.server.EnumParameter",
          "notEqualTo" : null,
          "value" : "2",
          "editable" : false,
          "@id" : "781659"
        }, {
          "name" : "Version",
          "type" : "b2bx.server.EnumParameter",
          "notEqualTo" : null,
          "value" : "",
          "editable" : false,
          "@id" : "781660"
        } ]
      }, {
        "name" : "AUX",
        "type" : "2",
        "description" : "Output parameters",
        "arguments" : null,
        "@id" : "780686",
        "argument-defs" : [ {
          "name" : "Output Format",
          "type" : "b2bx.server.EnumParameter",
          "notEqualTo" : null,
          "value" : "0",
          "editable" : false,
          "@id" : "781661"
        }, {
          "name" : "Accept output documents with errors",
          "type" : "java.lang.Boolean",
          "notEqualTo" : null,
          "value" : null,
          "editable" : true,
          "@id" : "781662"
        }, {
          "name" : "Action when no output created",
          "type" : "b2bx.server.EnumParameter",
          "notEqualTo" : null,
          "value" : "2",
          "editable" : false,
          "@id" : "781663"
        }, {
          "name" : "Version",
          "type" : "b2bx.server.EnumParameter",
          "notEqualTo" : null,
          "value" : "",
          "editable" : false,
          "@id" : "781664"
        } ]
      }, {
        "name" : "Salida",
        "type" : "2",
        "description" : "Output parameters",
        "arguments" : null,
        "@id" : "780687",
        "argument-defs" : [ {
          "name" : "Output Format",
          "type" : "b2bx.server.EnumParameter",
          "notEqualTo" : null,
          "value" : "0",
          "editable" : false,
          "@id" : "781665"
        }, {
          "name" : "Accept output documents with errors",
          "type" : "java.lang.Boolean",
          "notEqualTo" : null,
          "value" : null,
          "editable" : true,
          "@id" : "781666"
        }, {
          "name" : "Action when no output created",
          "type" : "b2bx.server.EnumParameter",
          "notEqualTo" : null,
          "value" : "2",
          "editable" : false,
          "@id" : "781667"
        }, {
          "name" : "Version",
          "type" : "b2bx.server.EnumParameter",
          "notEqualTo" : null,
          "value" : "",
          "editable" : false,
          "@id" : "781668"
        } ]
      }, {
        "name" : "Channel",
        "type" : "9",
        "description" : "Connection parameters",
        "arguments" : null,
        "@id" : "780688",
        "argument-defs" : [ {
          "name" : "Connection",
          "type" : "b2bx.server.LocalObjectParameter",
          "notEqualTo" : null,
          "value" : "Oracle_MFT",
          "editable" : false,
          "@id" : "781669"
        } ]
      } ]
    } ],
    "output-defs" : [ {
      "name" : "Backup",
      "deliveryMethod" : "DELIVER_TO_APPLICATION",
      "exchangePointId" : "754504",
      "exchangePoint" : null,
      "outputType" : "",
      "components" : null,
      "@id" : "780129",
      "exchangePoint-defs" : [ {
        "@class" : "FileSystemProducer",
        "enabled" : true,
        "businessProtocol" : "Raw",
        "friendlyName" : "Salida_Backup",
        "backupMessages" : false,
        "maxConcurrentConnections" : 100,
        "inlineProcessors" : null,
        "inlinePostProcessors" : null,
        "schedule" : null,
        "retries" : 0,
        "useCustomRetryIntervals" : false,
        "customRetryIntervals" : null,
        "postProcessingScript" : null,
        "holdMessagesForPickup" : false,
        "directory" : "/opt/axway/b2bi/shared/common/data/in/Backup",
        "preserveFilenameMode" : "SEQUENCE",
        "preserveFilename" : true,
        "metadataHierarchy" : [ ],
        "userDefinedDeliveryFilename" : "",
        "userDefinedDuplicateFilename" : "",
        "url" : "/opt/axway/b2bi/shared/common/data/in/Backup",
        "@id" : "754504"
      } ]
    }, {
      "name" : "Buzon",
      "deliveryMethod" : "DELIVER_TO_APPLICATION",
      "exchangePointId" : "754503",
      "exchangePoint" : null,
      "outputType" : "",
      "components" : null,
      "@id" : "780130",
      "exchangePoint-defs" : [ {
        "@class" : "FileSystemProducer",
        "enabled" : true,
        "businessProtocol" : "Raw",
        "friendlyName" : "Salida_Buzon",
        "backupMessages" : false,
        "maxConcurrentConnections" : 100,
        "inlineProcessors" : null,
        "inlinePostProcessors" : null,
        "schedule" : null,
        "retries" : 0,
        "useCustomRetryIntervals" : false,
        "customRetryIntervals" : null,
        "postProcessingScript" : null,
        "holdMessagesForPickup" : false,
        "directory" : "/opt/axway/b2bi/shared/common/data/in/Buzon",
        "preserveFilenameMode" : "SEQUENCE",
        "preserveFilename" : true,
        "metadataHierarchy" : [ ],
        "userDefinedDeliveryFilename" : "",
        "userDefinedDuplicateFilename" : "",
        "url" : "/opt/axway/b2bi/shared/common/data/in/Buzon",
        "@id" : "754503"
      } ]
    }, {
      "name" : "AUX",
      "deliveryMethod" : "DELIVER_TO_APPLICATION",
      "exchangePointId" : "754502",
      "exchangePoint" : null,
      "outputType" : "",
      "components" : null,
      "@id" : "780131",
      "exchangePoint-defs" : [ {
        "@class" : "FileSystemProducer",
        "enabled" : true,
        "businessProtocol" : "Raw",
        "friendlyName" : "Aux",
        "backupMessages" : false,
        "maxConcurrentConnections" : 100,
        "inlineProcessors" : null,
        "inlinePostProcessors" : null,
        "schedule" : null,
        "retries" : 0,
        "useCustomRetryIntervals" : false,
        "customRetryIntervals" : null,
        "postProcessingScript" : null,
        "holdMessagesForPickup" : false,
        "directory" : "/opt/axway/b2bi/shared/common/data/in/aux",
        "preserveFilenameMode" : "SEQUENCE",
        "preserveFilename" : true,
        "metadataHierarchy" : [ ],
        "userDefinedDeliveryFilename" : "",
        "userDefinedDuplicateFilename" : "",
        "url" : "/opt/axway/b2bi/shared/common/data/in/aux",
        "@id" : "754502"
      } ]
    }, {
      "name" : "Salida",
      "deliveryMethod" : "DELIVER_TO_APPLICATION",
      "exchangePointId" : "754506",
      "exchangePoint" : null,
      "outputType" : "",
      "components" : null,
      "@id" : "780132",
      "exchangePoint-defs" : [ {
        "@class" : "FileSystemProducer",
        "enabled" : true,
        "businessProtocol" : "Raw",
        "friendlyName" : "Salida",
        "backupMessages" : false,
        "maxConcurrentConnections" : 100,
        "inlineProcessors" : null,
        "inlinePostProcessors" : null,
        "schedule" : null,
        "retries" : 0,
        "useCustomRetryIntervals" : false,
        "customRetryIntervals" : null,
        "postProcessingScript" : null,
        "holdMessagesForPickup" : false,
        "directory" : "/opt/axway/b2bi/shared/common/data/in/Salida",
        "preserveFilenameMode" : "SEQUENCE",
        "preserveFilename" : true,
        "metadataHierarchy" : [ ],
        "userDefinedDeliveryFilename" : "",
        "userDefinedDuplicateFilename" : "",
        "url" : "/opt/axway/b2bi/shared/common/data/in/Salida",
        "@id" : "754506"
      } ]
    } ],
    "attribute-defs" : [ ]
  }, {
    "@class" : "MetadataDocumentService",
    "name" : "Service_MB4_FT3",
    "deliveryMethod" : null,
    "enabled" : true,
    "exchangePointId" : null,
    "exchangePoint" : null,
    "componentId" : "776059",
    "component" : null,
    "outputs" : null,
    "documentServiceAttributes" : null,
    "documentServiceAttributesTemplate" : null,
    "@id" : "779536",
    "component-defs" : [ {
      "@class" : "ComponentBean",
      "resourceName" : "MAPSERVICE.Sinacofi_MB4.MB4_FT3",
      "resourceAbsFilePath" : "",
      "resourceType" : "3",
      "componentId" : "776559",
      "processingStepEnabled" : true,
      "processingStepName" : "Component_MB4_FT3",
      "processingStepType" : "Map",
      "processingStepAddOutput" : false,
      "configurations" : "null/779536/configurations",
      "@id" : "776059",
      "configuration-defs" : [ {
        "name" : "Input",
        "type" : "13",
        "description" : "Input format XML",
        "arguments" : null,
        "@id" : "780692",
        "argument-defs" : [ {
          "name" : "Detector mode",
          "type" : "java.lang.Boolean",
          "notEqualTo" : null,
          "value" : null,
          "editable" : true,
          "@id" : "781686"
        }, {
          "name" : "Check facet on input",
          "type" : "java.lang.Boolean",
          "notEqualTo" : null,
          "value" : null,
          "editable" : true,
          "@id" : "781687"
        }, {
          "name" : "Check facet on output",
          "type" : "java.lang.Boolean",
          "notEqualTo" : null,
          "value" : null,
          "editable" : true,
          "@id" : "781688"
        }, {
          "name" : "Accept input documents with errors",
          "type" : "java.lang.Boolean",
          "notEqualTo" : null,
          "value" : null,
          "editable" : true,
          "@id" : "781689"
        }, {
          "name" : "Action when no output created by flow",
          "type" : "b2bx.server.EnumParameter",
          "notEqualTo" : null,
          "value" : "4",
          "editable" : false,
          "@id" : "781690"
        }, {
          "name" : "Debug",
          "type" : "java.lang.Boolean",
          "notEqualTo" : null,
          "value" : null,
          "editable" : true,
          "@id" : "781691"
        } ]
      }, {
        "name" : "Buzon",
        "type" : "2",
        "description" : "Output parameters",
        "arguments" : null,
        "@id" : "780693",
        "argument-defs" : [ {
          "name" : "Output Format",
          "type" : "b2bx.server.EnumParameter",
          "notEqualTo" : null,
          "value" : "0",
          "editable" : false,
          "@id" : "781692"
        }, {
          "name" : "Accept output documents with errors",
          "type" : "java.lang.Boolean",
          "notEqualTo" : null,
          "value" : null,
          "editable" : true,
          "@id" : "781693"
        }, {
          "name" : "Action when no output created",
          "type" : "b2bx.server.EnumParameter",
          "notEqualTo" : null,
          "value" : "2",
          "editable" : false,
          "@id" : "781694"
        }, {
          "name" : "Version",
          "type" : "b2bx.server.EnumParameter",
          "notEqualTo" : null,
          "value" : "",
          "editable" : false,
          "@id" : "781695"
        } ]
      }, {
        "name" : "AUX",
        "type" : "2",
        "description" : "Output parameters",
        "arguments" : null,
        "@id" : "780694",
        "argument-defs" : [ {
          "name" : "Output Format",
          "type" : "b2bx.server.EnumParameter",
          "notEqualTo" : null,
          "value" : "0",
          "editable" : false,
          "@id" : "781696"
        }, {
          "name" : "Accept output documents with errors",
          "type" : "java.lang.Boolean",
          "notEqualTo" : null,
          "value" : null,
          "editable" : true,
          "@id" : "781697"
        }, {
          "name" : "Action when no output created",
          "type" : "b2bx.server.EnumParameter",
          "notEqualTo" : null,
          "value" : "2",
          "editable" : false,
          "@id" : "781698"
        }, {
          "name" : "Version",
          "type" : "b2bx.server.EnumParameter",
          "notEqualTo" : null,
          "value" : "",
          "editable" : false,
          "@id" : "781699"
        } ]
      }, {
        "name" : "Salida",
        "type" : "2",
        "description" : "Output parameters",
        "arguments" : null,
        "@id" : "780695",
        "argument-defs" : [ {
          "name" : "Output Format",
          "type" : "b2bx.server.EnumParameter",
          "notEqualTo" : null,
          "value" : "0",
          "editable" : false,
          "@id" : "781700"
        }, {
          "name" : "Accept output documents with errors",
          "type" : "java.lang.Boolean",
          "notEqualTo" : null,
          "value" : null,
          "editable" : true,
          "@id" : "781701"
        }, {
          "name" : "Action when no output created",
          "type" : "b2bx.server.EnumParameter",
          "notEqualTo" : null,
          "value" : "2",
          "editable" : false,
          "@id" : "781702"
        }, {
          "name" : "Version",
          "type" : "b2bx.server.EnumParameter",
          "notEqualTo" : null,
          "value" : "",
          "editable" : false,
          "@id" : "781703"
        } ]
      }, {
        "name" : "Backup",
        "type" : "2",
        "description" : "Output parameters",
        "arguments" : null,
        "@id" : "780696",
        "argument-defs" : [ {
          "name" : "Output Format",
          "type" : "b2bx.server.EnumParameter",
          "notEqualTo" : null,
          "value" : "0",
          "editable" : false,
          "@id" : "781704"
        }, {
          "name" : "Accept output documents with errors",
          "type" : "java.lang.Boolean",
          "notEqualTo" : null,
          "value" : null,
          "editable" : true,
          "@id" : "781705"
        }, {
          "name" : "Action when no output created",
          "type" : "b2bx.server.EnumParameter",
          "notEqualTo" : null,
          "value" : "2",
          "editable" : false,
          "@id" : "781706"
        }, {
          "name" : "Version",
          "type" : "b2bx.server.EnumParameter",
          "notEqualTo" : null,
          "value" : "",
          "editable" : false,
          "@id" : "781707"
        } ]
      }, {
        "name" : "Channel",
        "type" : "9",
        "description" : "Connection parameters",
        "arguments" : null,
        "@id" : "780697",
        "argument-defs" : [ {
          "name" : "Connection",
          "type" : "b2bx.server.LocalObjectParameter",
          "notEqualTo" : null,
          "value" : "Oracle_MFT",
          "editable" : false,
          "@id" : "781708"
        } ]
      } ]
    } ],
    "output-defs" : [ {
      "name" : "Buzon",
      "deliveryMethod" : "DELIVER_TO_APPLICATION",
      "exchangePointId" : "754503",
      "exchangePoint" : null,
      "outputType" : "",
      "components" : null,
      "@id" : "780134",
      "exchangePoint-defs" : [ {
        "@class" : "FileSystemProducer",
        "enabled" : true,
        "businessProtocol" : "Raw",
        "friendlyName" : "Salida_Buzon",
        "backupMessages" : false,
        "maxConcurrentConnections" : 100,
        "inlineProcessors" : null,
        "inlinePostProcessors" : null,
        "schedule" : null,
        "retries" : 0,
        "useCustomRetryIntervals" : false,
        "customRetryIntervals" : null,
        "postProcessingScript" : null,
        "holdMessagesForPickup" : false,
        "directory" : "/opt/axway/b2bi/shared/common/data/in/Buzon",
        "preserveFilenameMode" : "SEQUENCE",
        "preserveFilename" : true,
        "metadataHierarchy" : [ ],
        "userDefinedDeliveryFilename" : "",
        "userDefinedDuplicateFilename" : "",
        "url" : "/opt/axway/b2bi/shared/common/data/in/Buzon",
        "@id" : "754503"
      } ]
    }, {
      "name" : "AUX",
      "deliveryMethod" : "DELIVER_TO_APPLICATION",
      "exchangePointId" : "754502",
      "exchangePoint" : null,
      "outputType" : "",
      "components" : null,
      "@id" : "780135",
      "exchangePoint-defs" : [ {
        "@class" : "FileSystemProducer",
        "enabled" : true,
        "businessProtocol" : "Raw",
        "friendlyName" : "Aux",
        "backupMessages" : false,
        "maxConcurrentConnections" : 100,
        "inlineProcessors" : null,
        "inlinePostProcessors" : null,
        "schedule" : null,
        "retries" : 0,
        "useCustomRetryIntervals" : false,
        "customRetryIntervals" : null,
        "postProcessingScript" : null,
        "holdMessagesForPickup" : false,
        "directory" : "/opt/axway/b2bi/shared/common/data/in/aux",
        "preserveFilenameMode" : "SEQUENCE",
        "preserveFilename" : true,
        "metadataHierarchy" : [ ],
        "userDefinedDeliveryFilename" : "",
        "userDefinedDuplicateFilename" : "",
        "url" : "/opt/axway/b2bi/shared/common/data/in/aux",
        "@id" : "754502"
      } ]
    }, {
      "name" : "Salida",
      "deliveryMethod" : "DELIVER_TO_APPLICATION",
      "exchangePointId" : "754506",
      "exchangePoint" : null,
      "outputType" : "",
      "components" : null,
      "@id" : "780136",
      "exchangePoint-defs" : [ {
        "@class" : "FileSystemProducer",
        "enabled" : true,
        "businessProtocol" : "Raw",
        "friendlyName" : "Salida",
        "backupMessages" : false,
        "maxConcurrentConnections" : 100,
        "inlineProcessors" : null,
        "inlinePostProcessors" : null,
        "schedule" : null,
        "retries" : 0,
        "useCustomRetryIntervals" : false,
        "customRetryIntervals" : null,
        "postProcessingScript" : null,
        "holdMessagesForPickup" : false,
        "directory" : "/opt/axway/b2bi/shared/common/data/in/Salida",
        "preserveFilenameMode" : "SEQUENCE",
        "preserveFilename" : true,
        "metadataHierarchy" : [ ],
        "userDefinedDeliveryFilename" : "",
        "userDefinedDuplicateFilename" : "",
        "url" : "/opt/axway/b2bi/shared/common/data/in/Salida",
        "@id" : "754506"
      } ]
    }, {
      "name" : "Backup",
      "deliveryMethod" : "DELIVER_TO_APPLICATION",
      "exchangePointId" : "754504",
      "exchangePoint" : null,
      "outputType" : "",
      "components" : null,
      "@id" : "780137",
      "exchangePoint-defs" : [ {
        "@class" : "FileSystemProducer",
        "enabled" : true,
        "businessProtocol" : "Raw",
        "friendlyName" : "Salida_Backup",
        "backupMessages" : false,
        "maxConcurrentConnections" : 100,
        "inlineProcessors" : null,
        "inlinePostProcessors" : null,
        "schedule" : null,
        "retries" : 0,
        "useCustomRetryIntervals" : false,
        "customRetryIntervals" : null,
        "postProcessingScript" : null,
        "holdMessagesForPickup" : false,
        "directory" : "/opt/axway/b2bi/shared/common/data/in/Backup",
        "preserveFilenameMode" : "SEQUENCE",
        "preserveFilename" : true,
        "metadataHierarchy" : [ ],
        "userDefinedDeliveryFilename" : "",
        "userDefinedDuplicateFilename" : "",
        "url" : "/opt/axway/b2bi/shared/common/data/in/Backup",
        "@id" : "754504"
      } ]
    } ],
    "attribute-defs" : [ ]
  }, {
    "@class" : "MetadataDocumentService",
    "name" : "Service_MC4_FT3",
    "deliveryMethod" : null,
    "enabled" : true,
    "exchangePointId" : null,
    "exchangePoint" : null,
    "componentId" : "776064",
    "component" : null,
    "outputs" : null,
    "documentServiceAttributes" : null,
    "documentServiceAttributesTemplate" : null,
    "@id" : "779537",
    "component-defs" : [ {
      "@class" : "ComponentBean",
      "resourceName" : "MAPSERVICE.Sinacofi_MC4.MC4_FT3",
      "resourceAbsFilePath" : "",
      "resourceType" : "3",
      "componentId" : "776564",
      "processingStepEnabled" : true,
      "processingStepName" : "Component_MC4_FT3",
      "processingStepType" : "Map",
      "processingStepAddOutput" : false,
      "configurations" : "null/779537/configurations",
      "@id" : "776064",
      "configuration-defs" : [ {
        "name" : "Input",
        "type" : "13",
        "description" : "Input format XML",
        "arguments" : null,
        "@id" : "780698",
        "argument-defs" : [ {
          "name" : "Detector mode",
          "type" : "java.lang.Boolean",
          "notEqualTo" : null,
          "value" : null,
          "editable" : true,
          "@id" : "781709"
        }, {
          "name" : "Check facet on input",
          "type" : "java.lang.Boolean",
          "notEqualTo" : null,
          "value" : null,
          "editable" : true,
          "@id" : "781710"
        }, {
          "name" : "Check facet on output",
          "type" : "java.lang.Boolean",
          "notEqualTo" : null,
          "value" : null,
          "editable" : true,
          "@id" : "781711"
        }, {
          "name" : "Accept input documents with errors",
          "type" : "java.lang.Boolean",
          "notEqualTo" : null,
          "value" : null,
          "editable" : true,
          "@id" : "781712"
        }, {
          "name" : "Action when no output created by flow",
          "type" : "b2bx.server.EnumParameter",
          "notEqualTo" : null,
          "value" : "4",
          "editable" : false,
          "@id" : "781713"
        }, {
          "name" : "Debug",
          "type" : "java.lang.Boolean",
          "notEqualTo" : null,
          "value" : null,
          "editable" : true,
          "@id" : "781714"
        } ]
      }, {
        "name" : "Backup",
        "type" : "2",
        "description" : "Output parameters",
        "arguments" : null,
        "@id" : "780699",
        "argument-defs" : [ {
          "name" : "Output Format",
          "type" : "b2bx.server.EnumParameter",
          "notEqualTo" : null,
          "value" : "0",
          "editable" : false,
          "@id" : "781715"
        }, {
          "name" : "Accept output documents with errors",
          "type" : "java.lang.Boolean",
          "notEqualTo" : null,
          "value" : null,
          "editable" : true,
          "@id" : "781716"
        }, {
          "name" : "Action when no output created",
          "type" : "b2bx.server.EnumParameter",
          "notEqualTo" : null,
          "value" : "2",
          "editable" : false,
          "@id" : "781717"
        }, {
          "name" : "Version",
          "type" : "b2bx.server.EnumParameter",
          "notEqualTo" : null,
          "value" : "",
          "editable" : false,
          "@id" : "781718"
        } ]
      }, {
        "name" : "Salida",
        "type" : "2",
        "description" : "Output parameters",
        "arguments" : null,
        "@id" : "780700",
        "argument-defs" : [ {
          "name" : "Output Format",
          "type" : "b2bx.server.EnumParameter",
          "notEqualTo" : null,
          "value" : "0",
          "editable" : false,
          "@id" : "781719"
        }, {
          "name" : "Accept output documents with errors",
          "type" : "java.lang.Boolean",
          "notEqualTo" : null,
          "value" : null,
          "editable" : true,
          "@id" : "781720"
        }, {
          "name" : "Action when no output created",
          "type" : "b2bx.server.EnumParameter",
          "notEqualTo" : null,
          "value" : "2",
          "editable" : false,
          "@id" : "781721"
        }, {
          "name" : "Version",
          "type" : "b2bx.server.EnumParameter",
          "notEqualTo" : null,
          "value" : "",
          "editable" : false,
          "@id" : "781722"
        } ]
      }, {
        "name" : "Buzon",
        "type" : "2",
        "description" : "Output parameters",
        "arguments" : null,
        "@id" : "780701",
        "argument-defs" : [ {
          "name" : "Output Format",
          "type" : "b2bx.server.EnumParameter",
          "notEqualTo" : null,
          "value" : "0",
          "editable" : false,
          "@id" : "781723"
        }, {
          "name" : "Accept output documents with errors",
          "type" : "java.lang.Boolean",
          "notEqualTo" : null,
          "value" : null,
          "editable" : true,
          "@id" : "781724"
        }, {
          "name" : "Action when no output created",
          "type" : "b2bx.server.EnumParameter",
          "notEqualTo" : null,
          "value" : "2",
          "editable" : false,
          "@id" : "781725"
        }, {
          "name" : "Version",
          "type" : "b2bx.server.EnumParameter",
          "notEqualTo" : null,
          "value" : "",
          "editable" : false,
          "@id" : "781726"
        } ]
      }, {
        "name" : "AUX",
        "type" : "2",
        "description" : "Output parameters",
        "arguments" : null,
        "@id" : "780702",
        "argument-defs" : [ {
          "name" : "Output Format",
          "type" : "b2bx.server.EnumParameter",
          "notEqualTo" : null,
          "value" : "0",
          "editable" : false,
          "@id" : "781727"
        }, {
          "name" : "Accept output documents with errors",
          "type" : "java.lang.Boolean",
          "notEqualTo" : null,
          "value" : null,
          "editable" : true,
          "@id" : "781728"
        }, {
          "name" : "Action when no output created",
          "type" : "b2bx.server.EnumParameter",
          "notEqualTo" : null,
          "value" : "2",
          "editable" : false,
          "@id" : "781729"
        }, {
          "name" : "Version",
          "type" : "b2bx.server.EnumParameter",
          "notEqualTo" : null,
          "value" : "",
          "editable" : false,
          "@id" : "781730"
        } ]
      }, {
        "name" : "Channel",
        "type" : "9",
        "description" : "Connection parameters",
        "arguments" : null,
        "@id" : "780703",
        "argument-defs" : [ {
          "name" : "Connection",
          "type" : "b2bx.server.LocalObjectParameter",
          "notEqualTo" : null,
          "value" : "Oracle_MFT",
          "editable" : false,
          "@id" : "781731"
        } ]
      } ]
    } ],
    "output-defs" : [ {
      "name" : "Backup",
      "deliveryMethod" : "DELIVER_TO_APPLICATION",
      "exchangePointId" : "754504",
      "exchangePoint" : null,
      "outputType" : "",
      "components" : null,
      "@id" : "780138",
      "exchangePoint-defs" : [ {
        "@class" : "FileSystemProducer",
        "enabled" : true,
        "businessProtocol" : "Raw",
        "friendlyName" : "Salida_Backup",
        "backupMessages" : false,
        "maxConcurrentConnections" : 100,
        "inlineProcessors" : null,
        "inlinePostProcessors" : null,
        "schedule" : null,
        "retries" : 0,
        "useCustomRetryIntervals" : false,
        "customRetryIntervals" : null,
        "postProcessingScript" : null,
        "holdMessagesForPickup" : false,
        "directory" : "/opt/axway/b2bi/shared/common/data/in/Backup",
        "preserveFilenameMode" : "SEQUENCE",
        "preserveFilename" : true,
        "metadataHierarchy" : [ ],
        "userDefinedDeliveryFilename" : "",
        "userDefinedDuplicateFilename" : "",
        "url" : "/opt/axway/b2bi/shared/common/data/in/Backup",
        "@id" : "754504"
      } ]
    }, {
      "name" : "Salida",
      "deliveryMethod" : "DELIVER_TO_APPLICATION",
      "exchangePointId" : "754506",
      "exchangePoint" : null,
      "outputType" : "",
      "components" : null,
      "@id" : "780139",
      "exchangePoint-defs" : [ {
        "@class" : "FileSystemProducer",
        "enabled" : true,
        "businessProtocol" : "Raw",
        "friendlyName" : "Salida",
        "backupMessages" : false,
        "maxConcurrentConnections" : 100,
        "inlineProcessors" : null,
        "inlinePostProcessors" : null,
        "schedule" : null,
        "retries" : 0,
        "useCustomRetryIntervals" : false,
        "customRetryIntervals" : null,
        "postProcessingScript" : null,
        "holdMessagesForPickup" : false,
        "directory" : "/opt/axway/b2bi/shared/common/data/in/Salida",
        "preserveFilenameMode" : "SEQUENCE",
        "preserveFilename" : true,
        "metadataHierarchy" : [ ],
        "userDefinedDeliveryFilename" : "",
        "userDefinedDuplicateFilename" : "",
        "url" : "/opt/axway/b2bi/shared/common/data/in/Salida",
        "@id" : "754506"
      } ]
    }, {
      "name" : "Buzon",
      "deliveryMethod" : "DELIVER_TO_APPLICATION",
      "exchangePointId" : "754503",
      "exchangePoint" : null,
      "outputType" : "",
      "components" : null,
      "@id" : "780140",
      "exchangePoint-defs" : [ {
        "@class" : "FileSystemProducer",
        "enabled" : true,
        "businessProtocol" : "Raw",
        "friendlyName" : "Salida_Buzon",
        "backupMessages" : false,
        "maxConcurrentConnections" : 100,
        "inlineProcessors" : null,
        "inlinePostProcessors" : null,
        "schedule" : null,
        "retries" : 0,
        "useCustomRetryIntervals" : false,
        "customRetryIntervals" : null,
        "postProcessingScript" : null,
        "holdMessagesForPickup" : false,
        "directory" : "/opt/axway/b2bi/shared/common/data/in/Buzon",
        "preserveFilenameMode" : "SEQUENCE",
        "preserveFilename" : true,
        "metadataHierarchy" : [ ],
        "userDefinedDeliveryFilename" : "",
        "userDefinedDuplicateFilename" : "",
        "url" : "/opt/axway/b2bi/shared/common/data/in/Buzon",
        "@id" : "754503"
      } ]
    }, {
      "name" : "AUX",
      "deliveryMethod" : "DELIVER_TO_APPLICATION",
      "exchangePointId" : "754502",
      "exchangePoint" : null,
      "outputType" : "",
      "components" : null,
      "@id" : "780141",
      "exchangePoint-defs" : [ {
        "@class" : "FileSystemProducer",
        "enabled" : true,
        "businessProtocol" : "Raw",
        "friendlyName" : "Aux",
        "backupMessages" : false,
        "maxConcurrentConnections" : 100,
        "inlineProcessors" : null,
        "inlinePostProcessors" : null,
        "schedule" : null,
        "retries" : 0,
        "useCustomRetryIntervals" : false,
        "customRetryIntervals" : null,
        "postProcessingScript" : null,
        "holdMessagesForPickup" : false,
        "directory" : "/opt/axway/b2bi/shared/common/data/in/aux",
        "preserveFilenameMode" : "SEQUENCE",
        "preserveFilename" : true,
        "metadataHierarchy" : [ ],
        "userDefinedDeliveryFilename" : "",
        "userDefinedDuplicateFilename" : "",
        "url" : "/opt/axway/b2bi/shared/common/data/in/aux",
        "@id" : "754502"
      } ]
    } ],
    "attribute-defs" : [ ]
  }, {
    "@class" : "MetadataDocumentService",
    "name" : "Service_MR4_FT3",
    "deliveryMethod" : null,
    "enabled" : true,
    "exchangePointId" : null,
    "exchangePoint" : null,
    "componentId" : "776057",
    "component" : null,
    "outputs" : null,
    "documentServiceAttributes" : null,
    "documentServiceAttributesTemplate" : null,
    "@id" : "779538",
    "component-defs" : [ {
      "@class" : "ComponentBean",
      "resourceName" : "MAPSERVICE.Sinacofi_MR4.MR4_FT3",
      "resourceAbsFilePath" : "",
      "resourceType" : "3",
      "componentId" : "776557",
      "processingStepEnabled" : true,
      "processingStepName" : "Component_MR4_FT3",
      "processingStepType" : "Map",
      "processingStepAddOutput" : false,
      "configurations" : "null/779538/configurations",
      "@id" : "776057",
      "configuration-defs" : [ {
        "name" : "Input",
        "type" : "13",
        "description" : "Input format XML",
        "arguments" : null,
        "@id" : "780704",
        "argument-defs" : [ {
          "name" : "Detector mode",
          "type" : "java.lang.Boolean",
          "notEqualTo" : null,
          "value" : null,
          "editable" : true,
          "@id" : "781732"
        }, {
          "name" : "Check facet on input",
          "type" : "java.lang.Boolean",
          "notEqualTo" : null,
          "value" : null,
          "editable" : true,
          "@id" : "781733"
        }, {
          "name" : "Check facet on output",
          "type" : "java.lang.Boolean",
          "notEqualTo" : null,
          "value" : null,
          "editable" : true,
          "@id" : "781734"
        }, {
          "name" : "Accept input documents with errors",
          "type" : "java.lang.Boolean",
          "notEqualTo" : null,
          "value" : null,
          "editable" : true,
          "@id" : "781735"
        }, {
          "name" : "Action when no output created by flow",
          "type" : "b2bx.server.EnumParameter",
          "notEqualTo" : null,
          "value" : "4",
          "editable" : false,
          "@id" : "781736"
        }, {
          "name" : "Debug",
          "type" : "java.lang.Boolean",
          "notEqualTo" : null,
          "value" : null,
          "editable" : true,
          "@id" : "781737"
        } ]
      }, {
        "name" : "AUX",
        "type" : "2",
        "description" : "Output parameters",
        "arguments" : null,
        "@id" : "780705",
        "argument-defs" : [ {
          "name" : "Output Format",
          "type" : "b2bx.server.EnumParameter",
          "notEqualTo" : null,
          "value" : "0",
          "editable" : false,
          "@id" : "781738"
        }, {
          "name" : "Accept output documents with errors",
          "type" : "java.lang.Boolean",
          "notEqualTo" : null,
          "value" : null,
          "editable" : true,
          "@id" : "781739"
        }, {
          "name" : "Action when no output created",
          "type" : "b2bx.server.EnumParameter",
          "notEqualTo" : null,
          "value" : "2",
          "editable" : false,
          "@id" : "781740"
        }, {
          "name" : "Version",
          "type" : "b2bx.server.EnumParameter",
          "notEqualTo" : null,
          "value" : "",
          "editable" : false,
          "@id" : "781741"
        } ]
      }, {
        "name" : "Salida",
        "type" : "2",
        "description" : "Output parameters",
        "arguments" : null,
        "@id" : "780706",
        "argument-defs" : [ {
          "name" : "Output Format",
          "type" : "b2bx.server.EnumParameter",
          "notEqualTo" : null,
          "value" : "0",
          "editable" : false,
          "@id" : "781742"
        }, {
          "name" : "Accept output documents with errors",
          "type" : "java.lang.Boolean",
          "notEqualTo" : null,
          "value" : null,
          "editable" : true,
          "@id" : "781743"
        }, {
          "name" : "Action when no output created",
          "type" : "b2bx.server.EnumParameter",
          "notEqualTo" : null,
          "value" : "2",
          "editable" : false,
          "@id" : "781744"
        }, {
          "name" : "Version",
          "type" : "b2bx.server.EnumParameter",
          "notEqualTo" : null,
          "value" : "",
          "editable" : false,
          "@id" : "781745"
        } ]
      }, {
        "name" : "Backup",
        "type" : "2",
        "description" : "Output parameters",
        "arguments" : null,
        "@id" : "780707",
        "argument-defs" : [ {
          "name" : "Output Format",
          "type" : "b2bx.server.EnumParameter",
          "notEqualTo" : null,
          "value" : "0",
          "editable" : false,
          "@id" : "781746"
        }, {
          "name" : "Accept output documents with errors",
          "type" : "java.lang.Boolean",
          "notEqualTo" : null,
          "value" : null,
          "editable" : true,
          "@id" : "781747"
        }, {
          "name" : "Action when no output created",
          "type" : "b2bx.server.EnumParameter",
          "notEqualTo" : null,
          "value" : "2",
          "editable" : false,
          "@id" : "781748"
        }, {
          "name" : "Version",
          "type" : "b2bx.server.EnumParameter",
          "notEqualTo" : null,
          "value" : "",
          "editable" : false,
          "@id" : "781749"
        } ]
      }, {
        "name" : "Buzon",
        "type" : "2",
        "description" : "Output parameters",
        "arguments" : null,
        "@id" : "780708",
        "argument-defs" : [ {
          "name" : "Version",
          "type" : "b2bx.server.EnumParameter",
          "notEqualTo" : null,
          "value" : "",
          "editable" : false,
          "@id" : "781753"
        }, {
          "name" : "Output Format",
          "type" : "b2bx.server.EnumParameter",
          "notEqualTo" : null,
          "value" : "0",
          "editable" : false,
          "@id" : "781750"
        }, {
          "name" : "Accept output documents with errors",
          "type" : "java.lang.Boolean",
          "notEqualTo" : null,
          "value" : null,
          "editable" : true,
          "@id" : "781751"
        }, {
          "name" : "Action when no output created",
          "type" : "b2bx.server.EnumParameter",
          "notEqualTo" : null,
          "value" : "2",
          "editable" : false,
          "@id" : "781752"
        } ]
      }, {
        "name" : "Channel",
        "type" : "9",
        "description" : "Connection parameters",
        "arguments" : null,
        "@id" : "780709",
        "argument-defs" : [ {
          "name" : "Connection",
          "type" : "b2bx.server.LocalObjectParameter",
          "notEqualTo" : null,
          "value" : "Oracle_MFT",
          "editable" : false,
          "@id" : "781754"
        } ]
      } ]
    } ],
    "output-defs" : [ {
      "name" : "AUX",
      "deliveryMethod" : "DELIVER_TO_APPLICATION",
      "exchangePointId" : "754502",
      "exchangePoint" : null,
      "outputType" : "",
      "components" : null,
      "@id" : "780142",
      "exchangePoint-defs" : [ {
        "@class" : "FileSystemProducer",
        "enabled" : true,
        "businessProtocol" : "Raw",
        "friendlyName" : "Aux",
        "backupMessages" : false,
        "maxConcurrentConnections" : 100,
        "inlineProcessors" : null,
        "inlinePostProcessors" : null,
        "schedule" : null,
        "retries" : 0,
        "useCustomRetryIntervals" : false,
        "customRetryIntervals" : null,
        "postProcessingScript" : null,
        "holdMessagesForPickup" : false,
        "directory" : "/opt/axway/b2bi/shared/common/data/in/aux",
        "preserveFilenameMode" : "SEQUENCE",
        "preserveFilename" : true,
        "metadataHierarchy" : [ ],
        "userDefinedDeliveryFilename" : "",
        "userDefinedDuplicateFilename" : "",
        "url" : "/opt/axway/b2bi/shared/common/data/in/aux",
        "@id" : "754502"
      } ]
    }, {
      "name" : "Salida",
      "deliveryMethod" : "DELIVER_TO_APPLICATION",
      "exchangePointId" : "754506",
      "exchangePoint" : null,
      "outputType" : "",
      "components" : null,
      "@id" : "780143",
      "exchangePoint-defs" : [ {
        "@class" : "FileSystemProducer",
        "enabled" : true,
        "businessProtocol" : "Raw",
        "friendlyName" : "Salida",
        "backupMessages" : false,
        "maxConcurrentConnections" : 100,
        "inlineProcessors" : null,
        "inlinePostProcessors" : null,
        "schedule" : null,
        "retries" : 0,
        "useCustomRetryIntervals" : false,
        "customRetryIntervals" : null,
        "postProcessingScript" : null,
        "holdMessagesForPickup" : false,
        "directory" : "/opt/axway/b2bi/shared/common/data/in/Salida",
        "preserveFilenameMode" : "SEQUENCE",
        "preserveFilename" : true,
        "metadataHierarchy" : [ ],
        "userDefinedDeliveryFilename" : "",
        "userDefinedDuplicateFilename" : "",
        "url" : "/opt/axway/b2bi/shared/common/data/in/Salida",
        "@id" : "754506"
      } ]
    }, {
      "name" : "Backup",
      "deliveryMethod" : "DELIVER_TO_APPLICATION",
      "exchangePointId" : "754504",
      "exchangePoint" : null,
      "outputType" : "",
      "components" : null,
      "@id" : "780144",
      "exchangePoint-defs" : [ {
        "@class" : "FileSystemProducer",
        "enabled" : true,
        "businessProtocol" : "Raw",
        "friendlyName" : "Salida_Backup",
        "backupMessages" : false,
        "maxConcurrentConnections" : 100,
        "inlineProcessors" : null,
        "inlinePostProcessors" : null,
        "schedule" : null,
        "retries" : 0,
        "useCustomRetryIntervals" : false,
        "customRetryIntervals" : null,
        "postProcessingScript" : null,
        "holdMessagesForPickup" : false,
        "directory" : "/opt/axway/b2bi/shared/common/data/in/Backup",
        "preserveFilenameMode" : "SEQUENCE",
        "preserveFilename" : true,
        "metadataHierarchy" : [ ],
        "userDefinedDeliveryFilename" : "",
        "userDefinedDuplicateFilename" : "",
        "url" : "/opt/axway/b2bi/shared/common/data/in/Backup",
        "@id" : "754504"
      } ]
    }, {
      "name" : "Buzon",
      "deliveryMethod" : "DELIVER_TO_APPLICATION",
      "exchangePointId" : "754503",
      "exchangePoint" : null,
      "outputType" : "",
      "components" : null,
      "@id" : "780145",
      "exchangePoint-defs" : [ {
        "@class" : "FileSystemProducer",
        "enabled" : true,
        "businessProtocol" : "Raw",
        "friendlyName" : "Salida_Buzon",
        "backupMessages" : false,
        "maxConcurrentConnections" : 100,
        "inlineProcessors" : null,
        "inlinePostProcessors" : null,
        "schedule" : null,
        "retries" : 0,
        "useCustomRetryIntervals" : false,
        "customRetryIntervals" : null,
        "postProcessingScript" : null,
        "holdMessagesForPickup" : false,
        "directory" : "/opt/axway/b2bi/shared/common/data/in/Buzon",
        "preserveFilenameMode" : "SEQUENCE",
        "preserveFilename" : true,
        "metadataHierarchy" : [ ],
        "userDefinedDeliveryFilename" : "",
        "userDefinedDuplicateFilename" : "",
        "url" : "/opt/axway/b2bi/shared/common/data/in/Buzon",
        "@id" : "754503"
      } ]
    } ],
    "attribute-defs" : [ ]
  } ],
  "container-version" : "26.11.1 951d5bfb",
  "count" : 5,
  "version" : "1.0"
}