<?xml version="1.0" encoding="UTF-8" standalone="no"?>
<Container xmlns:xsi="http://www.w3.org/2001/XMLSchema-instance" id="7bd6923b-7e92-440a-b44f-15275e11f5c5" name="Sinacofi_R11_F1_R11_FRONT" version="4" xsi:noNamespaceSchemaLocation="Container.xsd">
   <longDescription> </longDescription>
   <generatedBy/>
   <generationDate>2024-09-23T18:34:11.000Z</generationDate>
   <shortDescription/>
   <Contents>
      <Product name="Integrator" version="3.7.0"/>
      <Product name="MapDesigner" version="2.5.0"/>
   </Contents>
</Container>
