{
  "born-on" : "2024-09-11T17:35:18-0300",
  "beans" : [ {
    "@class" : "MetadataDocumentService",
    "name" : "Service_A01_FT3",
    "deliveryMethod" : null,
    "enabled" : true,
    "exchangePointId" : null,
    "exchangePoint" : null,
    "componentId" : "11870002",
    "component" : null,
    "outputs" : null,
    "documentServiceAttributes" : null,
    "documentServiceAttributesTemplate" : null,
    "@id" : "11873501",
    "component-defs" : [ {
      "@class" : "ComponentBean",
      "resourceName" : "MAPSERVICE.Sinacofi_A01.A01_FT3",
      "resourceAbsFilePath" : "",
      "resourceType" : "3",
      "componentId" : "11870502",
      "processingStepEnabled" : true,
      "processingStepName" : "Component_A01_FT3",
      "processingStepType" : "Map",
      "processingStepAddOutput" : false,
      "configurations" : "null/11873501/configurations",
      "@id" : "11870002",
      "configuration-defs" : [ {
        "name" : "Input",
        "type" : "13",
        "description" : "Input format XML",
        "arguments" : null,
        "@id" : "11871370",
        "argument-defs" : [ {
          "name" : "Detector mode",
          "type" : "java.lang.Boolean",
          "notEqualTo" : null,
          "value" : null,
          "editable" : true,
          "@id" : "11873466"
        }, {
          "name" : "Check facet on input",
          "type" : "java.lang.Boolean",
          "notEqualTo" : null,
          "value" : null,
          "editable" : true,
          "@id" : "11873467"
        }, {
          "name" : "Check facet on output",
          "type" : "java.lang.Boolean",
          "notEqualTo" : null,
          "value" : null,
          "editable" : true,
          "@id" : "11873468"
        }, {
          "name" : "Accept input documents with errors",
          "type" : "java.lang.Boolean",
          "notEqualTo" : null,
          "value" : null,
          "editable" : true,
          "@id" : "11873469"
        }, {
          "name" : "Action when no output created by flow",
          "type" : "b2bx.server.EnumParameter",
          "notEqualTo" : null,
          "value" : "4",
          "editable" : false,
          "@id" : "11873470"
        }, {
          "name" : "Debug",
          "type" : "java.lang.Boolean",
          "notEqualTo" : null,
          "value" : null,
          "editable" : true,
          "@id" : "11873471"
        } ]
      }, {
        "name" : "Salida",
        "type" : "2",
        "description" : "Output parameters",
        "arguments" : null,
        "@id" : "11871371",
        "argument-defs" : [ {
          "name" : "Output Format",
          "type" : "b2bx.server.EnumParameter",
          "notEqualTo" : null,
          "value" : "0",
          "editable" : false,
          "@id" : "11873472"
        }, {
          "name" : "Accept output documents with errors",
          "type" : "java.lang.Boolean",
          "notEqualTo" : null,
          "value" : null,
          "editable" : true,
          "@id" : "11873473"
        }, {
          "name" : "Action when no output created",
          "type" : "b2bx.server.EnumParameter",
          "notEqualTo" : null,
          "value" : "2",
          "editable" : false,
          "@id" : "11873474"
        }, {
          "name" : "Version",
          "type" : "b2bx.server.EnumParameter",
          "notEqualTo" : null,
          "value" : "",
          "editable" : false,
          "@id" : "11873475"
        } ]
      }, {
        "name" : "Backup",
        "type" : "2",
        "description" : "Output parameters",
        "arguments" : null,
        "@id" : "11871372",
        "argument-defs" : [ {
          "name" : "Output Format",
          "type" : "b2bx.server.EnumParameter",
          "notEqualTo" : null,
          "value" : "0",
          "editable" : false,
          "@id" : "11873476"
        }, {
          "name" : "Accept output documents with errors",
          "type" : "java.lang.Boolean",
          "notEqualTo" : null,
          "value" : null,
          "editable" : true,
          "@id" : "11873477"
        }, {
          "name" : "Action when no output created",
          "type" : "b2bx.server.EnumParameter",
          "notEqualTo" : null,
          "value" : "2",
          "editable" : false,
          "@id" : "11873478"
        }, {
          "name" : "Version",
          "type" : "b2bx.server.EnumParameter",
          "notEqualTo" : null,
          "value" : "",
          "editable" : false,
          "@id" : "11873479"
        } ]
      }, {
        "name" : "AUX",
        "type" : "2",
        "description" : "Output parameters",
        "arguments" : null,
        "@id" : "11871373",
        "argument-defs" : [ {
          "name" : "Output Format",
          "type" : "b2bx.server.EnumParameter",
          "notEqualTo" : null,
          "value" : "0",
          "editable" : false,
          "@id" : "11873480"
        }, {
          "name" : "Accept output documents with errors",
          "type" : "java.lang.Boolean",
          "notEqualTo" : null,
          "value" : null,
          "editable" : true,
          "@id" : "11873481"
        }, {
          "name" : "Action when no output created",
          "type" : "b2bx.server.EnumParameter",
          "notEqualTo" : null,
          "value" : "2",
          "editable" : false,
          "@id" : "11873482"
        }, {
          "name" : "Version",
          "type" : "b2bx.server.EnumParameter",
          "notEqualTo" : null,
          "value" : "",
          "editable" : false,
          "@id" : "11873483"
        } ]
      }, {
        "name" : "Buzon",
        "type" : "2",
        "description" : "Output parameters",
        "arguments" : null,
        "@id" : "11871374",
        "argument-defs" : [ {
          "name" : "Output Format",
          "type" : "b2bx.server.EnumParameter",
          "notEqualTo" : null,
          "value" : "0",
          "editable" : false,
          "@id" : "11873484"
        }, {
          "name" : "Accept output documents with errors",
          "type" : "java.lang.Boolean",
          "notEqualTo" : null,
          "value" : null,
          "editable" : true,
          "@id" : "11873485"
        }, {
          "name" : "Action when no output created",
          "type" : "b2bx.server.EnumParameter",
          "notEqualTo" : null,
          "value" : "2",
          "editable" : false,
          "@id" : "11873486"
        }, {
          "name" : "Version",
          "type" : "b2bx.server.EnumParameter",
          "notEqualTo" : null,
          "value" : "",
          "editable" : false,
          "@id" : "11873487"
        } ]
      }, {
        "name" : "Channel",
        "type" : "9",
        "description" : "Connection parameters",
        "arguments" : null,
        "@id" : "11871375",
        "argument-defs" : [ {
          "name" : "Connection",
          "type" : "b2bx.server.LocalObjectParameter",
          "notEqualTo" : null,
          "value" : "Oracle_MFT",
          "editable" : false,
          "@id" : "11873488"
        } ]
      } ]
    } ],
    "output-defs" : [ {
      "name" : "Salida",
      "deliveryMethod" : "DELIVER_TO_APPLICATION",
      "exchangePointId" : "8923506",
      "exchangePoint" : null,
      "outputType" : "",
      "components" : null,
      "@id" : "11874001",
      "exchangePoint-defs" : [ {
        "@class" : "FileSystemProducer",
        "enabled" : true,
        "businessProtocol" : "Raw",
        "friendlyName" : "Salida",
        "backupMessages" : false,
        "maxConcurrentConnections" : 100,
        "inlineProcessors" : null,
        "inlinePostProcessors" : null,
        "schedule" : null,
        "retries" : 0,
        "useCustomRetryIntervals" : false,
        "customRetryIntervals" : null,
        "postProcessingScript" : null,
        "holdMessagesForPickup" : false,
        "directory" : "/opt/axway/b2bi/shared/common/data/in/Salida",
        "preserveFilenameMode" : "SEQUENCE",
        "preserveFilename" : true,
        "metadataHierarchy" : [ ],
        "userDefinedDeliveryFilename" : "",
        "userDefinedDuplicateFilename" : "",
        "url" : "/opt/axway/b2bi/shared/common/data/in/Salida",
        "@id" : "8923506"
      } ]
    }, {
      "name" : "Backup",
      "deliveryMethod" : "DELIVER_TO_APPLICATION",
      "exchangePointId" : "8923502",
      "exchangePoint" : null,
      "outputType" : "",
      "components" : null,
      "@id" : "11874002",
      "exchangePoint-defs" : [ {
        "@class" : "FileSystemProducer",
        "enabled" : true,
        "businessProtocol" : "Raw",
        "friendlyName" : "Salida_Backup",
        "backupMessages" : false,
        "maxConcurrentConnections" : 100,
        "inlineProcessors" : null,
        "inlinePostProcessors" : null,
        "schedule" : null,
        "retries" : 0,
        "useCustomRetryIntervals" : false,
        "customRetryIntervals" : null,
        "postProcessingScript" : null,
        "holdMessagesForPickup" : false,
        "directory" : "/opt/axway/b2bi/shared/common/data/in/Backup",
        "preserveFilenameMode" : "SEQUENCE",
        "preserveFilename" : true,
        "metadataHierarchy" : [ ],
        "userDefinedDeliveryFilename" : "",
        "userDefinedDuplicateFilename" : "",
        "url" : "/opt/axway/b2bi/shared/common/data/in/Backup",
        "@id" : "8923502"
      } ]
    }, {
      "name" : "AUX",
      "deliveryMethod" : "DELIVER_TO_APPLICATION",
      "exchangePointId" : "8923503",
      "exchangePoint" : null,
      "outputType" : "",
      "components" : null,
      "@id" : "11874003",
      "exchangePoint-defs" : [ {
        "@class" : "FileSystemProducer",
        "enabled" : true,
        "businessProtocol" : "Raw",
        "friendlyName" : "Aux",
        "backupMessages" : false,
        "maxConcurrentConnections" : 100,
        "inlineProcessors" : null,
        "inlinePostProcessors" : null,
        "schedule" : null,
        "retries" : 0,
        "useCustomRetryIntervals" : false,
        "customRetryIntervals" : null,
        "postProcessingScript" : null,
        "holdMessagesForPickup" : false,
        "directory" : "/opt/axway/b2bi/shared/common/data/in/aux",
        "preserveFilenameMode" : "SEQUENCE",
        "preserveFilename" : true,
        "metadataHierarchy" : [ ],
        "userDefinedDeliveryFilename" : "",
        "userDefinedDuplicateFilename" : "",
        "url" : "/opt/axway/b2bi/shared/common/data/in/aux",
        "@id" : "8923503"
      } ]
    }, {
      "name" : "Buzon",
      "deliveryMethod" : "DELIVER_TO_APPLICATION",
      "exchangePointId" : "8923504",
      "exchangePoint" : null,
      "outputType" : "",
      "components" : null,
      "@id" : "11874004",
      "exchangePoint-defs" : [ {
        "@class" : "FileSystemProducer",
        "enabled" : true,
        "businessProtocol" : "Raw",
        "friendlyName" : "Salida_Buzon",
        "backupMessages" : false,
        "maxConcurrentConnections" : 100,
        "inlineProcessors" : null,
        "inlinePostProcessors" : null,
        "schedule" : null,
        "retries" : 0,
        "useCustomRetryIntervals" : false,
        "customRetryIntervals" : null,
        "postProcessingScript" : null,
        "holdMessagesForPickup" : false,
        "directory" : "/opt/axway/b2bi/shared/common/data/in/Buzon",
        "preserveFilenameMode" : "SEQUENCE",
        "preserveFilename" : true,
        "metadataHierarchy" : [ ],
        "userDefinedDeliveryFilename" : "",
        "userDefinedDuplicateFilename" : "",
        "url" : "/opt/axway/b2bi/shared/common/data/in/Buzon",
        "@id" : "8923504"
      } ]
    } ],
    "attribute-defs" : [ ],
    "template-defs" : [ ]
  }, {
    "@class" : "MetadataDocumentService",
    "name" : "Service_A02_FT3",
    "deliveryMethod" : null,
    "enabled" : true,
    "exchangePointId" : null,
    "exchangePoint" : null,
    "componentId" : "11992001",
    "component" : null,
    "outputs" : null,
    "documentServiceAttributes" : null,
    "documentServiceAttributesTemplate" : null,
    "@id" : "11994001",
    "component-defs" : [ {
      "@class" : "ComponentBean",
      "resourceName" : "MAPSERVICE.Sinacofi_A02.A02_FT3",
      "resourceAbsFilePath" : "",
      "resourceType" : "3",
      "componentId" : "11992501",
      "processingStepEnabled" : true,
      "processingStepName" : "Component_A02_FT3",
      "processingStepType" : "Map",
      "processingStepAddOutput" : false,
      "configurations" : "null/11994001/configurations",
      "@id" : "11992001",
      "configuration-defs" : [ {
        "name" : "Input",
        "type" : "13",
        "description" : "Input format XML",
        "arguments" : null,
        "@id" : "11993025",
        "argument-defs" : [ {
          "name" : "Detector mode",
          "type" : "java.lang.Boolean",
          "notEqualTo" : null,
          "value" : null,
          "editable" : true,
          "@id" : "11993593"
        }, {
          "name" : "Check facet on input",
          "type" : "java.lang.Boolean",
          "notEqualTo" : null,
          "value" : null,
          "editable" : true,
          "@id" : "11993594"
        }, {
          "name" : "Check facet on output",
          "type" : "java.lang.Boolean",
          "notEqualTo" : null,
          "value" : null,
          "editable" : true,
          "@id" : "11993595"
        }, {
          "name" : "Accept input documents with errors",
          "type" : "java.lang.Boolean",
          "notEqualTo" : null,
          "value" : null,
          "editable" : true,
          "@id" : "11993596"
        }, {
          "name" : "Action when no output created by flow",
          "type" : "b2bx.server.EnumParameter",
          "notEqualTo" : null,
          "value" : "4",
          "editable" : false,
          "@id" : "11993597"
        }, {
          "name" : "Debug",
          "type" : "java.lang.Boolean",
          "notEqualTo" : null,
          "value" : null,
          "editable" : true,
          "@id" : "11993598"
        } ]
      }, {
        "name" : "Buzon",
        "type" : "2",
        "description" : "Output parameters",
        "arguments" : null,
        "@id" : "11993026",
        "argument-defs" : [ {
          "name" : "Output Format",
          "type" : "b2bx.server.EnumParameter",
          "notEqualTo" : null,
          "value" : "0",
          "editable" : false,
          "@id" : "11993599"
        }, {
          "name" : "Accept output documents with errors",
          "type" : "java.lang.Boolean",
          "notEqualTo" : null,
          "value" : null,
          "editable" : true,
          "@id" : "11993600"
        }, {
          "name" : "Action when no output created",
          "type" : "b2bx.server.EnumParameter",
          "notEqualTo" : null,
          "value" : "2",
          "editable" : false,
          "@id" : "11993601"
        }, {
          "name" : "Version",
          "type" : "b2bx.server.EnumParameter",
          "notEqualTo" : null,
          "value" : "",
          "editable" : false,
          "@id" : "11993602"
        } ]
      }, {
        "name" : "Backup",
        "type" : "2",
        "description" : "Output parameters",
        "arguments" : null,
        "@id" : "11993027",
        "argument-defs" : [ {
          "name" : "Output Format",
          "type" : "b2bx.server.EnumParameter",
          "notEqualTo" : null,
          "value" : "0",
          "editable" : false,
          "@id" : "11993603"
        }, {
          "name" : "Accept output documents with errors",
          "type" : "java.lang.Boolean",
          "notEqualTo" : null,
          "value" : null,
          "editable" : true,
          "@id" : "11993604"
        }, {
          "name" : "Action when no output created",
          "type" : "b2bx.server.EnumParameter",
          "notEqualTo" : null,
          "value" : "2",
          "editable" : false,
          "@id" : "11993605"
        }, {
          "name" : "Version",
          "type" : "b2bx.server.EnumParameter",
          "notEqualTo" : null,
          "value" : "",
          "editable" : false,
          "@id" : "11993606"
        } ]
      }, {
        "name" : "Salida",
        "type" : "2",
        "description" : "Output parameters",
        "arguments" : null,
        "@id" : "11993028",
        "argument-defs" : [ {
          "name" : "Output Format",
          "type" : "b2bx.server.EnumParameter",
          "notEqualTo" : null,
          "value" : "0",
          "editable" : false,
          "@id" : "11993607"
        }, {
          "name" : "Accept output documents with errors",
          "type" : "java.lang.Boolean",
          "notEqualTo" : null,
          "value" : null,
          "editable" : true,
          "@id" : "11993608"
        }, {
          "name" : "Action when no output created",
          "type" : "b2bx.server.EnumParameter",
          "notEqualTo" : null,
          "value" : "2",
          "editable" : false,
          "@id" : "11993609"
        }, {
          "name" : "Version",
          "type" : "b2bx.server.EnumParameter",
          "notEqualTo" : null,
          "value" : "",
          "editable" : false,
          "@id" : "11993610"
        } ]
      }, {
        "name" : "AUX",
        "type" : "2",
        "description" : "Output parameters",
        "arguments" : null,
        "@id" : "11993029",
        "argument-defs" : [ {
          "name" : "Output Format",
          "type" : "b2bx.server.EnumParameter",
          "notEqualTo" : null,
          "value" : "0",
          "editable" : false,
          "@id" : "11993611"
        }, {
          "name" : "Accept output documents with errors",
          "type" : "java.lang.Boolean",
          "notEqualTo" : null,
          "value" : null,
          "editable" : true,
          "@id" : "11993612"
        }, {
          "name" : "Action when no output created",
          "type" : "b2bx.server.EnumParameter",
          "notEqualTo" : null,
          "value" : "2",
          "editable" : false,
          "@id" : "11993613"
        }, {
          "name" : "Version",
          "type" : "b2bx.server.EnumParameter",
          "notEqualTo" : null,
          "value" : "",
          "editable" : false,
          "@id" : "11993614"
        } ]
      }, {
        "name" : "Channel",
        "type" : "9",
        "description" : "Connection parameters",
        "arguments" : null,
        "@id" : "11993030",
        "argument-defs" : [ {
          "name" : "Connection",
          "type" : "b2bx.server.LocalObjectParameter",
          "notEqualTo" : null,
          "value" : "Oracle_MFT",
          "editable" : false,
          "@id" : "11993615"
        } ]
      } ]
    } ],
    "output-defs" : [ {
      "name" : "Buzon",
      "deliveryMethod" : "DELIVER_TO_APPLICATION",
      "exchangePointId" : "8923504",
      "exchangePoint" : null,
      "outputType" : "",
      "components" : null,
      "@id" : "11994501",
      "exchangePoint-defs" : [ {
        "@class" : "FileSystemProducer",
        "enabled" : true,
        "businessProtocol" : "Raw",
        "friendlyName" : "Salida_Buzon",
        "backupMessages" : false,
        "maxConcurrentConnections" : 100,
        "inlineProcessors" : null,
        "inlinePostProcessors" : null,
        "schedule" : null,
        "retries" : 0,
        "useCustomRetryIntervals" : false,
        "customRetryIntervals" : null,
        "postProcessingScript" : null,
        "holdMessagesForPickup" : false,
        "directory" : "/opt/axway/b2bi/shared/common/data/in/Buzon",
        "preserveFilenameMode" : "SEQUENCE",
        "preserveFilename" : true,
        "metadataHierarchy" : [ ],
        "userDefinedDeliveryFilename" : "",
        "userDefinedDuplicateFilename" : "",
        "url" : "/opt/axway/b2bi/shared/common/data/in/Buzon",
        "@id" : "8923504"
      } ]
    }, {
      "name" : "Backup",
      "deliveryMethod" : "DELIVER_TO_APPLICATION",
      "exchangePointId" : "8923502",
      "exchangePoint" : null,
      "outputType" : "",
      "components" : null,
      "@id" : "11994502",
      "exchangePoint-defs" : [ {
        "@class" : "FileSystemProducer",
        "enabled" : true,
        "businessProtocol" : "Raw",
        "friendlyName" : "Salida_Backup",
        "backupMessages" : false,
        "maxConcurrentConnections" : 100,
        "inlineProcessors" : null,
        "inlinePostProcessors" : null,
        "schedule" : null,
        "retries" : 0,
        "useCustomRetryIntervals" : false,
        "customRetryIntervals" : null,
        "postProcessingScript" : null,
        "holdMessagesForPickup" : false,
        "directory" : "/opt/axway/b2bi/shared/common/data/in/Backup",
        "preserveFilenameMode" : "SEQUENCE",
        "preserveFilename" : true,
        "metadataHierarchy" : [ ],
        "userDefinedDeliveryFilename" : "",
        "userDefinedDuplicateFilename" : "",
        "url" : "/opt/axway/b2bi/shared/common/data/in/Backup",
        "@id" : "8923502"
      } ]
    }, {
      "name" : "Salida",
      "deliveryMethod" : "DELIVER_TO_APPLICATION",
      "exchangePointId" : "8923506",
      "exchangePoint" : null,
      "outputType" : "",
      "components" : null,
      "@id" : "11994503",
      "exchangePoint-defs" : [ {
        "@class" : "FileSystemProducer",
        "enabled" : true,
        "businessProtocol" : "Raw",
        "friendlyName" : "Salida",
        "backupMessages" : false,
        "maxConcurrentConnections" : 100,
        "inlineProcessors" : null,
        "inlinePostProcessors" : null,
        "schedule" : null,
        "retries" : 0,
        "useCustomRetryIntervals" : false,
        "customRetryIntervals" : null,
        "postProcessingScript" : null,
        "holdMessagesForPickup" : false,
        "directory" : "/opt/axway/b2bi/shared/common/data/in/Salida",
        "preserveFilenameMode" : "SEQUENCE",
        "preserveFilename" : true,
        "metadataHierarchy" : [ ],
        "userDefinedDeliveryFilename" : "",
        "userDefinedDuplicateFilename" : "",
        "url" : "/opt/axway/b2bi/shared/common/data/in/Salida",
        "@id" : "8923506"
      } ]
    }, {
      "name" : "AUX",
      "deliveryMethod" : "DELIVER_TO_APPLICATION",
      "exchangePointId" : "8923503",
      "exchangePoint" : null,
      "outputType" : "",
      "components" : null,
      "@id" : "11994504",
      "exchangePoint-defs" : [ {
        "@class" : "FileSystemProducer",
        "enabled" : true,
        "businessProtocol" : "Raw",
        "friendlyName" : "Aux",
        "backupMessages" : false,
        "maxConcurrentConnections" : 100,
        "inlineProcessors" : null,
        "inlinePostProcessors" : null,
        "schedule" : null,
        "retries" : 0,
        "useCustomRetryIntervals" : false,
        "customRetryIntervals" : null,
        "postProcessingScript" : null,
        "holdMessagesForPickup" : false,
        "directory" : "/opt/axway/b2bi/shared/common/data/in/aux",
        "preserveFilenameMode" : "SEQUENCE",
        "preserveFilename" : true,
        "metadataHierarchy" : [ ],
        "userDefinedDeliveryFilename" : "",
        "userDefinedDuplicateFilename" : "",
        "url" : "/opt/axway/b2bi/shared/common/data/in/aux",
        "@id" : "8923503"
      } ]
    } ],
    "attribute-defs" : [ ]
  }, {
    "@class" : "MetadataDocumentService",
    "name" : "Service_C45_FT3",
    "deliveryMethod" : null,
    "enabled" : true,
    "exchangePointId" : null,
    "exchangePoint" : null,
    "componentId" : "11870014",
    "component" : null,
    "outputs" : null,
    "documentServiceAttributes" : null,
    "documentServiceAttributesTemplate" : null,
    "@id" : "11873513",
    "component-defs" : [ {
      "@class" : "ComponentBean",
      "resourceName" : "MAPSERVICE.Sinacofi_C45.C45_FT3",
      "resourceAbsFilePath" : "",
      "resourceType" : "3",
      "componentId" : "11870514",
      "processingStepEnabled" : true,
      "processingStepName" : "Component_C45_FT3",
      "processingStepType" : "Map",
      "processingStepAddOutput" : false,
      "configurations" : "null/11873513/configurations",
      "@id" : "11870014",
      "configuration-defs" : [ {
        "name" : "Input",
        "type" : "13",
        "description" : "Input format XML",
        "arguments" : null,
        "@id" : "11871420",
        "argument-defs" : [ {
          "name" : "Detector mode",
          "type" : "java.lang.Boolean",
          "notEqualTo" : null,
          "value" : null,
          "editable" : true,
          "@id" : "11874665"
        }, {
          "name" : "Check facet on input",
          "type" : "java.lang.Boolean",
          "notEqualTo" : null,
          "value" : null,
          "editable" : true,
          "@id" : "11874666"
        }, {
          "name" : "Check facet on output",
          "type" : "java.lang.Boolean",
          "notEqualTo" : null,
          "value" : null,
          "editable" : true,
          "@id" : "11874667"
        }, {
          "name" : "Accept input documents with errors",
          "type" : "java.lang.Boolean",
          "notEqualTo" : null,
          "value" : null,
          "editable" : true,
          "@id" : "11874668"
        }, {
          "name" : "Action when no output created by flow",
          "type" : "b2bx.server.EnumParameter",
          "notEqualTo" : null,
          "value" : "4",
          "editable" : false,
          "@id" : "11874669"
        }, {
          "name" : "Debug",
          "type" : "java.lang.Boolean",
          "notEqualTo" : null,
          "value" : null,
          "editable" : true,
          "@id" : "11874670"
        } ]
      }, {
        "name" : "AUX",
        "type" : "2",
        "description" : "Output parameters",
        "arguments" : null,
        "@id" : "11871421",
        "argument-defs" : [ {
          "name" : "Output Format",
          "type" : "b2bx.server.EnumParameter",
          "notEqualTo" : null,
          "value" : "0",
          "editable" : false,
          "@id" : "11874671"
        }, {
          "name" : "Accept output documents with errors",
          "type" : "java.lang.Boolean",
          "notEqualTo" : null,
          "value" : null,
          "editable" : true,
          "@id" : "11874672"
        }, {
          "name" : "Action when no output created",
          "type" : "b2bx.server.EnumParameter",
          "notEqualTo" : null,
          "value" : "2",
          "editable" : false,
          "@id" : "11874673"
        }, {
          "name" : "Version",
          "type" : "b2bx.server.EnumParameter",
          "notEqualTo" : null,
          "value" : "",
          "editable" : false,
          "@id" : "11874674"
        } ]
      }, {
        "name" : "Buzon",
        "type" : "2",
        "description" : "Output parameters",
        "arguments" : null,
        "@id" : "11871422",
        "argument-defs" : [ {
          "name" : "Output Format",
          "type" : "b2bx.server.EnumParameter",
          "notEqualTo" : null,
          "value" : "0",
          "editable" : false,
          "@id" : "11874675"
        }, {
          "name" : "Accept output documents with errors",
          "type" : "java.lang.Boolean",
          "notEqualTo" : null,
          "value" : null,
          "editable" : true,
          "@id" : "11874676"
        }, {
          "name" : "Action when no output created",
          "type" : "b2bx.server.EnumParameter",
          "notEqualTo" : null,
          "value" : "2",
          "editable" : false,
          "@id" : "11874677"
        }, {
          "name" : "Version",
          "type" : "b2bx.server.EnumParameter",
          "notEqualTo" : null,
          "value" : "",
          "editable" : false,
          "@id" : "11874678"
        } ]
      }, {
        "name" : "Backup",
        "type" : "2",
        "description" : "Output parameters",
        "arguments" : null,
        "@id" : "11871423",
        "argument-defs" : [ {
          "name" : "Output Format",
          "type" : "b2bx.server.EnumParameter",
          "notEqualTo" : null,
          "value" : "0",
          "editable" : false,
          "@id" : "11874679"
        }, {
          "name" : "Accept output documents with errors",
          "type" : "java.lang.Boolean",
          "notEqualTo" : null,
          "value" : null,
          "editable" : true,
          "@id" : "11874680"
        }, {
          "name" : "Action when no output created",
          "type" : "b2bx.server.EnumParameter",
          "notEqualTo" : null,
          "value" : "2",
          "editable" : false,
          "@id" : "11874681"
        }, {
          "name" : "Version",
          "type" : "b2bx.server.EnumParameter",
          "notEqualTo" : null,
          "value" : "",
          "editable" : false,
          "@id" : "11874682"
        } ]
      }, {
        "name" : "Salida",
        "type" : "2",
        "description" : "Output parameters",
        "arguments" : null,
        "@id" : "11871424",
        "argument-defs" : [ {
          "name" : "Output Format",
          "type" : "b2bx.server.EnumParameter",
          "notEqualTo" : null,
          "value" : "0",
          "editable" : false,
          "@id" : "11874683"
        }, {
          "name" : "Accept output documents with errors",
          "type" : "java.lang.Boolean",
          "notEqualTo" : null,
          "value" : null,
          "editable" : true,
          "@id" : "11874684"
        }, {
          "name" : "Action when no output created",
          "type" : "b2bx.server.EnumParameter",
          "notEqualTo" : null,
          "value" : "2",
          "editable" : false,
          "@id" : "11874685"
        }, {
          "name" : "Version",
          "type" : "b2bx.server.EnumParameter",
          "notEqualTo" : null,
          "value" : "",
          "editable" : false,
          "@id" : "11874686"
        } ]
      }, {
        "name" : "Channel",
        "type" : "9",
        "description" : "Connection parameters",
        "arguments" : null,
        "@id" : "11871425",
        "argument-defs" : [ {
          "name" : "Connection",
          "type" : "b2bx.server.LocalObjectParameter",
          "notEqualTo" : null,
          "value" : "Oracle_MFT",
          "editable" : false,
          "@id" : "11874687"
        } ]
      } ]
    } ],
    "output-defs" : [ {
      "name" : "AUX",
      "deliveryMethod" : "DELIVER_TO_APPLICATION",
      "exchangePointId" : "8923503",
      "exchangePoint" : null,
      "outputType" : "",
      "components" : null,
      "@id" : "11874027",
      "exchangePoint-defs" : [ {
        "@class" : "FileSystemProducer",
        "enabled" : true,
        "businessProtocol" : "Raw",
        "friendlyName" : "Aux",
        "backupMessages" : false,
        "maxConcurrentConnections" : 100,
        "inlineProcessors" : null,
        "inlinePostProcessors" : null,
        "schedule" : null,
        "retries" : 0,
        "useCustomRetryIntervals" : false,
        "customRetryIntervals" : null,
        "postProcessingScript" : null,
        "holdMessagesForPickup" : false,
        "directory" : "/opt/axway/b2bi/shared/common/data/in/aux",
        "preserveFilenameMode" : "SEQUENCE",
        "preserveFilename" : true,
        "metadataHierarchy" : [ ],
        "userDefinedDeliveryFilename" : "",
        "userDefinedDuplicateFilename" : "",
        "url" : "/opt/axway/b2bi/shared/common/data/in/aux",
        "@id" : "8923503"
      } ]
    }, {
      "name" : "Buzon",
      "deliveryMethod" : "DELIVER_TO_APPLICATION",
      "exchangePointId" : "8923504",
      "exchangePoint" : null,
      "outputType" : "",
      "components" : null,
      "@id" : "11874028",
      "exchangePoint-defs" : [ {
        "@class" : "FileSystemProducer",
        "enabled" : true,
        "businessProtocol" : "Raw",
        "friendlyName" : "Salida_Buzon",
        "backupMessages" : false,
        "maxConcurrentConnections" : 100,
        "inlineProcessors" : null,
        "inlinePostProcessors" : null,
        "schedule" : null,
        "retries" : 0,
        "useCustomRetryIntervals" : false,
        "customRetryIntervals" : null,
        "postProcessingScript" : null,
        "holdMessagesForPickup" : false,
        "directory" : "/opt/axway/b2bi/shared/common/data/in/Buzon",
        "preserveFilenameMode" : "SEQUENCE",
        "preserveFilename" : true,
        "metadataHierarchy" : [ ],
        "userDefinedDeliveryFilename" : "",
        "userDefinedDuplicateFilename" : "",
        "url" : "/opt/axway/b2bi/shared/common/data/in/Buzon",
        "@id" : "8923504"
      } ]
    }, {
      "name" : "Backup",
      "deliveryMethod" : "DELIVER_TO_APPLICATION",
      "exchangePointId" : "8923502",
      "exchangePoint" : null,
      "outputType" : "",
      "components" : null,
      "@id" : "11874029",
      "exchangePoint-defs" : [ {
        "@class" : "FileSystemProducer",
        "enabled" : true,
        "businessProtocol" : "Raw",
        "friendlyName" : "Salida_Backup",
        "backupMessages" : false,
        "maxConcurrentConnections" : 100,
        "inlineProcessors" : null,
        "inlinePostProcessors" : null,
        "schedule" : null,
        "retries" : 0,
        "useCustomRetryIntervals" : false,
        "customRetryIntervals" : null,
        "postProcessingScript" : null,
        "holdMessagesForPickup" : false,
        "directory" : "/opt/axway/b2bi/shared/common/data/in/Backup",
        "preserveFilenameMode" : "SEQUENCE",
        "preserveFilename" : true,
        "metadataHierarchy" : [ ],
        "userDefinedDeliveryFilename" : "",
        "userDefinedDuplicateFilename" : "",
        "url" : "/opt/axway/b2bi/shared/common/data/in/Backup",
        "@id" : "8923502"
      } ]
    }, {
      "name" : "Salida",
      "deliveryMethod" : "DELIVER_TO_APPLICATION",
      "exchangePointId" : "8923506",
      "exchangePoint" : null,
      "outputType" : "",
      "components" : null,
      "@id" : "11874030",
      "exchangePoint-defs" : [ {
        "@class" : "FileSystemProducer",
        "enabled" : true,
        "businessProtocol" : "Raw",
        "friendlyName" : "Salida",
        "backupMessages" : false,
        "maxConcurrentConnections" : 100,
        "inlineProcessors" : null,
        "inlinePostProcessors" : null,
        "schedule" : null,
        "retries" : 0,
        "useCustomRetryIntervals" : false,
        "customRetryIntervals" : null,
        "postProcessingScript" : null,
        "holdMessagesForPickup" : false,
        "directory" : "/opt/axway/b2bi/shared/common/data/in/Salida",
        "preserveFilenameMode" : "SEQUENCE",
        "preserveFilename" : true,
        "metadataHierarchy" : [ ],
        "userDefinedDeliveryFilename" : "",
        "userDefinedDuplicateFilename" : "",
        "url" : "/opt/axway/b2bi/shared/common/data/in/Salida",
        "@id" : "8923506"
      } ]
    } ],
    "attribute-defs" : [ ]
  } ],
  "container-version" : "26.11.1 951d5bfb",
  "count" : 3,
  "version" : "1.0"
}