<?xml version="1.0" encoding="UTF-8" standalone="no"?>
<MapBrokers xmlns:xsi="http://www.w3.org/2001/XMLSchema-instance" xsi:noNamespaceSchemaLocation="MapBrokers_2.xsd">
   <MapBroker dmlCompatibility="2.1" id="cf0945b0-28c2-4639-a6c9-bddbb3e71ab9" label="" lastModified="2024-07-08T21:34:09.000Z" name="MAPSERVICE_Sinacofi_C16_F1_C16_FRONT::MAPSERVICE.Sinacofi_C16_F1.Calcular_Cam" xmlVersion="1.0">
      <DmlMapBroker>
         <InputBusinessDocuments>
            <InputBusinessDocument>
               <BusinessDocument id="5a26c413-5426-4534-8607-9d23965d6be1">
                  <name>MAPSERVICE_Sinacofi_C16_F1_C16_FRONT::MAPSERVICE.Sinacofi_C16_F1\ArchivosEntrada.C16_Archivo_Datos</name>
                  <lastModified>2024-07-31T15:48:55.000Z</lastModified>
               </BusinessDocument>
               <Alias>in</Alias>
            </InputBusinessDocument>
         </InputBusinessDocuments>
         <DecisionPath>
            <StepMappingRule>
               <MappingRule id="1cb16b97-c668-4742-bf9c-e7da78efdc15" label="" lastModified="2024-07-31T15:48:55.000Z" name="MAPSERVICE_Sinacofi_C16_F1_C16_FRONT::MAPSERVICE.Sinacofi_C16_F1.Calcular_Campos:Calcular_Campos" xmlVersion="1.0">
                  <OutputBusinessDocument id="29b6fc93-a3f5-4ed1-bd2a-a3828141c0b1">
                     <name>MAPSERVICE_Sinacofi_C16_F1_C16_FRONT::MAPSERVICE.Sinacofi_C16_F1\Salida.C16_Caratula_Salida</name>
                     <lastModified>2024-07-31T15:48:55.000Z</lastModified>
                  </OutputBusinessDocument>
                  <MappingElement ElementReferenceId="3">
                     <Expression>
                        <DmlExpression><![CDATA[count(\Details)]]></DmlExpression>
                     </Expression>
                     <Comment/>
                  </MappingElement>
                  <MappingElement ElementReferenceId="4">
                     <Expression>
                        <DmlExpression><![CDATA[%Total_CAU:= 0;
%Total_CAV:= 0;
loop on \Details {
        %Total_CAU:= %Total_CAU + convertToI(getSubString(this\Contenido, 1, 14)) + convertToI(getSubString(this\Contenido, 29, 14)) + convertToI(getSubString(this\Contenido, 57, 14)) + convertToI(getSubString(this\Contenido, 85, 14)) + convertToI(getSubString(this\Contenido, 113, 14));
        
        %Total_CAV:= %Total_CAV + convertToI(getSubString(this\Contenido, 15, 14)) + convertToI(getSubString(this\Contenido, 43, 14)) + convertToI(getSubString(this\Contenido, 63, 14)) + convertToI(getSubString(this\Contenido, 99, 14)) + convertToI(getSubString(this\Contenido, 127, 14))
    };
%Total_CAU]]></DmlExpression>
                     </Expression>
                     <Comment/>
                  </MappingElement>
                  <MappingElement ElementReferenceId="5">
                     <Expression>
                        <DmlExpression><![CDATA[%Total_CAV]]></DmlExpression>
                     </Expression>
                     <Comment/>
                  </MappingElement>
                  <MappingElement ElementReferenceId="2">
                     <Expression>
                        <DmlExpression><![CDATA[getSubString( \Header\Datos, 7,6 )]]></DmlExpression>
                     </Expression>
                     <Comment/>
                  </MappingElement>
               </MappingRule>
               <StepOutput>
                  <OutputName>out</OutputName>
               </StepOutput>
            </StepMappingRule>
            <StepOutput>
               <OutputName>out1</OutputName>
               <InputBusinessDocumentAlias>in</InputBusinessDocumentAlias>
            </StepOutput>
            <StepOutput>
               <OutputName>out2</OutputName>
               <InputBusinessDocumentAlias>in</InputBusinessDocumentAlias>
            </StepOutput>
            <StepStep>
               <DmlExpression><![CDATA[%correlativoPrefijo:= getSubString(getAttribute( "B2BXGIReceive_ConsumptionFilename" ), 5, 8 );
setDocumentAttributeToOutput( "out1",  "B2BXGISend_ProductionFilename",%correlativoPrefijo &"_datosSalida");
setDocumentAttributeToOutput( "out2",  "B2BXGISend_ProductionFilename",getSubString(getAttribute("B2BXGIReceive_ConsumptionFilename" ), 5, 255) + getAttribute( "B2BXGIReceive_ConsumptionExtension"))]]></DmlExpression>
            </StepStep>
         </DecisionPath>
      </DmlMapBroker>
   </MapBroker>
</MapBrokers>
