<?xml version="1.0" encoding="UTF-8" standalone="no"?>
<MapBrokers xmlns:xsi="http://www.w3.org/2001/XMLSchema-instance" xsi:noNamespaceSchemaLocation="MapBrokers_2.xsd">
   <MapBroker dmlCompatibility="2.1" id="cf0945b0-28c2-4639-a6c9-bddbb3e71ab9" label="" lastModified="2024-06-26T18:51:42.000Z" name="MAPSERVICE_Sinacofi_C11_F1_C11_FRONT::MAPSERVICE.Sinacofi_C11_F1.Calcular_Cam" xmlVersion="1.0">
      <DmlMapBroker>
         <InputBusinessDocuments>
            <InputBusinessDocument>
               <BusinessDocument id="5a26c413-5426-4534-8607-9d23965d6be1">
                  <name>MAPSERVICE_Sinacofi_C11_F1_C11_FRONT::MAPSERVICE.Sinacofi_C11_F1\ArchivosEntrada.C11_Archivo_Datos</name>
                  <lastModified>2024-07-31T19:01:42.000Z</lastModified>
               </BusinessDocument>
               <Alias>in</Alias>
            </InputBusinessDocument>
         </InputBusinessDocuments>
         <DecisionPath>
            <StepMappingRule>
               <MappingRule id="1cb16b97-c668-4742-bf9c-e7da78efdc15" label="" lastModified="2024-07-31T19:01:42.000Z" name="MAPSERVICE_Sinacofi_C11_F1_C11_FRONT::MAPSERVICE.Sinacofi_C11_F1.Calcular_Campos:Calcular_Campos" xmlVersion="1.0">
                  <OutputBusinessDocument id="29b6fc93-a3f5-4ed1-bd2a-a3828141c0b1">
                     <name>MAPSERVICE_Sinacofi_C11_F1_C11_FRONT::MAPSERVICE.Sinacofi_C11_F1\Salida.C11_Caratula_Salida</name>
                     <lastModified>2024-07-31T19:01:42.000Z</lastModified>
                  </OutputBusinessDocument>
                  <MappingElement ElementReferenceId="4">
                     <Expression>
                        <DmlExpression><![CDATA[count(\Details[where getSubString( item\Contenido,1,1)= "1"])]]></DmlExpression>
                     </Expression>
                     <Comment/>
                  </MappingElement>
                  <MappingElement ElementReferenceId="5">
                     <Expression>
                        <DmlExpression><![CDATA[count(\Details[where getSubString( item\Contenido,1,1)= "2"])]]></DmlExpression>
                     </Expression>
                     <Comment/>
                  </MappingElement>
                  <MappingElement ElementReferenceId="6">
                     <Expression>
                        <DmlExpression><![CDATA[count(\Details[where getSubString( item\Contenido,1,1)= "3"])]]></DmlExpression>
                     </Expression>
                     <Comment/>
                  </MappingElement>
                  <MappingElement ElementReferenceId="7">
                     <Expression>
                        <DmlExpression><![CDATA[count(\Details[where getSubString( item\Contenido,1,1)= "4"])]]></DmlExpression>
                     </Expression>
                     <Comment/>
                  </MappingElement>
                  <MappingElement ElementReferenceId="3">
                     <Expression>
                        <DmlExpression><![CDATA[count(\Details)]]></DmlExpression>
                     </Expression>
                     <Comment/>
                  </MappingElement>
                  <MappingElement ElementReferenceId="8">
                     <Expression>
                        <DmlExpression><![CDATA[count(\Details[where getSubString( item\Contenido,1,1)= "5"])]]></DmlExpression>
                     </Expression>
                     <Comment/>
                  </MappingElement>
                  <MappingElement ElementReferenceId="2">
                     <Expression>
                        <DmlExpression><![CDATA[getSubString( \Header\Datos,8,6 )]]></DmlExpression>
                     </Expression>
                     <Comment/>
                  </MappingElement>
               </MappingRule>
               <StepOutput>
                  <OutputName>out</OutputName>
               </StepOutput>
            </StepMappingRule>
            <StepOutput>
               <OutputName>out1</OutputName>
               <InputBusinessDocumentAlias>in</InputBusinessDocumentAlias>
            </StepOutput>
            <StepOutput>
               <OutputName>out2</OutputName>
               <InputBusinessDocumentAlias>in</InputBusinessDocumentAlias>
            </StepOutput>
            <StepStep>
               <DmlExpression><![CDATA[%correlativoPrefijo:= getSubString(getAttribute( "B2BXGIReceive_ConsumptionFilename" ), 5, 8 );
setDocumentAttributeToOutput( "out1",  "B2BXGISend_ProductionFilename",%correlativoPrefijo + "_" + "datosSalida");
setDocumentAttributeToOutput( "out2",  "B2BXGISend_ProductionFilename", getSubString(getAttribute("B2BXGIReceive_ConsumptionFilename" ), 5, 255) + getAttribute( "B2BXGIReceive_ConsumptionExtension"))]]></DmlExpression>
            </StepStep>
         </DecisionPath>
      </DmlMapBroker>
   </MapBroker>
</MapBrokers>
