<?xml version="1.0" encoding="UTF-8" standalone="no"?>
<ObjectDependencies xmlns:xsi="http://www.w3.org/2001/XMLSchema-instance" xsi:noNamespaceSchemaLocation="ObjectDependencies.xsd">
   <RootObject fileName="BusinessDocument_1.xml" id="5c9869f5-0ef5-4ee5-86c9-f734af6e5774" lastModify="2024-07-31T19:01:42.000Z" name="MAPSERVICE_Sinacofi_C11_F1_C11_FRONT::MAPSERVICE.Sinacofi_C11_F1\ArchivosMomentaneos.C11_Archivo_Datos_Val" type="BusinessDocument">
      <Object fileName="CustomFunctions.xml" id="5e0e28f3-aa92-4c9e-92b4-fc75fadb3a3e" lastModify="2024-07-31T19:01:42.000Z" name="MAPSERVICE.Sinacofi_C11_F1.GetLargoRegistroByTD" type="CustomFunction"/>
      <Object fileName="CustomFunctions.xml" id="53671eb6-d536-4a07-b926-d740272e8aa4" lastModify="2024-07-31T19:01:42.000Z" name="MAPSERVICE.Sinacofi_C11_F1.InsertErrorTBL" type="CustomFunction"/>
      <Object fileName="CustomFunctions.xml" id="19523725-d875-4bdc-8be7-3783b7bcfb45" lastModify="2024-07-31T19:01:42.000Z" name="MAPSERVICE.Sinacofi_C11_F1.GetEntidadByCasilla" type="CustomFunction"/>
      <Object fileName="Variables.xml" id="611fa8e6-e9c4-4ac2-a44b-596b3de5465e" lastModify="2024-07-31T19:01:42.000Z" name="MAPSERVICE_Sinacofi_C11_F1_C11_FRONT::MAPSERVICE.Sinacofi_C11_F1.var_error1" type="Variable"/>
      <Object fileName="Variables.xml" id="b1d99d97-5a0c-41b2-938f-3c74978fc00b" lastModify="2024-07-31T19:01:42.000Z" name="MAPSERVICE_Sinacofi_C11_F1_C11_FRONT::MAPSERVICE.Sinacofi_C11_F1.TipoArchivo" type="Variable"/>
      <Object fileName="Variables.xml" id="be1abe5b-940e-4e43-8099-40fcba76b305" lastModify="2024-07-31T19:01:42.000Z" name="MAPSERVICE_Sinacofi_C11_F1_C11_FRONT::MAPSERVICE.Sinacofi_C11_F1.Detalles2" type="Variable"/>
      <Object fileName="Variables.xml" id="b6db7a21-3ef3-4fb8-8233-d0654bfebf62" lastModify="2024-07-31T19:01:42.000Z" name="MAPSERVICE_Sinacofi_C11_F1_C11_FRONT::MAPSERVICE.Sinacofi_C11_F1.Detalles3" type="Variable"/>
      <Object fileName="Variables.xml" id="bd2edc22-ccf5-4262-9278-cef983d61675" lastModify="2024-07-31T19:01:42.000Z" name="MAPSERVICE_Sinacofi_C11_F1_C11_FRONT::MAPSERVICE.Sinacofi_C11_F1.indiceLoop" type="Variable"/>
      <Object fileName="Variables.xml" id="4cd271d9-19f9-4928-a3ec-187a8f2f728f" lastModify="2024-07-31T19:01:42.000Z" name="MAPSERVICE_Sinacofi_C11_F1_C11_FRONT::MAPSERVICE.Sinacofi_C11_F1.CodigoError" type="Variable"/>
      <Object fileName="Variables.xml" id="bffa50fa-e420-420e-9aba-2e7d84c1C119" lastModify="2024-07-31T19:01:42.000Z" name="MAPSERVICE_Sinacofi_C11_F1_C11_FRONT::MAPSERVICE.Sinacofi_C11_F1.correlativoPrefijo" type="Variable"/>
      <Object fileName="Variables.xml" id="2bf5fc3a-ce1e-460c-aa4d-39dd9151a376" lastModify="2024-07-31T19:01:42.000Z" name="MAPSERVICE_Sinacofi_C11_F1_C11_FRONT::MAPSERVICE.Sinacofi_C11_F1.indice" type="Variable"/>
      <Object fileName="Variables.xml" id="64d94ac3-e932-412f-ac04-aa52e6ac4e0a" lastModify="2024-07-31T19:01:42.000Z" name="MAPSERVICE_Sinacofi_C11_F1_C11_FRONT::MAPSERVICE.Sinacofi_C11_F1.indice2" type="Variable"/>
      <Object fileName="Variables.xml" id="466e713d-9c27-4748-9af3-5ec2ae20bcfc" lastModify="2024-07-31T19:01:42.000Z" name="MAPSERVICE_Sinacofi_C11_F1_C11_FRONT::MAPSERVICE.Sinacofi_C11_F1.indice3" type="Variable"/>
      <Object fileName="Variables.xml" id="39a1f647-5bf9-474b-9625-33cf6f8bf9fe" lastModify="2024-07-31T19:01:42.000Z" name="MAPSERVICE_Sinacofi_C11_F1_C11_FRONT::MAPSERVICE.Sinacofi_C11_F1.tipoDocumentoPrefijo" type="Variable"/>
      <Object fileName="Variables.xml" id="ff84c037-fb9f-49f4-b8f3-b258ed4827dc" lastModify="2024-07-31T19:01:42.000Z" name="MAPSERVICE_Sinacofi_C11_F1_C11_FRONT::MAPSERVICE.Sinacofi_C11_F1.usuarioNAPrefijo" type="Variable"/>
      <Object fileName="Variables.xml" id="9e755733-aafa-493f-a824-605c9ca81a89" lastModify="2024-07-31T19:01:42.000Z" name="MAPSERVICE_Sinacofi_C11_F1_C11_FRONT::MAPSERVICE.Sinacofi_C11_F1.usuarioPrefijo" type="Variable"/>
      <Object id="5c9869f5-0ef5-4ee5-86c9-f734af6e5774" name="MAPSERVICE_Sinacofi_C11_F1_C11_FRONT::MAPSERVICE.Sinacofi_C11_F1\ArchivosMomentaneos.C11_Archivo_Datos_Val:InstanciarVariables" type="CheckConstraint"/>
      <Object id="5c9869f5-0ef5-4ee5-86c9-f734af6e5774" name="MAPSERVICE_Sinacofi_C11_F1_C11_FRONT::MAPSERVICE.Sinacofi_C11_F1\ArchivosMomentaneos.C11_Archivo_Datos_Val:Validation_code65_V1_code75_V7" type="CheckConstraint"/>
      <Object id="5c9869f5-0ef5-4ee5-86c9-f734af6e5774" name="MAPSERVICE_Sinacofi_C11_F1_C11_FRONT::MAPSERVICE.Sinacofi_C11_F1\ArchivosMomentaneos.C11_Archivo_Datos_Val:Validation_code05_V2" type="CheckConstraint"/>
      <Object id="5c9869f5-0ef5-4ee5-86c9-f734af6e5774" name="MAPSERVICE_Sinacofi_C11_F1_C11_FRONT::MAPSERVICE.Sinacofi_C11_F1\ArchivosMomentaneos.C11_Archivo_Datos_Val:Validation_code74_V5" type="CheckConstraint"/>
      <Object id="5c9869f5-0ef5-4ee5-86c9-f734af6e5774" name="MAPSERVICE_Sinacofi_C11_F1_C11_FRONT::MAPSERVICE.Sinacofi_C11_F1\ArchivosMomentaneos.C11_Archivo_Datos_Val:Validation_container" type="CheckConstraint"/>
   </RootObject>
   <RootObject fileName="BusinessDocument_2.xml" id="5a26c413-5426-4534-8607-9d23965d6be1" lastModify="2024-07-31T19:01:42.000Z" name="MAPSERVICE_Sinacofi_C11_F1_C11_FRONT::MAPSERVICE.Sinacofi_C11_F1\ArchivosEntrada.C11_Archivo_Datos" type="BusinessDocument"/>
   <RootObject fileName="BusinessDocument_3.xml" id="29b6fc93-a3f5-4ed1-bd2a-a3828141c0b1" lastModify="2024-07-31T19:01:42.000Z" name="MAPSERVICE_Sinacofi_C11_F1_C11_FRONT::MAPSERVICE.Sinacofi_C11_F1\Salida.C11_Caratula_Salida" type="BusinessDocument"/>
   <RootObject fileName="CustomFunctions.xml" id="5e0e28f3-aa92-4c9e-92b4-fc75fadb3a3e" lastModify="2024-07-31T19:01:42.000Z" name="MAPSERVICE.Sinacofi_C11_F1.GetLargoRegistroByTD" type="CustomFunction"/>
   <RootObject fileName="CustomFunctions.xml" id="53671eb6-d536-4a07-b926-d740272e8aa4" lastModify="2024-07-31T19:01:42.000Z" name="MAPSERVICE.Sinacofi_C11_F1.InsertErrorTBL" type="CustomFunction"/>
   <RootObject fileName="CustomFunctions.xml" id="19523725-d875-4bdc-8be7-3783b7bcfb45" lastModify="2024-07-31T19:01:42.000Z" name="MAPSERVICE.Sinacofi_C11_F1.GetEntidadByCasilla" type="CustomFunction"/>
   <RootObject fileName="CustomFunctions.xml" id="9e78dfb3-a96c-416d-b1f8-c156a40967b0" lastModify="2024-07-31T19:01:42.000Z" name="MAPSERVICE.Sinacofi_C11_F1.InsertMovTBL" type="CustomFunction"/>
   <RootObject fileName="CustomFunctions.xml" id="33471ac7-5872-4709-b75a-0fc814d91ab6" lastModify="2024-07-31T19:01:42.000Z" name="MAPSERVICE.Sinacofi_C11_F1.ValidarEstructuraCAR" type="CustomFunction"/>
   <RootObject fileName="CustomFunctions.xml" id="a7e635c7-52a3-4538-b80d-3db58897c988" lastModify="2024-07-31T19:01:42.000Z" name="MAPSERVICE.Sinacofi_C11_F1.CargarCampos" type="CustomFunction"/>
   <RootObject fileName="MapBroker_1.xml" id="02a18ed3-71eb-431e-a139-72784f94f3c4" lastModify="2024-07-31T19:01:42.000Z" name="MAPSERVICE_Sinacofi_C11_F1_C11_FRONT::MAPSERVICE.Sinacofi_C11_F1.Validar_Datos" type="MapBroker">
      <Object fileName="BusinessDocument_1.xml" id="5c9869f5-0ef5-4ee5-86c9-f734af6e5774" lastModify="2024-07-31T19:01:42.000Z" name="MAPSERVICE_Sinacofi_C11_F1_C11_FRONT::MAPSERVICE.Sinacofi_C11_F1\ArchivosMomentaneos.C11_Archivo_Datos_Val" type="BusinessDocument">
         <Object fileName="CustomFunctions.xml" id="5e0e28f3-aa92-4c9e-92b4-fc75fadb3a3e" lastModify="2024-07-31T19:01:42.000Z" name="MAPSERVICE.Sinacofi_C11_F1.GetLargoRegistroByTD" type="CustomFunction"/>
         <Object fileName="CustomFunctions.xml" id="53671eb6-d536-4a07-b926-d740272e8aa4" lastModify="2024-07-31T19:01:42.000Z" name="MAPSERVICE.Sinacofi_C11_F1.InsertErrorTBL" type="CustomFunction"/>
         <Object fileName="CustomFunctions.xml" id="19523725-d875-4bdc-8be7-3783b7bcfb45" lastModify="2024-07-31T19:01:42.000Z" name="MAPSERVICE.Sinacofi_C11_F1.GetEntidadByCasilla" type="CustomFunction"/>
         <Object fileName="Variables.xml" id="611fa8e6-e9c4-4ac2-a44b-596b3de5465e" lastModify="2024-07-31T19:01:42.000Z" name="MAPSERVICE_Sinacofi_C11_F1_C11_FRONT::MAPSERVICE.Sinacofi_C11_F1.var_error1" type="Variable"/>
         <Object fileName="Variables.xml" id="b1d99d97-5a0c-41b2-938f-3c74978fc00b" lastModify="2024-07-31T19:01:42.000Z" name="MAPSERVICE_Sinacofi_C11_F1_C11_FRONT::MAPSERVICE.Sinacofi_C11_F1.TipoArchivo" type="Variable"/>
         <Object fileName="Variables.xml" id="be1abe5b-940e-4e43-8099-40fcba76b305" lastModify="2024-07-31T19:01:42.000Z" name="MAPSERVICE_Sinacofi_C11_F1_C11_FRONT::MAPSERVICE.Sinacofi_C11_F1.Detalles2" type="Variable"/>
         <Object fileName="Variables.xml" id="b6db7a21-3ef3-4fb8-8233-d0654bfebf62" lastModify="2024-07-31T19:01:42.000Z" name="MAPSERVICE_Sinacofi_C11_F1_C11_FRONT::MAPSERVICE.Sinacofi_C11_F1.Detalles3" type="Variable"/>
         <Object fileName="Variables.xml" id="bd2edc22-ccf5-4262-9278-cef983d61675" lastModify="2024-07-31T19:01:42.000Z" name="MAPSERVICE_Sinacofi_C11_F1_C11_FRONT::MAPSERVICE.Sinacofi_C11_F1.indiceLoop" type="Variable"/>
         <Object fileName="Variables.xml" id="4cd271d9-19f9-4928-a3ec-187a8f2f728f" lastModify="2024-07-31T19:01:42.000Z" name="MAPSERVICE_Sinacofi_C11_F1_C11_FRONT::MAPSERVICE.Sinacofi_C11_F1.CodigoError" type="Variable"/>
         <Object fileName="Variables.xml" id="bffa50fa-e420-420e-9aba-2e7d84c1C119" lastModify="2024-07-31T19:01:42.000Z" name="MAPSERVICE_Sinacofi_C11_F1_C11_FRONT::MAPSERVICE.Sinacofi_C11_F1.correlativoPrefijo" type="Variable"/>
         <Object fileName="Variables.xml" id="2bf5fc3a-ce1e-460c-aa4d-39dd9151a376" lastModify="2024-07-31T19:01:42.000Z" name="MAPSERVICE_Sinacofi_C11_F1_C11_FRONT::MAPSERVICE.Sinacofi_C11_F1.indice" type="Variable"/>
         <Object fileName="Variables.xml" id="64d94ac3-e932-412f-ac04-aa52e6ac4e0a" lastModify="2024-07-31T19:01:42.000Z" name="MAPSERVICE_Sinacofi_C11_F1_C11_FRONT::MAPSERVICE.Sinacofi_C11_F1.indice2" type="Variable"/>
         <Object fileName="Variables.xml" id="466e713d-9c27-4748-9af3-5ec2ae20bcfc" lastModify="2024-07-31T19:01:42.000Z" name="MAPSERVICE_Sinacofi_C11_F1_C11_FRONT::MAPSERVICE.Sinacofi_C11_F1.indice3" type="Variable"/>
         <Object fileName="Variables.xml" id="39a1f647-5bf9-474b-9625-33cf6f8bf9fe" lastModify="2024-07-31T19:01:42.000Z" name="MAPSERVICE_Sinacofi_C11_F1_C11_FRONT::MAPSERVICE.Sinacofi_C11_F1.tipoDocumentoPrefijo" type="Variable"/>
         <Object fileName="Variables.xml" id="ff84c037-fb9f-49f4-b8f3-b258ed4827dc" lastModify="2024-07-31T19:01:42.000Z" name="MAPSERVICE_Sinacofi_C11_F1_C11_FRONT::MAPSERVICE.Sinacofi_C11_F1.usuarioNAPrefijo" type="Variable"/>
         <Object fileName="Variables.xml" id="9e755733-aafa-493f-a824-605c9ca81a89" lastModify="2024-07-31T19:01:42.000Z" name="MAPSERVICE_Sinacofi_C11_F1_C11_FRONT::MAPSERVICE.Sinacofi_C11_F1.usuarioPrefijo" type="Variable"/>
         <Object id="5c9869f5-0ef5-4ee5-86c9-f734af6e5774" name="MAPSERVICE_Sinacofi_C11_F1_C11_FRONT::MAPSERVICE.Sinacofi_C11_F1\ArchivosMomentaneos.C11_Archivo_Datos_Val:InstanciarVariables" type="CheckConstraint"/>
         <Object id="5c9869f5-0ef5-4ee5-86c9-f734af6e5774" name="MAPSERVICE_Sinacofi_C11_F1_C11_FRONT::MAPSERVICE.Sinacofi_C11_F1\ArchivosMomentaneos.C11_Archivo_Datos_Val:Validation_code65_V1_code75_V7" type="CheckConstraint"/>
         <Object id="5c9869f5-0ef5-4ee5-86c9-f734af6e5774" name="MAPSERVICE_Sinacofi_C11_F1_C11_FRONT::MAPSERVICE.Sinacofi_C11_F1\ArchivosMomentaneos.C11_Archivo_Datos_Val:Validation_code05_V2" type="CheckConstraint"/>
         <Object id="5c9869f5-0ef5-4ee5-86c9-f734af6e5774" name="MAPSERVICE_Sinacofi_C11_F1_C11_FRONT::MAPSERVICE.Sinacofi_C11_F1\ArchivosMomentaneos.C11_Archivo_Datos_Val:Validation_code74_V5" type="CheckConstraint"/>
         <Object id="5c9869f5-0ef5-4ee5-86c9-f734af6e5774" name="MAPSERVICE_Sinacofi_C11_F1_C11_FRONT::MAPSERVICE.Sinacofi_C11_F1\ArchivosMomentaneos.C11_Archivo_Datos_Val:Validation_container" type="CheckConstraint"/>
      </Object>
      <Object fileName="CustomFunctions.xml" id="5e0e28f3-aa92-4c9e-92b4-fc75fadb3a3e" lastModify="2024-07-31T19:01:42.000Z" name="MAPSERVICE.Sinacofi_C11_F1.GetLargoRegistroByTD" type="CustomFunction"/>
      <Object fileName="CustomFunctions.xml" id="53671eb6-d536-4a07-b926-d740272e8aa4" lastModify="2024-07-31T19:01:42.000Z" name="MAPSERVICE.Sinacofi_C11_F1.InsertErrorTBL" type="CustomFunction"/>
      <Object fileName="CustomFunctions.xml" id="19523725-d875-4bdc-8be7-3783b7bcfb45" lastModify="2024-07-31T19:01:42.000Z" name="MAPSERVICE.Sinacofi_C11_F1.GetEntidadByCasilla" type="CustomFunction"/>
      <Object fileName="CustomFunctions.xml" id="9e78dfb3-a96c-416d-b1f8-c156a40967b0" lastModify="2024-07-31T19:01:42.000Z" name="MAPSERVICE.Sinacofi_C11_F1.InsertMovTBL" type="CustomFunction"/>
      <Object id="f6a10238-f643-42a4-ab0a-251f445dcbaf" lastModify="2024-07-31T19:01:42.000Z" name="MAPSERVICE_Sinacofi_C11_F1_C11_FRONT::MAPSERVICE.Sinacofi_C11_F1.ArchivoDatosVal_A_ArchivoDatos_FRONT" type="MappingRule">
         <Object fileName="BusinessDocument_1.xml" id="5c9869f5-0ef5-4ee5-86c9-f734af6e5774" lastModify="2024-07-31T19:01:42.000Z" name="MAPSERVICE_Sinacofi_C11_F1_C11_FRONT::MAPSERVICE.Sinacofi_C11_F1\ArchivosMomentaneos.C11_Archivo_Datos_Val" type="BusinessDocument">
            <Object fileName="CustomFunctions.xml" id="5e0e28f3-aa92-4c9e-92b4-fc75fadb3a3e" lastModify="2024-07-31T19:01:42.000Z" name="MAPSERVICE.Sinacofi_C11_F1.GetLargoRegistroByTD" type="CustomFunction"/>
            <Object fileName="CustomFunctions.xml" id="53671eb6-d536-4a07-b926-d740272e8aa4" lastModify="2024-07-31T19:01:42.000Z" name="MAPSERVICE.Sinacofi_C11_F1.InsertErrorTBL" type="CustomFunction"/>
            <Object fileName="CustomFunctions.xml" id="19523725-d875-4bdc-8be7-3783b7bcfb45" lastModify="2024-07-31T19:01:42.000Z" name="MAPSERVICE.Sinacofi_C11_F1.GetEntidadByCasilla" type="CustomFunction"/>
            <Object fileName="Variables.xml" id="611fa8e6-e9c4-4ac2-a44b-596b3de5465e" lastModify="2024-07-31T19:01:42.000Z" name="MAPSERVICE_Sinacofi_C11_F1_C11_FRONT::MAPSERVICE.Sinacofi_C11_F1.var_error1" type="Variable"/>
            <Object fileName="Variables.xml" id="b1d99d97-5a0c-41b2-938f-3c74978fc00b" lastModify="2024-07-31T19:01:42.000Z" name="MAPSERVICE_Sinacofi_C11_F1_C11_FRONT::MAPSERVICE.Sinacofi_C11_F1.TipoArchivo" type="Variable"/>
            <Object fileName="Variables.xml" id="be1abe5b-940e-4e43-8099-40fcba76b305" lastModify="2024-07-31T19:01:42.000Z" name="MAPSERVICE_Sinacofi_C11_F1_C11_FRONT::MAPSERVICE.Sinacofi_C11_F1.Detalles2" type="Variable"/>
            <Object fileName="Variables.xml" id="b6db7a21-3ef3-4fb8-8233-d0654bfebf62" lastModify="2024-07-31T19:01:42.000Z" name="MAPSERVICE_Sinacofi_C11_F1_C11_FRONT::MAPSERVICE.Sinacofi_C11_F1.Detalles3" type="Variable"/>
            <Object fileName="Variables.xml" id="bd2edc22-ccf5-4262-9278-cef983d61675" lastModify="2024-07-31T19:01:42.000Z" name="MAPSERVICE_Sinacofi_C11_F1_C11_FRONT::MAPSERVICE.Sinacofi_C11_F1.indiceLoop" type="Variable"/>
            <Object fileName="Variables.xml" id="4cd271d9-19f9-4928-a3ec-187a8f2f728f" lastModify="2024-07-31T19:01:42.000Z" name="MAPSERVICE_Sinacofi_C11_F1_C11_FRONT::MAPSERVICE.Sinacofi_C11_F1.CodigoError" type="Variable"/>
            <Object fileName="Variables.xml" id="bffa50fa-e420-420e-9aba-2e7d84c1C119" lastModify="2024-07-31T19:01:42.000Z" name="MAPSERVICE_Sinacofi_C11_F1_C11_FRONT::MAPSERVICE.Sinacofi_C11_F1.correlativoPrefijo" type="Variable"/>
            <Object fileName="Variables.xml" id="2bf5fc3a-ce1e-460c-aa4d-39dd9151a376" lastModify="2024-07-31T19:01:42.000Z" name="MAPSERVICE_Sinacofi_C11_F1_C11_FRONT::MAPSERVICE.Sinacofi_C11_F1.indice" type="Variable"/>
            <Object fileName="Variables.xml" id="64d94ac3-e932-412f-ac04-aa52e6ac4e0a" lastModify="2024-07-31T19:01:42.000Z" name="MAPSERVICE_Sinacofi_C11_F1_C11_FRONT::MAPSERVICE.Sinacofi_C11_F1.indice2" type="Variable"/>
            <Object fileName="Variables.xml" id="466e713d-9c27-4748-9af3-5ec2ae20bcfc" lastModify="2024-07-31T19:01:42.000Z" name="MAPSERVICE_Sinacofi_C11_F1_C11_FRONT::MAPSERVICE.Sinacofi_C11_F1.indice3" type="Variable"/>
            <Object fileName="Variables.xml" id="39a1f647-5bf9-474b-9625-33cf6f8bf9fe" lastModify="2024-07-31T19:01:42.000Z" name="MAPSERVICE_Sinacofi_C11_F1_C11_FRONT::MAPSERVICE.Sinacofi_C11_F1.tipoDocumentoPrefijo" type="Variable"/>
            <Object fileName="Variables.xml" id="ff84c037-fb9f-49f4-b8f3-b258ed4827dc" lastModify="2024-07-31T19:01:42.000Z" name="MAPSERVICE_Sinacofi_C11_F1_C11_FRONT::MAPSERVICE.Sinacofi_C11_F1.usuarioNAPrefijo" type="Variable"/>
            <Object fileName="Variables.xml" id="9e755733-aafa-493f-a824-605c9ca81a89" lastModify="2024-07-31T19:01:42.000Z" name="MAPSERVICE_Sinacofi_C11_F1_C11_FRONT::MAPSERVICE.Sinacofi_C11_F1.usuarioPrefijo" type="Variable"/>
            <Object id="5c9869f5-0ef5-4ee5-86c9-f734af6e5774" name="MAPSERVICE_Sinacofi_C11_F1_C11_FRONT::MAPSERVICE.Sinacofi_C11_F1\ArchivosMomentaneos.C11_Archivo_Datos_Val:InstanciarVariables" type="CheckConstraint"/>
            <Object id="5c9869f5-0ef5-4ee5-86c9-f734af6e5774" name="MAPSERVICE_Sinacofi_C11_F1_C11_FRONT::MAPSERVICE.Sinacofi_C11_F1\ArchivosMomentaneos.C11_Archivo_Datos_Val:Validation_code65_V1_code75_V7" type="CheckConstraint"/>
            <Object id="5c9869f5-0ef5-4ee5-86c9-f734af6e5774" name="MAPSERVICE_Sinacofi_C11_F1_C11_FRONT::MAPSERVICE.Sinacofi_C11_F1\ArchivosMomentaneos.C11_Archivo_Datos_Val:Validation_code05_V2" type="CheckConstraint"/>
            <Object id="5c9869f5-0ef5-4ee5-86c9-f734af6e5774" name="MAPSERVICE_Sinacofi_C11_F1_C11_FRONT::MAPSERVICE.Sinacofi_C11_F1\ArchivosMomentaneos.C11_Archivo_Datos_Val:Validation_code74_V5" type="CheckConstraint"/>
            <Object id="5c9869f5-0ef5-4ee5-86c9-f734af6e5774" name="MAPSERVICE_Sinacofi_C11_F1_C11_FRONT::MAPSERVICE.Sinacofi_C11_F1\ArchivosMomentaneos.C11_Archivo_Datos_Val:Validation_container" type="CheckConstraint"/>
         </Object>
         <Object fileName="BusinessDocument_2.xml" id="5a26c413-5426-4534-8607-9d23965d6be1" lastModify="2024-07-31T19:01:42.000Z" name="MAPSERVICE_Sinacofi_C11_F1_C11_FRONT::MAPSERVICE.Sinacofi_C11_F1\ArchivosEntrada.C11_Archivo_Datos" type="BusinessDocument"/>
      </Object>
      <Object fileName="Variables.xml" id="611fa8e6-e9c4-4ac2-a44b-596b3de5465e" lastModify="2024-07-31T19:01:42.000Z" name="MAPSERVICE_Sinacofi_C11_F1_C11_FRONT::MAPSERVICE.Sinacofi_C11_F1.var_error1" type="Variable"/>
      <Object fileName="Variables.xml" id="b1d99d97-5a0c-41b2-938f-3c74978fc00b" lastModify="2024-07-31T19:01:42.000Z" name="MAPSERVICE_Sinacofi_C11_F1_C11_FRONT::MAPSERVICE.Sinacofi_C11_F1.TipoArchivo" type="Variable"/>
      <Object fileName="Variables.xml" id="be1abe5b-940e-4e43-8099-40fcba76b305" lastModify="2024-07-31T19:01:42.000Z" name="MAPSERVICE_Sinacofi_C11_F1_C11_FRONT::MAPSERVICE.Sinacofi_C11_F1.Detalles2" type="Variable"/>
      <Object fileName="Variables.xml" id="b6db7a21-3ef3-4fb8-8233-d0654bfebf62" lastModify="2024-07-31T19:01:42.000Z" name="MAPSERVICE_Sinacofi_C11_F1_C11_FRONT::MAPSERVICE.Sinacofi_C11_F1.Detalles3" type="Variable"/>
      <Object fileName="Variables.xml" id="bd2edc22-ccf5-4262-9278-cef983d61675" lastModify="2024-07-31T19:01:42.000Z" name="MAPSERVICE_Sinacofi_C11_F1_C11_FRONT::MAPSERVICE.Sinacofi_C11_F1.indiceLoop" type="Variable"/>
      <Object fileName="Variables.xml" id="4cd271d9-19f9-4928-a3ec-187a8f2f728f" lastModify="2024-07-31T19:01:42.000Z" name="MAPSERVICE_Sinacofi_C11_F1_C11_FRONT::MAPSERVICE.Sinacofi_C11_F1.CodigoError" type="Variable"/>
      <Object fileName="Variables.xml" id="bffa50fa-e420-420e-9aba-2e7d84c1C119" lastModify="2024-07-31T19:01:42.000Z" name="MAPSERVICE_Sinacofi_C11_F1_C11_FRONT::MAPSERVICE.Sinacofi_C11_F1.correlativoPrefijo" type="Variable"/>
      <Object fileName="Variables.xml" id="9d7c92bf-6a5b-4732-ba73-2c075c6fe230" lastModify="2024-07-31T19:01:42.000Z" name="MAPSERVICE_Sinacofi_C11_F1_C11_FRONT::MAPSERVICE.Sinacofi_C11_F1.MovimientoProcesado" type="Variable"/>
      <Object fileName="Variables.xml" id="2bf5fc3a-ce1e-460c-aa4d-39dd9151a376" lastModify="2024-07-31T19:01:42.000Z" name="MAPSERVICE_Sinacofi_C11_F1_C11_FRONT::MAPSERVICE.Sinacofi_C11_F1.indice" type="Variable"/>
      <Object fileName="Variables.xml" id="64d94ac3-e932-412f-ac04-aa52e6ac4e0a" lastModify="2024-07-31T19:01:42.000Z" name="MAPSERVICE_Sinacofi_C11_F1_C11_FRONT::MAPSERVICE.Sinacofi_C11_F1.indice2" type="Variable"/>
      <Object fileName="Variables.xml" id="466e713d-9c27-4748-9af3-5ec2ae20bcfc" lastModify="2024-07-31T19:01:42.000Z" name="MAPSERVICE_Sinacofi_C11_F1_C11_FRONT::MAPSERVICE.Sinacofi_C11_F1.indice3" type="Variable"/>
      <Object fileName="Variables.xml" id="39a1f647-5bf9-474b-9625-33cf6f8bf9fe" lastModify="2024-07-31T19:01:42.000Z" name="MAPSERVICE_Sinacofi_C11_F1_C11_FRONT::MAPSERVICE.Sinacofi_C11_F1.tipoDocumentoPrefijo" type="Variable"/>
      <Object fileName="Variables.xml" id="ff84c037-fb9f-49f4-b8f3-b258ed4827dc" lastModify="2024-07-31T19:01:42.000Z" name="MAPSERVICE_Sinacofi_C11_F1_C11_FRONT::MAPSERVICE.Sinacofi_C11_F1.usuarioNAPrefijo" type="Variable"/>
      <Object fileName="Variables.xml" id="9e755733-aafa-493f-a824-605c9ca81a89" lastModify="2024-07-31T19:01:42.000Z" name="MAPSERVICE_Sinacofi_C11_F1_C11_FRONT::MAPSERVICE.Sinacofi_C11_F1.usuarioPrefijo" type="Variable"/>
   </RootObject>
   <RootObject fileName="MapBroker_2.xml" id="cf0945b0-28c2-4639-a6c9-bddbb3e71ab9" lastModify="2024-07-31T19:01:42.000Z" name="MAPSERVICE_Sinacofi_C11_F1_C11_FRONT::MAPSERVICE.Sinacofi_C11_F1.Calcular_Cam" type="MapBroker">
      <Object id="1cb16b97-c668-4742-bf9c-e7da78efdc15" lastModify="2024-07-31T19:01:42.000Z" name="MAPSERVICE_Sinacofi_C11_F1_C11_FRONT::MAPSERVICE.Sinacofi_C11_F1.Calcular_Campos" type="MappingRule">
         <Object fileName="BusinessDocument_2.xml" id="5a26c413-5426-4534-8607-9d23965d6be1" lastModify="2024-07-31T19:01:42.000Z" name="MAPSERVICE_Sinacofi_C11_F1_C11_FRONT::MAPSERVICE.Sinacofi_C11_F1\ArchivosEntrada.C11_Archivo_Datos" type="BusinessDocument"/>
         <Object fileName="BusinessDocument_3.xml" id="29b6fc93-a3f5-4ed1-bd2a-a3828141c0b1" lastModify="2024-07-31T19:01:42.000Z" name="MAPSERVICE_Sinacofi_C11_F1_C11_FRONT::MAPSERVICE.Sinacofi_C11_F1\Salida.C11_Caratula_Salida" type="BusinessDocument"/>
      </Object>
      <Object fileName="Variables.xml" id="bffa50fa-e420-420e-9aba-2e7d84c1C119" lastModify="2024-07-31T19:01:42.000Z" name="MAPSERVICE_Sinacofi_C11_F1_C11_FRONT::MAPSERVICE.Sinacofi_C11_F1.correlativoPrefijo" type="Variable"/>
   </RootObject>
   <RootObject fileName="MapBroker_3.xml" id="ddec0d24-706a-4db5-a7ac-a14fde47f3f3" lastModify="2024-07-31T19:01:42.000Z" name="MAPSERVICE_Sinacofi_C11_F1_C11_FRONT::MAPSERVICE.Sinacofi_C11_F1.Evento_Error" type="MapBroker">
      <Object fileName="CustomFunctions.xml" id="53671eb6-d536-4a07-b926-d740272e8aa4" lastModify="2024-07-31T19:01:42.000Z" name="MAPSERVICE.Sinacofi_C11_F1.InsertErrorTBL" type="CustomFunction"/>
      <Object fileName="CustomFunctions.xml" id="9e78dfb3-a96c-416d-b1f8-c156a40967b0" lastModify="2024-07-31T19:01:42.000Z" name="MAPSERVICE.Sinacofi_C11_F1.InsertMovTBL" type="CustomFunction"/>
      <Object fileName="Variables.xml" id="611fa8e6-e9c4-4ac2-a44b-596b3de5465e" lastModify="2024-07-31T19:01:42.000Z" name="MAPSERVICE_Sinacofi_C11_F1_C11_FRONT::MAPSERVICE.Sinacofi_C11_F1.var_error1" type="Variable"/>
      <Object fileName="Variables.xml" id="0d569f53-b945-416c-bd9f-63056e36475e" lastModify="2024-07-31T19:01:42.000Z" name="MAPSERVICE_Sinacofi_C11_F1_C11_FRONT::MAPSERVICE.Sinacofi_C11_F1.debug" type="Variable"/>
      <Object fileName="Variables.xml" id="68bc84be-17b1-496b-9ec8-fb15e0944690" lastModify="2024-07-31T19:01:42.000Z" name="MAPSERVICE_Sinacofi_C11_F1_C11_FRONT::MAPSERVICE.Sinacofi_C11_F1.var_registro1" type="Variable"/>
      <Object fileName="Variables.xml" id="bffa50fa-e420-420e-9aba-2e7d84c1C119" lastModify="2024-07-31T19:01:42.000Z" name="MAPSERVICE_Sinacofi_C11_F1_C11_FRONT::MAPSERVICE.Sinacofi_C11_F1.correlativoPrefijo" type="Variable"/>
   </RootObject>
   <RootObject fileName="MapBroker_4.xml" id="4015b54a-c649-4e47-b9f7-d41e3e8b10e8" lastModify="2024-07-31T19:01:42.000Z" name="MAPSERVICE_Sinacofi_C11_F1_C11_FRONT::MAPSERVICE.Sinacofi_C11_F1.Insertar_Campos" type="MapBroker">
      <Object fileName="BusinessDocument_3.xml" id="29b6fc93-a3f5-4ed1-bd2a-a3828141c0b1" lastModify="2024-07-31T19:01:42.000Z" name="MAPSERVICE_Sinacofi_C11_F1_C11_FRONT::MAPSERVICE.Sinacofi_C11_F1\Salida.C11_Caratula_Salida" type="BusinessDocument"/>
      <Object fileName="CustomFunctions.xml" id="53671eb6-d536-4a07-b926-d740272e8aa4" lastModify="2024-07-31T19:01:42.000Z" name="MAPSERVICE.Sinacofi_C11_F1.InsertErrorTBL" type="CustomFunction"/>
      <Object fileName="CustomFunctions.xml" id="9e78dfb3-a96c-416d-b1f8-c156a40967b0" lastModify="2024-07-31T19:01:42.000Z" name="MAPSERVICE.Sinacofi_C11_F1.InsertMovTBL" type="CustomFunction"/>
      <Object fileName="CustomFunctions.xml" id="33471ac7-5872-4709-b75a-0fc814d91ab6" lastModify="2024-07-31T19:01:42.000Z" name="MAPSERVICE.Sinacofi_C11_F1.ValidarEstructuraCAR" type="CustomFunction"/>
      <Object fileName="CustomFunctions.xml" id="a7e635c7-52a3-4538-b80d-3db58897c988" lastModify="2024-07-31T19:01:42.000Z" name="MAPSERVICE.Sinacofi_C11_F1.CargarCampos" type="CustomFunction"/>
      <Object fileName="Variables.xml" id="611fa8e6-e9c4-4ac2-a44b-596b3de5465e" lastModify="2024-07-31T19:01:42.000Z" name="MAPSERVICE_Sinacofi_C11_F1_C11_FRONT::MAPSERVICE.Sinacofi_C11_F1.var_error1" type="Variable"/>
      <Object fileName="Variables.xml" id="68bc84be-17b1-496b-9ec8-fb15e0944690" lastModify="2024-07-31T19:01:42.000Z" name="MAPSERVICE_Sinacofi_C11_F1_C11_FRONT::MAPSERVICE.Sinacofi_C11_F1.var_registro1" type="Variable"/>
      <Object fileName="Variables.xml" id="08c5d016-b238-451b-81ec-fc19d7421b79" lastModify="2024-07-31T19:01:42.000Z" name="MAPSERVICE_Sinacofi_C11_F1_C11_FRONT::MAPSERVICE.Sinacofi_C11_F1.resEstructuraValida" type="Variable"/>
      <Object fileName="Variables.xml" id="92bb996d-3ed8-4dcb-bdfd-8bc6f22a2acc" lastModify="2024-07-31T19:01:42.000Z" name="MAPSERVICE_Sinacofi_C11_F1_C11_FRONT::MAPSERVICE.Sinacofi_C11_F1.ValoresConcatenados" type="Variable"/>
      <Object fileName="Variables.xml" id="5ad17385-d4d9-44c7-bda9-41aafc685d09" lastModify="2024-07-31T19:01:42.000Z" name="MAPSERVICE_Sinacofi_C11_F1_C11_FRONT::MAPSERVICE.Sinacofi_C11_F1.resCargarCampos" type="Variable"/>
      <Object fileName="Variables.xml" id="bffa50fa-e420-420e-9aba-2e7d84c1C119" lastModify="2024-07-31T19:01:42.000Z" name="MAPSERVICE_Sinacofi_C11_F1_C11_FRONT::MAPSERVICE.Sinacofi_C11_F1.correlativoPrefijo" type="Variable"/>
      <Object fileName="Variables.xml" id="9d7c92bf-6a5b-4732-ba73-2c075c6fe230" lastModify="2024-07-31T19:01:42.000Z" name="MAPSERVICE_Sinacofi_C11_F1_C11_FRONT::MAPSERVICE.Sinacofi_C11_F1.MovimientoProcesado" type="Variable"/>
   </RootObject>
   <RootObject fileName="MapStage_1.xml" id="f37bd1e2-d9b0-4c14-8405-77bc25894470" lastModify="2024-07-31T19:01:42.000Z" name="MAPSERVICE.Sinacofi_C11_F1.C11_FRONT" type="MapStage">
      <Object fileName="BusinessDocument_1.xml" id="5c9869f5-0ef5-4ee5-86c9-f734af6e5774" lastModify="2024-07-31T19:01:42.000Z" name="MAPSERVICE_Sinacofi_C11_F1_C11_FRONT::MAPSERVICE.Sinacofi_C11_F1\ArchivosMomentaneos.C11_Archivo_Datos_Val" type="BusinessDocument">
         <Object fileName="CustomFunctions.xml" id="5e0e28f3-aa92-4c9e-92b4-fc75fadb3a3e" lastModify="2024-07-31T19:01:42.000Z" name="MAPSERVICE.Sinacofi_C11_F1.GetLargoRegistroByTD" type="CustomFunction"/>
         <Object fileName="CustomFunctions.xml" id="53671eb6-d536-4a07-b926-d740272e8aa4" lastModify="2024-07-31T19:01:42.000Z" name="MAPSERVICE.Sinacofi_C11_F1.InsertErrorTBL" type="CustomFunction"/>
         <Object fileName="CustomFunctions.xml" id="19523725-d875-4bdc-8be7-3783b7bcfb45" lastModify="2024-07-31T19:01:42.000Z" name="MAPSERVICE.Sinacofi_C11_F1.GetEntidadByCasilla" type="CustomFunction"/>
         <Object fileName="Variables.xml" id="611fa8e6-e9c4-4ac2-a44b-596b3de5465e" lastModify="2024-07-31T19:01:42.000Z" name="MAPSERVICE_Sinacofi_C11_F1_C11_FRONT::MAPSERVICE.Sinacofi_C11_F1.var_error1" type="Variable"/>
         <Object fileName="Variables.xml" id="b1d99d97-5a0c-41b2-938f-3c74978fc00b" lastModify="2024-07-31T19:01:42.000Z" name="MAPSERVICE_Sinacofi_C11_F1_C11_FRONT::MAPSERVICE.Sinacofi_C11_F1.TipoArchivo" type="Variable"/>
         <Object fileName="Variables.xml" id="be1abe5b-940e-4e43-8099-40fcba76b305" lastModify="2024-07-31T19:01:42.000Z" name="MAPSERVICE_Sinacofi_C11_F1_C11_FRONT::MAPSERVICE.Sinacofi_C11_F1.Detalles2" type="Variable"/>
         <Object fileName="Variables.xml" id="b6db7a21-3ef3-4fb8-8233-d0654bfebf62" lastModify="2024-07-31T19:01:42.000Z" name="MAPSERVICE_Sinacofi_C11_F1_C11_FRONT::MAPSERVICE.Sinacofi_C11_F1.Detalles3" type="Variable"/>
         <Object fileName="Variables.xml" id="bd2edc22-ccf5-4262-9278-cef983d61675" lastModify="2024-07-31T19:01:42.000Z" name="MAPSERVICE_Sinacofi_C11_F1_C11_FRONT::MAPSERVICE.Sinacofi_C11_F1.indiceLoop" type="Variable"/>
         <Object fileName="Variables.xml" id="4cd271d9-19f9-4928-a3ec-187a8f2f728f" lastModify="2024-07-31T19:01:42.000Z" name="MAPSERVICE_Sinacofi_C11_F1_C11_FRONT::MAPSERVICE.Sinacofi_C11_F1.CodigoError" type="Variable"/>
         <Object fileName="Variables.xml" id="bffa50fa-e420-420e-9aba-2e7d84c1C119" lastModify="2024-07-31T19:01:42.000Z" name="MAPSERVICE_Sinacofi_C11_F1_C11_FRONT::MAPSERVICE.Sinacofi_C11_F1.correlativoPrefijo" type="Variable"/>
         <Object fileName="Variables.xml" id="2bf5fc3a-ce1e-460c-aa4d-39dd9151a376" lastModify="2024-07-31T19:01:42.000Z" name="MAPSERVICE_Sinacofi_C11_F1_C11_FRONT::MAPSERVICE.Sinacofi_C11_F1.indice" type="Variable"/>
         <Object fileName="Variables.xml" id="64d94ac3-e932-412f-ac04-aa52e6ac4e0a" lastModify="2024-07-31T19:01:42.000Z" name="MAPSERVICE_Sinacofi_C11_F1_C11_FRONT::MAPSERVICE.Sinacofi_C11_F1.indice2" type="Variable"/>
         <Object fileName="Variables.xml" id="466e713d-9c27-4748-9af3-5ec2ae20bcfc" lastModify="2024-07-31T19:01:42.000Z" name="MAPSERVICE_Sinacofi_C11_F1_C11_FRONT::MAPSERVICE.Sinacofi_C11_F1.indice3" type="Variable"/>
         <Object fileName="Variables.xml" id="39a1f647-5bf9-474b-9625-33cf6f8bf9fe" lastModify="2024-07-31T19:01:42.000Z" name="MAPSERVICE_Sinacofi_C11_F1_C11_FRONT::MAPSERVICE.Sinacofi_C11_F1.tipoDocumentoPrefijo" type="Variable"/>
         <Object fileName="Variables.xml" id="ff84c037-fb9f-49f4-b8f3-b258ed4827dc" lastModify="2024-07-31T19:01:42.000Z" name="MAPSERVICE_Sinacofi_C11_F1_C11_FRONT::MAPSERVICE.Sinacofi_C11_F1.usuarioNAPrefijo" type="Variable"/>
         <Object fileName="Variables.xml" id="9e755733-aafa-493f-a824-605c9ca81a89" lastModify="2024-07-31T19:01:42.000Z" name="MAPSERVICE_Sinacofi_C11_F1_C11_FRONT::MAPSERVICE.Sinacofi_C11_F1.usuarioPrefijo" type="Variable"/>
         <Object id="5c9869f5-0ef5-4ee5-86c9-f734af6e5774" name="MAPSERVICE_Sinacofi_C11_F1_C11_FRONT::MAPSERVICE.Sinacofi_C11_F1\ArchivosMomentaneos.C11_Archivo_Datos_Val:InstanciarVariables" type="CheckConstraint"/>
         <Object id="5c9869f5-0ef5-4ee5-86c9-f734af6e5774" name="MAPSERVICE_Sinacofi_C11_F1_C11_FRONT::MAPSERVICE.Sinacofi_C11_F1\ArchivosMomentaneos.C11_Archivo_Datos_Val:Validation_code65_V1_code75_V7" type="CheckConstraint"/>
         <Object id="5c9869f5-0ef5-4ee5-86c9-f734af6e5774" name="MAPSERVICE_Sinacofi_C11_F1_C11_FRONT::MAPSERVICE.Sinacofi_C11_F1\ArchivosMomentaneos.C11_Archivo_Datos_Val:Validation_code05_V2" type="CheckConstraint"/>
         <Object id="5c9869f5-0ef5-4ee5-86c9-f734af6e5774" name="MAPSERVICE_Sinacofi_C11_F1_C11_FRONT::MAPSERVICE.Sinacofi_C11_F1\ArchivosMomentaneos.C11_Archivo_Datos_Val:Validation_code74_V5" type="CheckConstraint"/>
         <Object id="5c9869f5-0ef5-4ee5-86c9-f734af6e5774" name="MAPSERVICE_Sinacofi_C11_F1_C11_FRONT::MAPSERVICE.Sinacofi_C11_F1\ArchivosMomentaneos.C11_Archivo_Datos_Val:Validation_container" type="CheckConstraint"/>
      </Object>
      <Object fileName="BusinessDocument_2.xml" id="5a26c413-5426-4534-8607-9d23965d6be1" lastModify="2024-07-31T19:01:42.000Z" name="MAPSERVICE_Sinacofi_C11_F1_C11_FRONT::MAPSERVICE.Sinacofi_C11_F1\ArchivosEntrada.C11_Archivo_Datos" type="BusinessDocument"/>
      <Object fileName="BusinessDocument_3.xml" id="29b6fc93-a3f5-4ed1-bd2a-a3828141c0b1" lastModify="2024-07-31T19:01:42.000Z" name="MAPSERVICE_Sinacofi_C11_F1_C11_FRONT::MAPSERVICE.Sinacofi_C11_F1\Salida.C11_Caratula_Salida" type="BusinessDocument"/>
      <Object fileName="CustomFunctions.xml" id="53671eb6-d536-4a07-b926-d740272e8aa4" lastModify="2024-07-31T19:01:42.000Z" name="MAPSERVICE.Sinacofi_C11_F1.InsertErrorTBL" type="CustomFunction"/>
      <Object fileName="CustomFunctions.xml" id="9e78dfb3-a96c-416d-b1f8-c156a40967b0" lastModify="2024-07-31T19:01:42.000Z" name="MAPSERVICE.Sinacofi_C11_F1.InsertMovTBL" type="CustomFunction"/>
      <Object fileName="CustomFunctions.xml" id="33471ac7-5872-4709-b75a-0fc814d91ab6" lastModify="2024-07-31T19:01:42.000Z" name="MAPSERVICE.Sinacofi_C11_F1.ValidarEstructuraCAR" type="CustomFunction"/>
      <Object fileName="CustomFunctions.xml" id="a7e635c7-52a3-4538-b80d-3db58897c988" lastModify="2024-07-31T19:01:42.000Z" name="MAPSERVICE.Sinacofi_C11_F1.CargarCampos" type="CustomFunction"/>
      <Object fileName="MapBroker_1.xml" id="02a18ed3-71eb-431e-a139-72784f94f3c4" lastModify="2024-07-31T19:01:42.000Z" name="MAPSERVICE_Sinacofi_C11_F1_C11_FRONT::MAPSERVICE.Sinacofi_C11_F1.Validar_Datos" type="MapBroker">
         <Object fileName="BusinessDocument_1.xml" id="5c9869f5-0ef5-4ee5-86c9-f734af6e5774" lastModify="2024-07-31T19:01:42.000Z" name="MAPSERVICE_Sinacofi_C11_F1_C11_FRONT::MAPSERVICE.Sinacofi_C11_F1\ArchivosMomentaneos.C11_Archivo_Datos_Val" type="BusinessDocument">
            <Object fileName="CustomFunctions.xml" id="5e0e28f3-aa92-4c9e-92b4-fc75fadb3a3e" lastModify="2024-07-31T19:01:42.000Z" name="MAPSERVICE.Sinacofi_C11_F1.GetLargoRegistroByTD" type="CustomFunction"/>
            <Object fileName="CustomFunctions.xml" id="53671eb6-d536-4a07-b926-d740272e8aa4" lastModify="2024-07-31T19:01:42.000Z" name="MAPSERVICE.Sinacofi_C11_F1.InsertErrorTBL" type="CustomFunction"/>
            <Object fileName="CustomFunctions.xml" id="19523725-d875-4bdc-8be7-3783b7bcfb45" lastModify="2024-07-31T19:01:42.000Z" name="MAPSERVICE.Sinacofi_C11_F1.GetEntidadByCasilla" type="CustomFunction"/>
            <Object fileName="Variables.xml" id="611fa8e6-e9c4-4ac2-a44b-596b3de5465e" lastModify="2024-07-31T19:01:42.000Z" name="MAPSERVICE_Sinacofi_C11_F1_C11_FRONT::MAPSERVICE.Sinacofi_C11_F1.var_error1" type="Variable"/>
            <Object fileName="Variables.xml" id="b1d99d97-5a0c-41b2-938f-3c74978fc00b" lastModify="2024-07-31T19:01:42.000Z" name="MAPSERVICE_Sinacofi_C11_F1_C11_FRONT::MAPSERVICE.Sinacofi_C11_F1.TipoArchivo" type="Variable"/>
            <Object fileName="Variables.xml" id="be1abe5b-940e-4e43-8099-40fcba76b305" lastModify="2024-07-31T19:01:42.000Z" name="MAPSERVICE_Sinacofi_C11_F1_C11_FRONT::MAPSERVICE.Sinacofi_C11_F1.Detalles2" type="Variable"/>
            <Object fileName="Variables.xml" id="b6db7a21-3ef3-4fb8-8233-d0654bfebf62" lastModify="2024-07-31T19:01:42.000Z" name="MAPSERVICE_Sinacofi_C11_F1_C11_FRONT::MAPSERVICE.Sinacofi_C11_F1.Detalles3" type="Variable"/>
            <Object fileName="Variables.xml" id="bd2edc22-ccf5-4262-9278-cef983d61675" lastModify="2024-07-31T19:01:42.000Z" name="MAPSERVICE_Sinacofi_C11_F1_C11_FRONT::MAPSERVICE.Sinacofi_C11_F1.indiceLoop" type="Variable"/>
            <Object fileName="Variables.xml" id="4cd271d9-19f9-4928-a3ec-187a8f2f728f" lastModify="2024-07-31T19:01:42.000Z" name="MAPSERVICE_Sinacofi_C11_F1_C11_FRONT::MAPSERVICE.Sinacofi_C11_F1.CodigoError" type="Variable"/>
            <Object fileName="Variables.xml" id="bffa50fa-e420-420e-9aba-2e7d84c1C119" lastModify="2024-07-31T19:01:42.000Z" name="MAPSERVICE_Sinacofi_C11_F1_C11_FRONT::MAPSERVICE.Sinacofi_C11_F1.correlativoPrefijo" type="Variable"/>
            <Object fileName="Variables.xml" id="2bf5fc3a-ce1e-460c-aa4d-39dd9151a376" lastModify="2024-07-31T19:01:42.000Z" name="MAPSERVICE_Sinacofi_C11_F1_C11_FRONT::MAPSERVICE.Sinacofi_C11_F1.indice" type="Variable"/>
            <Object fileName="Variables.xml" id="64d94ac3-e932-412f-ac04-aa52e6ac4e0a" lastModify="2024-07-31T19:01:42.000Z" name="MAPSERVICE_Sinacofi_C11_F1_C11_FRONT::MAPSERVICE.Sinacofi_C11_F1.indice2" type="Variable"/>
            <Object fileName="Variables.xml" id="466e713d-9c27-4748-9af3-5ec2ae20bcfc" lastModify="2024-07-31T19:01:42.000Z" name="MAPSERVICE_Sinacofi_C11_F1_C11_FRONT::MAPSERVICE.Sinacofi_C11_F1.indice3" type="Variable"/>
            <Object fileName="Variables.xml" id="39a1f647-5bf9-474b-9625-33cf6f8bf9fe" lastModify="2024-07-31T19:01:42.000Z" name="MAPSERVICE_Sinacofi_C11_F1_C11_FRONT::MAPSERVICE.Sinacofi_C11_F1.tipoDocumentoPrefijo" type="Variable"/>
            <Object fileName="Variables.xml" id="ff84c037-fb9f-49f4-b8f3-b258ed4827dc" lastModify="2024-07-31T19:01:42.000Z" name="MAPSERVICE_Sinacofi_C11_F1_C11_FRONT::MAPSERVICE.Sinacofi_C11_F1.usuarioNAPrefijo" type="Variable"/>
            <Object fileName="Variables.xml" id="9e755733-aafa-493f-a824-605c9ca81a89" lastModify="2024-07-31T19:01:42.000Z" name="MAPSERVICE_Sinacofi_C11_F1_C11_FRONT::MAPSERVICE.Sinacofi_C11_F1.usuarioPrefijo" type="Variable"/>
            <Object id="5c9869f5-0ef5-4ee5-86c9-f734af6e5774" name="MAPSERVICE_Sinacofi_C11_F1_C11_FRONT::MAPSERVICE.Sinacofi_C11_F1\ArchivosMomentaneos.C11_Archivo_Datos_Val:InstanciarVariables" type="CheckConstraint"/>
            <Object id="5c9869f5-0ef5-4ee5-86c9-f734af6e5774" name="MAPSERVICE_Sinacofi_C11_F1_C11_FRONT::MAPSERVICE.Sinacofi_C11_F1\ArchivosMomentaneos.C11_Archivo_Datos_Val:Validation_code65_V1_code75_V7" type="CheckConstraint"/>
            <Object id="5c9869f5-0ef5-4ee5-86c9-f734af6e5774" name="MAPSERVICE_Sinacofi_C11_F1_C11_FRONT::MAPSERVICE.Sinacofi_C11_F1\ArchivosMomentaneos.C11_Archivo_Datos_Val:Validation_code05_V2" type="CheckConstraint"/>
            <Object id="5c9869f5-0ef5-4ee5-86c9-f734af6e5774" name="MAPSERVICE_Sinacofi_C11_F1_C11_FRONT::MAPSERVICE.Sinacofi_C11_F1\ArchivosMomentaneos.C11_Archivo_Datos_Val:Validation_code74_V5" type="CheckConstraint"/>
            <Object id="5c9869f5-0ef5-4ee5-86c9-f734af6e5774" name="MAPSERVICE_Sinacofi_C11_F1_C11_FRONT::MAPSERVICE.Sinacofi_C11_F1\ArchivosMomentaneos.C11_Archivo_Datos_Val:Validation_container" type="CheckConstraint"/>
         </Object>
         <Object fileName="CustomFunctions.xml" id="5e0e28f3-aa92-4c9e-92b4-fc75fadb3a3e" lastModify="2024-07-31T19:01:42.000Z" name="MAPSERVICE.Sinacofi_C11_F1.GetLargoRegistroByTD" type="CustomFunction"/>
         <Object fileName="CustomFunctions.xml" id="53671eb6-d536-4a07-b926-d740272e8aa4" lastModify="2024-07-31T19:01:42.000Z" name="MAPSERVICE.Sinacofi_C11_F1.InsertErrorTBL" type="CustomFunction"/>
         <Object fileName="CustomFunctions.xml" id="19523725-d875-4bdc-8be7-3783b7bcfb45" lastModify="2024-07-31T19:01:42.000Z" name="MAPSERVICE.Sinacofi_C11_F1.GetEntidadByCasilla" type="CustomFunction"/>
         <Object fileName="CustomFunctions.xml" id="9e78dfb3-a96c-416d-b1f8-c156a40967b0" lastModify="2024-07-31T19:01:42.000Z" name="MAPSERVICE.Sinacofi_C11_F1.InsertMovTBL" type="CustomFunction"/>
         <Object id="f6a10238-f643-42a4-ab0a-251f445dcbaf" lastModify="2024-07-31T19:01:42.000Z" name="MAPSERVICE_Sinacofi_C11_F1_C11_FRONT::MAPSERVICE.Sinacofi_C11_F1.ArchivoDatosVal_A_ArchivoDatos_FRONT" type="MappingRule">
            <Object fileName="BusinessDocument_1.xml" id="5c9869f5-0ef5-4ee5-86c9-f734af6e5774" lastModify="2024-07-31T19:01:42.000Z" name="MAPSERVICE_Sinacofi_C11_F1_C11_FRONT::MAPSERVICE.Sinacofi_C11_F1\ArchivosMomentaneos.C11_Archivo_Datos_Val" type="BusinessDocument">
               <Object fileName="CustomFunctions.xml" id="5e0e28f3-aa92-4c9e-92b4-fc75fadb3a3e" lastModify="2024-07-31T19:01:42.000Z" name="MAPSERVICE.Sinacofi_C11_F1.GetLargoRegistroByTD" type="CustomFunction"/>
               <Object fileName="CustomFunctions.xml" id="53671eb6-d536-4a07-b926-d740272e8aa4" lastModify="2024-07-31T19:01:42.000Z" name="MAPSERVICE.Sinacofi_C11_F1.InsertErrorTBL" type="CustomFunction"/>
               <Object fileName="CustomFunctions.xml" id="19523725-d875-4bdc-8be7-3783b7bcfb45" lastModify="2024-07-31T19:01:42.000Z" name="MAPSERVICE.Sinacofi_C11_F1.GetEntidadByCasilla" type="CustomFunction"/>
               <Object fileName="Variables.xml" id="611fa8e6-e9c4-4ac2-a44b-596b3de5465e" lastModify="2024-07-31T19:01:42.000Z" name="MAPSERVICE_Sinacofi_C11_F1_C11_FRONT::MAPSERVICE.Sinacofi_C11_F1.var_error1" type="Variable"/>
               <Object fileName="Variables.xml" id="b1d99d97-5a0c-41b2-938f-3c74978fc00b" lastModify="2024-07-31T19:01:42.000Z" name="MAPSERVICE_Sinacofi_C11_F1_C11_FRONT::MAPSERVICE.Sinacofi_C11_F1.TipoArchivo" type="Variable"/>
               <Object fileName="Variables.xml" id="be1abe5b-940e-4e43-8099-40fcba76b305" lastModify="2024-07-31T19:01:42.000Z" name="MAPSERVICE_Sinacofi_C11_F1_C11_FRONT::MAPSERVICE.Sinacofi_C11_F1.Detalles2" type="Variable"/>
               <Object fileName="Variables.xml" id="b6db7a21-3ef3-4fb8-8233-d0654bfebf62" lastModify="2024-07-31T19:01:42.000Z" name="MAPSERVICE_Sinacofi_C11_F1_C11_FRONT::MAPSERVICE.Sinacofi_C11_F1.Detalles3" type="Variable"/>
               <Object fileName="Variables.xml" id="bd2edc22-ccf5-4262-9278-cef983d61675" lastModify="2024-07-31T19:01:42.000Z" name="MAPSERVICE_Sinacofi_C11_F1_C11_FRONT::MAPSERVICE.Sinacofi_C11_F1.indiceLoop" type="Variable"/>
               <Object fileName="Variables.xml" id="4cd271d9-19f9-4928-a3ec-187a8f2f728f" lastModify="2024-07-31T19:01:42.000Z" name="MAPSERVICE_Sinacofi_C11_F1_C11_FRONT::MAPSERVICE.Sinacofi_C11_F1.CodigoError" type="Variable"/>
               <Object fileName="Variables.xml" id="bffa50fa-e420-420e-9aba-2e7d84c1C119" lastModify="2024-07-31T19:01:42.000Z" name="MAPSERVICE_Sinacofi_C11_F1_C11_FRONT::MAPSERVICE.Sinacofi_C11_F1.correlativoPrefijo" type="Variable"/>
               <Object fileName="Variables.xml" id="2bf5fc3a-ce1e-460c-aa4d-39dd9151a376" lastModify="2024-07-31T19:01:42.000Z" name="MAPSERVICE_Sinacofi_C11_F1_C11_FRONT::MAPSERVICE.Sinacofi_C11_F1.indice" type="Variable"/>
               <Object fileName="Variables.xml" id="64d94ac3-e932-412f-ac04-aa52e6ac4e0a" lastModify="2024-07-31T19:01:42.000Z" name="MAPSERVICE_Sinacofi_C11_F1_C11_FRONT::MAPSERVICE.Sinacofi_C11_F1.indice2" type="Variable"/>
               <Object fileName="Variables.xml" id="466e713d-9c27-4748-9af3-5ec2ae20bcfc" lastModify="2024-07-31T19:01:42.000Z" name="MAPSERVICE_Sinacofi_C11_F1_C11_FRONT::MAPSERVICE.Sinacofi_C11_F1.indice3" type="Variable"/>
               <Object fileName="Variables.xml" id="39a1f647-5bf9-474b-9625-33cf6f8bf9fe" lastModify="2024-07-31T19:01:42.000Z" name="MAPSERVICE_Sinacofi_C11_F1_C11_FRONT::MAPSERVICE.Sinacofi_C11_F1.tipoDocumentoPrefijo" type="Variable"/>
               <Object fileName="Variables.xml" id="ff84c037-fb9f-49f4-b8f3-b258ed4827dc" lastModify="2024-07-31T19:01:42.000Z" name="MAPSERVICE_Sinacofi_C11_F1_C11_FRONT::MAPSERVICE.Sinacofi_C11_F1.usuarioNAPrefijo" type="Variable"/>
               <Object fileName="Variables.xml" id="9e755733-aafa-493f-a824-605c9ca81a89" lastModify="2024-07-31T19:01:42.000Z" name="MAPSERVICE_Sinacofi_C11_F1_C11_FRONT::MAPSERVICE.Sinacofi_C11_F1.usuarioPrefijo" type="Variable"/>
               <Object id="5c9869f5-0ef5-4ee5-86c9-f734af6e5774" name="MAPSERVICE_Sinacofi_C11_F1_C11_FRONT::MAPSERVICE.Sinacofi_C11_F1\ArchivosMomentaneos.C11_Archivo_Datos_Val:InstanciarVariables" type="CheckConstraint"/>
               <Object id="5c9869f5-0ef5-4ee5-86c9-f734af6e5774" name="MAPSERVICE_Sinacofi_C11_F1_C11_FRONT::MAPSERVICE.Sinacofi_C11_F1\ArchivosMomentaneos.C11_Archivo_Datos_Val:Validation_code65_V1_code75_V7" type="CheckConstraint"/>
               <Object id="5c9869f5-0ef5-4ee5-86c9-f734af6e5774" name="MAPSERVICE_Sinacofi_C11_F1_C11_FRONT::MAPSERVICE.Sinacofi_C11_F1\ArchivosMomentaneos.C11_Archivo_Datos_Val:Validation_code05_V2" type="CheckConstraint"/>
               <Object id="5c9869f5-0ef5-4ee5-86c9-f734af6e5774" name="MAPSERVICE_Sinacofi_C11_F1_C11_FRONT::MAPSERVICE.Sinacofi_C11_F1\ArchivosMomentaneos.C11_Archivo_Datos_Val:Validation_code74_V5" type="CheckConstraint"/>
               <Object id="5c9869f5-0ef5-4ee5-86c9-f734af6e5774" name="MAPSERVICE_Sinacofi_C11_F1_C11_FRONT::MAPSERVICE.Sinacofi_C11_F1\ArchivosMomentaneos.C11_Archivo_Datos_Val:Validation_container" type="CheckConstraint"/>
            </Object>
            <Object fileName="BusinessDocument_2.xml" id="5a26c413-5426-4534-8607-9d23965d6be1" lastModify="2024-07-31T19:01:42.000Z" name="MAPSERVICE_Sinacofi_C11_F1_C11_FRONT::MAPSERVICE.Sinacofi_C11_F1\ArchivosEntrada.C11_Archivo_Datos" type="BusinessDocument"/>
         </Object>
         <Object fileName="Variables.xml" id="611fa8e6-e9c4-4ac2-a44b-596b3de5465e" lastModify="2024-07-31T19:01:42.000Z" name="MAPSERVICE_Sinacofi_C11_F1_C11_FRONT::MAPSERVICE.Sinacofi_C11_F1.var_error1" type="Variable"/>
         <Object fileName="Variables.xml" id="b1d99d97-5a0c-41b2-938f-3c74978fc00b" lastModify="2024-07-31T19:01:42.000Z" name="MAPSERVICE_Sinacofi_C11_F1_C11_FRONT::MAPSERVICE.Sinacofi_C11_F1.TipoArchivo" type="Variable"/>
         <Object fileName="Variables.xml" id="be1abe5b-940e-4e43-8099-40fcba76b305" lastModify="2024-07-31T19:01:42.000Z" name="MAPSERVICE_Sinacofi_C11_F1_C11_FRONT::MAPSERVICE.Sinacofi_C11_F1.Detalles2" type="Variable"/>
         <Object fileName="Variables.xml" id="b6db7a21-3ef3-4fb8-8233-d0654bfebf62" lastModify="2024-07-31T19:01:42.000Z" name="MAPSERVICE_Sinacofi_C11_F1_C11_FRONT::MAPSERVICE.Sinacofi_C11_F1.Detalles3" type="Variable"/>
         <Object fileName="Variables.xml" id="bd2edc22-ccf5-4262-9278-cef983d61675" lastModify="2024-07-31T19:01:42.000Z" name="MAPSERVICE_Sinacofi_C11_F1_C11_FRONT::MAPSERVICE.Sinacofi_C11_F1.indiceLoop" type="Variable"/>
         <Object fileName="Variables.xml" id="4cd271d9-19f9-4928-a3ec-187a8f2f728f" lastModify="2024-07-31T19:01:42.000Z" name="MAPSERVICE_Sinacofi_C11_F1_C11_FRONT::MAPSERVICE.Sinacofi_C11_F1.CodigoError" type="Variable"/>
         <Object fileName="Variables.xml" id="bffa50fa-e420-420e-9aba-2e7d84c1C119" lastModify="2024-07-31T19:01:42.000Z" name="MAPSERVICE_Sinacofi_C11_F1_C11_FRONT::MAPSERVICE.Sinacofi_C11_F1.correlativoPrefijo" type="Variable"/>
         <Object fileName="Variables.xml" id="9d7c92bf-6a5b-4732-ba73-2c075c6fe230" lastModify="2024-07-31T19:01:42.000Z" name="MAPSERVICE_Sinacofi_C11_F1_C11_FRONT::MAPSERVICE.Sinacofi_C11_F1.MovimientoProcesado" type="Variable"/>
         <Object fileName="Variables.xml" id="2bf5fc3a-ce1e-460c-aa4d-39dd9151a376" lastModify="2024-07-31T19:01:42.000Z" name="MAPSERVICE_Sinacofi_C11_F1_C11_FRONT::MAPSERVICE.Sinacofi_C11_F1.indice" type="Variable"/>
         <Object fileName="Variables.xml" id="64d94ac3-e932-412f-ac04-aa52e6ac4e0a" lastModify="2024-07-31T19:01:42.000Z" name="MAPSERVICE_Sinacofi_C11_F1_C11_FRONT::MAPSERVICE.Sinacofi_C11_F1.indice2" type="Variable"/>
         <Object fileName="Variables.xml" id="466e713d-9c27-4748-9af3-5ec2ae20bcfc" lastModify="2024-07-31T19:01:42.000Z" name="MAPSERVICE_Sinacofi_C11_F1_C11_FRONT::MAPSERVICE.Sinacofi_C11_F1.indice3" type="Variable"/>
         <Object fileName="Variables.xml" id="39a1f647-5bf9-474b-9625-33cf6f8bf9fe" lastModify="2024-07-31T19:01:42.000Z" name="MAPSERVICE_Sinacofi_C11_F1_C11_FRONT::MAPSERVICE.Sinacofi_C11_F1.tipoDocumentoPrefijo" type="Variable"/>
         <Object fileName="Variables.xml" id="ff84c037-fb9f-49f4-b8f3-b258ed4827dc" lastModify="2024-07-31T19:01:42.000Z" name="MAPSERVICE_Sinacofi_C11_F1_C11_FRONT::MAPSERVICE.Sinacofi_C11_F1.usuarioNAPrefijo" type="Variable"/>
         <Object fileName="Variables.xml" id="9e755733-aafa-493f-a824-605c9ca81a89" lastModify="2024-07-31T19:01:42.000Z" name="MAPSERVICE_Sinacofi_C11_F1_C11_FRONT::MAPSERVICE.Sinacofi_C11_F1.usuarioPrefijo" type="Variable"/>
      </Object>
      <Object fileName="MapBroker_2.xml" id="cf0945b0-28c2-4639-a6c9-bddbb3e71ab9" lastModify="2024-07-31T19:01:42.000Z" name="MAPSERVICE_Sinacofi_C11_F1_C11_FRONT::MAPSERVICE.Sinacofi_C11_F1.Calcular_Cam" type="MapBroker">
         <Object id="1cb16b97-c668-4742-bf9c-e7da78efdc15" lastModify="2024-07-31T19:01:42.000Z" name="MAPSERVICE_Sinacofi_C11_F1_C11_FRONT::MAPSERVICE.Sinacofi_C11_F1.Calcular_Campos" type="MappingRule">
            <Object fileName="BusinessDocument_2.xml" id="5a26c413-5426-4534-8607-9d23965d6be1" lastModify="2024-07-31T19:01:42.000Z" name="MAPSERVICE_Sinacofi_C11_F1_C11_FRONT::MAPSERVICE.Sinacofi_C11_F1\ArchivosEntrada.C11_Archivo_Datos" type="BusinessDocument"/>
            <Object fileName="BusinessDocument_3.xml" id="29b6fc93-a3f5-4ed1-bd2a-a3828141c0b1" lastModify="2024-07-31T19:01:42.000Z" name="MAPSERVICE_Sinacofi_C11_F1_C11_FRONT::MAPSERVICE.Sinacofi_C11_F1\Salida.C11_Caratula_Salida" type="BusinessDocument"/>
         </Object>
         <Object fileName="Variables.xml" id="bffa50fa-e420-420e-9aba-2e7d84c1C119" lastModify="2024-07-31T19:01:42.000Z" name="MAPSERVICE_Sinacofi_C11_F1_C11_FRONT::MAPSERVICE.Sinacofi_C11_F1.correlativoPrefijo" type="Variable"/>
      </Object>
      <Object fileName="MapBroker_3.xml" id="ddec0d24-706a-4db5-a7ac-a14fde47f3f3" lastModify="2024-07-31T19:01:42.000Z" name="MAPSERVICE_Sinacofi_C11_F1_C11_FRONT::MAPSERVICE.Sinacofi_C11_F1.Evento_Error" type="MapBroker">
         <Object fileName="CustomFunctions.xml" id="53671eb6-d536-4a07-b926-d740272e8aa4" lastModify="2024-07-31T19:01:42.000Z" name="MAPSERVICE.Sinacofi_C11_F1.InsertErrorTBL" type="CustomFunction"/>
         <Object fileName="CustomFunctions.xml" id="9e78dfb3-a96c-416d-b1f8-c156a40967b0" lastModify="2024-07-31T19:01:42.000Z" name="MAPSERVICE.Sinacofi_C11_F1.InsertMovTBL" type="CustomFunction"/>
         <Object fileName="Variables.xml" id="611fa8e6-e9c4-4ac2-a44b-596b3de5465e" lastModify="2024-07-31T19:01:42.000Z" name="MAPSERVICE_Sinacofi_C11_F1_C11_FRONT::MAPSERVICE.Sinacofi_C11_F1.var_error1" type="Variable"/>
         <Object fileName="Variables.xml" id="0d569f53-b945-416c-bd9f-63056e36475e" lastModify="2024-07-31T19:01:42.000Z" name="MAPSERVICE_Sinacofi_C11_F1_C11_FRONT::MAPSERVICE.Sinacofi_C11_F1.debug" type="Variable"/>
         <Object fileName="Variables.xml" id="68bc84be-17b1-496b-9ec8-fb15e0944690" lastModify="2024-07-31T19:01:42.000Z" name="MAPSERVICE_Sinacofi_C11_F1_C11_FRONT::MAPSERVICE.Sinacofi_C11_F1.var_registro1" type="Variable"/>
         <Object fileName="Variables.xml" id="bffa50fa-e420-420e-9aba-2e7d84c1C119" lastModify="2024-07-31T19:01:42.000Z" name="MAPSERVICE_Sinacofi_C11_F1_C11_FRONT::MAPSERVICE.Sinacofi_C11_F1.correlativoPrefijo" type="Variable"/>
      </Object>
      <Object fileName="MapBroker_4.xml" id="4015b54a-c649-4e47-b9f7-d41e3e8b10e8" lastModify="2024-07-31T19:01:42.000Z" name="MAPSERVICE_Sinacofi_C11_F1_C11_FRONT::MAPSERVICE.Sinacofi_C11_F1.Insertar_Campos" type="MapBroker">
         <Object fileName="BusinessDocument_3.xml" id="29b6fc93-a3f5-4ed1-bd2a-a3828141c0b1" lastModify="2024-07-31T19:01:42.000Z" name="MAPSERVICE_Sinacofi_C11_F1_C11_FRONT::MAPSERVICE.Sinacofi_C11_F1\Salida.C11_Caratula_Salida" type="BusinessDocument"/>
         <Object fileName="CustomFunctions.xml" id="53671eb6-d536-4a07-b926-d740272e8aa4" lastModify="2024-07-31T19:01:42.000Z" name="MAPSERVICE.Sinacofi_C11_F1.InsertErrorTBL" type="CustomFunction"/>
         <Object fileName="CustomFunctions.xml" id="9e78dfb3-a96c-416d-b1f8-c156a40967b0" lastModify="2024-07-31T19:01:42.000Z" name="MAPSERVICE.Sinacofi_C11_F1.InsertMovTBL" type="CustomFunction"/>
         <Object fileName="CustomFunctions.xml" id="33471ac7-5872-4709-b75a-0fc814d91ab6" lastModify="2024-07-31T19:01:42.000Z" name="MAPSERVICE.Sinacofi_C11_F1.ValidarEstructuraCAR" type="CustomFunction"/>
         <Object fileName="CustomFunctions.xml" id="a7e635c7-52a3-4538-b80d-3db58897c988" lastModify="2024-07-31T19:01:42.000Z" name="MAPSERVICE.Sinacofi_C11_F1.CargarCampos" type="CustomFunction"/>
         <Object fileName="Variables.xml" id="611fa8e6-e9c4-4ac2-a44b-596b3de5465e" lastModify="2024-07-31T19:01:42.000Z" name="MAPSERVICE_Sinacofi_C11_F1_C11_FRONT::MAPSERVICE.Sinacofi_C11_F1.var_error1" type="Variable"/>
         <Object fileName="Variables.xml" id="68bc84be-17b1-496b-9ec8-fb15e0944690" lastModify="2024-07-31T19:01:42.000Z" name="MAPSERVICE_Sinacofi_C11_F1_C11_FRONT::MAPSERVICE.Sinacofi_C11_F1.var_registro1" type="Variable"/>
         <Object fileName="Variables.xml" id="08c5d016-b238-451b-81ec-fc19d7421b79" lastModify="2024-07-31T19:01:42.000Z" name="MAPSERVICE_Sinacofi_C11_F1_C11_FRONT::MAPSERVICE.Sinacofi_C11_F1.resEstructuraValida" type="Variable"/>
         <Object fileName="Variables.xml" id="92bb996d-3ed8-4dcb-bdfd-8bc6f22a2acc" lastModify="2024-07-31T19:01:42.000Z" name="MAPSERVICE_Sinacofi_C11_F1_C11_FRONT::MAPSERVICE.Sinacofi_C11_F1.ValoresConcatenados" type="Variable"/>
         <Object fileName="Variables.xml" id="5ad17385-d4d9-44c7-bda9-41aafc685d09" lastModify="2024-07-31T19:01:42.000Z" name="MAPSERVICE_Sinacofi_C11_F1_C11_FRONT::MAPSERVICE.Sinacofi_C11_F1.resCargarCampos" type="Variable"/>
         <Object fileName="Variables.xml" id="bffa50fa-e420-420e-9aba-2e7d84c1C119" lastModify="2024-07-31T19:01:42.000Z" name="MAPSERVICE_Sinacofi_C11_F1_C11_FRONT::MAPSERVICE.Sinacofi_C11_F1.correlativoPrefijo" type="Variable"/>
         <Object fileName="Variables.xml" id="9d7c92bf-6a5b-4732-ba73-2c075c6fe230" lastModify="2024-07-31T19:01:42.000Z" name="MAPSERVICE_Sinacofi_C11_F1_C11_FRONT::MAPSERVICE.Sinacofi_C11_F1.MovimientoProcesado" type="Variable"/>
      </Object>
      <Object fileName="Variables.xml" id="611fa8e6-e9c4-4ac2-a44b-596b3de5465e" lastModify="2024-07-31T19:01:42.000Z" name="MAPSERVICE_Sinacofi_C11_F1_C11_FRONT::MAPSERVICE.Sinacofi_C11_F1.var_error1" type="Variable"/>
      <Object fileName="Variables.xml" id="0d569f53-b945-416c-bd9f-63056e36475e" lastModify="2024-07-31T19:01:42.000Z" name="MAPSERVICE_Sinacofi_C11_F1_C11_FRONT::MAPSERVICE.Sinacofi_C11_F1.debug" type="Variable"/>
      <Object fileName="Variables.xml" id="68bc84be-17b1-496b-9ec8-fb15e0944690" lastModify="2024-07-31T19:01:42.000Z" name="MAPSERVICE_Sinacofi_C11_F1_C11_FRONT::MAPSERVICE.Sinacofi_C11_F1.var_registro1" type="Variable"/>
      <Object fileName="Variables.xml" id="08c5d016-b238-451b-81ec-fc19d7421b79" lastModify="2024-07-31T19:01:42.000Z" name="MAPSERVICE_Sinacofi_C11_F1_C11_FRONT::MAPSERVICE.Sinacofi_C11_F1.resEstructuraValida" type="Variable"/>
      <Object fileName="Variables.xml" id="92bb996d-3ed8-4dcb-bdfd-8bc6f22a2acc" lastModify="2024-07-31T19:01:42.000Z" name="MAPSERVICE_Sinacofi_C11_F1_C11_FRONT::MAPSERVICE.Sinacofi_C11_F1.ValoresConcatenados" type="Variable"/>
      <Object fileName="Variables.xml" id="5ad17385-d4d9-44c7-bda9-41aafc685d09" lastModify="2024-07-31T19:01:42.000Z" name="MAPSERVICE_Sinacofi_C11_F1_C11_FRONT::MAPSERVICE.Sinacofi_C11_F1.resCargarCampos" type="Variable"/>
      <Object fileName="Variables.xml" id="bffa50fa-e420-420e-9aba-2e7d84c1C119" lastModify="2024-07-31T19:01:42.000Z" name="MAPSERVICE_Sinacofi_C11_F1_C11_FRONT::MAPSERVICE.Sinacofi_C11_F1.correlativoPrefijo" type="Variable"/>
      <Object fileName="Variables.xml" id="9d7c92bf-6a5b-4732-ba73-2c075c6fe230" lastModify="2024-07-31T19:01:42.000Z" name="MAPSERVICE_Sinacofi_C11_F1_C11_FRONT::MAPSERVICE.Sinacofi_C11_F1.MovimientoProcesado" type="Variable"/>
   </RootObject>
</ObjectDependencies>
