{
  "born-on" : "2024-09-26T10:51:13-0300",
  "beans" : [ {
    "@class" : "ComponentBean",
    "resourceName" : "MAPSERVICE.Sinacofi_D62.D62_FT3",
    "resourceAbsFilePath" : "",
    "resourceType" : "3",
    "componentId" : "10276006",
    "processingStepEnabled" : true,
    "processingStepName" : "Component_D62_FT3",
    "processingStepType" : "Map",
    "processingStepAddOutput" : false,
    "configurations" : "null/10276006/configurations",
    "@id" : "10277505",
    "configuration-defs" : [ {
      "name" : "Input",
      "type" : "13",
      "description" : "Input format XML",
      "arguments" : null,
      "@id" : "10276543",
      "argument-defs" : [ {
        "name" : "Detector mode",
        "type" : "java.lang.Boolean",
        "notEqualTo" : null,
        "value" : null,
        "editable" : false,
        "@id" : "10277162"
      }, {
        "name" : "Check facet on input",
        "type" : "java.lang.Boolean",
        "notEqualTo" : null,
        "value" : null,
        "editable" : false,
        "@id" : "10277163"
      }, {
        "name" : "Check facet on output",
        "type" : "java.lang.Boolean",
        "notEqualTo" : null,
        "value" : null,
        "editable" : false,
        "@id" : "10277164"
      }, {
        "name" : "Accept input documents with errors",
        "type" : "java.lang.Boolean",
        "notEqualTo" : null,
        "value" : null,
        "editable" : false,
        "@id" : "10277165"
      }, {
        "name" : "Action when no output created by flow",
        "type" : "b2bx.server.EnumParameter",
        "notEqualTo" : null,
        "value" : "4",
        "editable" : true,
        "@id" : "10277166"
      }, {
        "name" : "Debug",
        "type" : "java.lang.Boolean",
        "notEqualTo" : null,
        "value" : null,
        "editable" : false,
        "@id" : "10277167"
      } ]
    }, {
      "name" : "Backup",
      "type" : "2",
      "description" : "Output parameters",
      "arguments" : null,
      "@id" : "10276544",
      "argument-defs" : [ {
        "name" : "Output Format",
        "type" : "b2bx.server.EnumParameter",
        "notEqualTo" : null,
        "value" : "0",
        "editable" : true,
        "@id" : "10277168"
      }, {
        "name" : "Accept output documents with errors",
        "type" : "java.lang.Boolean",
        "notEqualTo" : null,
        "value" : null,
        "editable" : false,
        "@id" : "10277169"
      }, {
        "name" : "Action when no output created",
        "type" : "b2bx.server.EnumParameter",
        "notEqualTo" : null,
        "value" : "2",
        "editable" : true,
        "@id" : "10277170"
      }, {
        "name" : "Version",
        "type" : "b2bx.server.EnumParameter",
        "notEqualTo" : null,
        "value" : "",
        "editable" : true,
        "@id" : "10277171"
      } ]
    }, {
      "name" : "AUX",
      "type" : "2",
      "description" : "Output parameters",
      "arguments" : null,
      "@id" : "10276545",
      "argument-defs" : [ {
        "name" : "Output Format",
        "type" : "b2bx.server.EnumParameter",
        "notEqualTo" : null,
        "value" : "0",
        "editable" : true,
        "@id" : "10277172"
      }, {
        "name" : "Accept output documents with errors",
        "type" : "java.lang.Boolean",
        "notEqualTo" : null,
        "value" : null,
        "editable" : false,
        "@id" : "10277173"
      }, {
        "name" : "Action when no output created",
        "type" : "b2bx.server.EnumParameter",
        "notEqualTo" : null,
        "value" : "2",
        "editable" : true,
        "@id" : "10277174"
      }, {
        "name" : "Version",
        "type" : "b2bx.server.EnumParameter",
        "notEqualTo" : null,
        "value" : "",
        "editable" : true,
        "@id" : "10277175"
      } ]
    }, {
      "name" : "Salida",
      "type" : "2",
      "description" : "Output parameters",
      "arguments" : null,
      "@id" : "10276546",
      "argument-defs" : [ {
        "name" : "Output Format",
        "type" : "b2bx.server.EnumParameter",
        "notEqualTo" : null,
        "value" : "0",
        "editable" : true,
        "@id" : "10277176"
      }, {
        "name" : "Accept output documents with errors",
        "type" : "java.lang.Boolean",
        "notEqualTo" : null,
        "value" : null,
        "editable" : false,
        "@id" : "10277177"
      }, {
        "name" : "Action when no output created",
        "type" : "b2bx.server.EnumParameter",
        "notEqualTo" : null,
        "value" : "2",
        "editable" : true,
        "@id" : "10277178"
      }, {
        "name" : "Version",
        "type" : "b2bx.server.EnumParameter",
        "notEqualTo" : null,
        "value" : "",
        "editable" : true,
        "@id" : "10277179"
      } ]
    }, {
      "name" : "Buzon",
      "type" : "2",
      "description" : "Output parameters",
      "arguments" : null,
      "@id" : "10276547",
      "argument-defs" : [ {
        "name" : "Output Format",
        "type" : "b2bx.server.EnumParameter",
        "notEqualTo" : null,
        "value" : "0",
        "editable" : true,
        "@id" : "10277180"
      }, {
        "name" : "Accept output documents with errors",
        "type" : "java.lang.Boolean",
        "notEqualTo" : null,
        "value" : null,
        "editable" : false,
        "@id" : "10277181"
      }, {
        "name" : "Action when no output created",
        "type" : "b2bx.server.EnumParameter",
        "notEqualTo" : null,
        "value" : "2",
        "editable" : true,
        "@id" : "10277182"
      }, {
        "name" : "Version",
        "type" : "b2bx.server.EnumParameter",
        "notEqualTo" : null,
        "value" : "",
        "editable" : true,
        "@id" : "10277183"
      } ]
    }, {
      "name" : "Channel",
      "type" : "9",
      "description" : "Connection parameters",
      "arguments" : null,
      "@id" : "10276548",
      "argument-defs" : [ {
        "name" : "Connection",
        "type" : "b2bx.server.LocalObjectParameter",
        "notEqualTo" : null,
        "value" : "Oracle_MFT",
        "editable" : true,
        "@id" : "10277184"
      } ]
    } ]
  }, {
    "@class" : "ComponentBean",
    "resourceName" : "MAPSERVICE.Sinacofi_D61.D61_FT3",
    "resourceAbsFilePath" : "",
    "resourceType" : "3",
    "componentId" : "10276001",
    "processingStepEnabled" : true,
    "processingStepName" : "Component_D61_FT3",
    "processingStepType" : "Map",
    "processingStepAddOutput" : false,
    "configurations" : "null/10276001/configurations",
    "@id" : "10277501",
    "configuration-defs" : [ {
      "name" : "Input",
      "type" : "13",
      "description" : "Input format XML",
      "arguments" : null,
      "@id" : "10276501",
      "argument-defs" : [ {
        "name" : "Detector mode",
        "type" : "java.lang.Boolean",
        "notEqualTo" : null,
        "value" : null,
        "editable" : false,
        "@id" : "10277001"
      }, {
        "name" : "Check facet on input",
        "type" : "java.lang.Boolean",
        "notEqualTo" : null,
        "value" : null,
        "editable" : false,
        "@id" : "10277002"
      }, {
        "name" : "Check facet on output",
        "type" : "java.lang.Boolean",
        "notEqualTo" : null,
        "value" : null,
        "editable" : false,
        "@id" : "10277003"
      }, {
        "name" : "Accept input documents with errors",
        "type" : "java.lang.Boolean",
        "notEqualTo" : null,
        "value" : null,
        "editable" : false,
        "@id" : "10277004"
      }, {
        "name" : "Action when no output created by flow",
        "type" : "b2bx.server.EnumParameter",
        "notEqualTo" : null,
        "value" : "4",
        "editable" : true,
        "@id" : "10277005"
      }, {
        "name" : "Debug",
        "type" : "java.lang.Boolean",
        "notEqualTo" : null,
        "value" : null,
        "editable" : false,
        "@id" : "10277006"
      } ]
    }, {
      "name" : "AUX",
      "type" : "2",
      "description" : "Output parameters",
      "arguments" : null,
      "@id" : "10276502",
      "argument-defs" : [ {
        "name" : "Output Format",
        "type" : "b2bx.server.EnumParameter",
        "notEqualTo" : null,
        "value" : "0",
        "editable" : true,
        "@id" : "10277007"
      }, {
        "name" : "Accept output documents with errors",
        "type" : "java.lang.Boolean",
        "notEqualTo" : null,
        "value" : null,
        "editable" : false,
        "@id" : "10277008"
      }, {
        "name" : "Action when no output created",
        "type" : "b2bx.server.EnumParameter",
        "notEqualTo" : null,
        "value" : "2",
        "editable" : true,
        "@id" : "10277009"
      }, {
        "name" : "Version",
        "type" : "b2bx.server.EnumParameter",
        "notEqualTo" : null,
        "value" : "",
        "editable" : true,
        "@id" : "10277010"
      } ]
    }, {
      "name" : "Buzon",
      "type" : "2",
      "description" : "Output parameters",
      "arguments" : null,
      "@id" : "10276503",
      "argument-defs" : [ {
        "name" : "Output Format",
        "type" : "b2bx.server.EnumParameter",
        "notEqualTo" : null,
        "value" : "0",
        "editable" : true,
        "@id" : "10277011"
      }, {
        "name" : "Accept output documents with errors",
        "type" : "java.lang.Boolean",
        "notEqualTo" : null,
        "value" : null,
        "editable" : false,
        "@id" : "10277012"
      }, {
        "name" : "Action when no output created",
        "type" : "b2bx.server.EnumParameter",
        "notEqualTo" : null,
        "value" : "2",
        "editable" : true,
        "@id" : "10277013"
      }, {
        "name" : "Version",
        "type" : "b2bx.server.EnumParameter",
        "notEqualTo" : null,
        "value" : "",
        "editable" : true,
        "@id" : "10277014"
      } ]
    }, {
      "name" : "Backup",
      "type" : "2",
      "description" : "Output parameters",
      "arguments" : null,
      "@id" : "10276504",
      "argument-defs" : [ {
        "name" : "Output Format",
        "type" : "b2bx.server.EnumParameter",
        "notEqualTo" : null,
        "value" : "0",
        "editable" : true,
        "@id" : "10277015"
      }, {
        "name" : "Accept output documents with errors",
        "type" : "java.lang.Boolean",
        "notEqualTo" : null,
        "value" : null,
        "editable" : false,
        "@id" : "10277016"
      }, {
        "name" : "Action when no output created",
        "type" : "b2bx.server.EnumParameter",
        "notEqualTo" : null,
        "value" : "2",
        "editable" : true,
        "@id" : "10277017"
      }, {
        "name" : "Version",
        "type" : "b2bx.server.EnumParameter",
        "notEqualTo" : null,
        "value" : "",
        "editable" : true,
        "@id" : "10277018"
      } ]
    }, {
      "name" : "Salida",
      "type" : "2",
      "description" : "Output parameters",
      "arguments" : null,
      "@id" : "10276505",
      "argument-defs" : [ {
        "name" : "Output Format",
        "type" : "b2bx.server.EnumParameter",
        "notEqualTo" : null,
        "value" : "0",
        "editable" : true,
        "@id" : "10277019"
      }, {
        "name" : "Accept output documents with errors",
        "type" : "java.lang.Boolean",
        "notEqualTo" : null,
        "value" : null,
        "editable" : false,
        "@id" : "10277020"
      }, {
        "name" : "Action when no output created",
        "type" : "b2bx.server.EnumParameter",
        "notEqualTo" : null,
        "value" : "2",
        "editable" : true,
        "@id" : "10277021"
      }, {
        "name" : "Version",
        "type" : "b2bx.server.EnumParameter",
        "notEqualTo" : null,
        "value" : "",
        "editable" : true,
        "@id" : "10277022"
      } ]
    }, {
      "name" : "Channel",
      "type" : "9",
      "description" : "Connection parameters",
      "arguments" : null,
      "@id" : "10276506",
      "argument-defs" : [ {
        "name" : "Connection",
        "type" : "b2bx.server.LocalObjectParameter",
        "notEqualTo" : null,
        "value" : "Oracle_MFT",
        "editable" : true,
        "@id" : "10277023"
      } ]
    } ]
  } ],
  "container-version" : "26.11.1 951d5bfb",
  "count" : 2,
  "version" : "1.0"
}