<?xml version="1.0" encoding="UTF-8" standalone="no"?>
<MapBrokers xmlns:xsi="http://www.w3.org/2001/XMLSchema-instance" xsi:noNamespaceSchemaLocation="MapBrokers_2.xsd">
   <MapBroker dmlCompatibility="2.1" id="cf0945b0-28c2-4639-a6c9-bddbb3e71ab9" label="" lastModified="2024-07-09T18:50:21.000Z" name="MAPSERVICE_Sinacofi_C40_F1_C40_FRONT::MAPSERVICE.Sinacofi_C40_F1.Calcular_Cam" xmlVersion="1.0">
      <DmlMapBroker>
         <InputBusinessDocuments>
            <InputBusinessDocument>
               <BusinessDocument id="5a26c413-5426-4534-8607-9d23965d6be1">
                  <name>MAPSERVICE_Sinacofi_C40_F1_C40_FRONT::MAPSERVICE.Sinacofi_C40_F1\ArchivosEntrada.C40_Archivo_Datos</name>
                  <lastModified>2024-07-31T15:56:46.000Z</lastModified>
               </BusinessDocument>
               <Alias>in</Alias>
            </InputBusinessDocument>
         </InputBusinessDocuments>
         <DecisionPath>
            <StepMappingRule>
               <MappingRule id="1cb16b97-c668-4742-bf9c-e7da78efdc15" label="" lastModified="2024-07-31T15:56:46.000Z" name="MAPSERVICE_Sinacofi_C40_F1_C40_FRONT::MAPSERVICE.Sinacofi_C40_F1.Calcular_Campos:Calcular_Campos" xmlVersion="1.0">
                  <OutputBusinessDocument id="29b6fc93-a3f5-4ed1-bd2a-a3828141c0b1">
                     <name>MAPSERVICE_Sinacofi_C40_F1_C40_FRONT::MAPSERVICE.Sinacofi_C40_F1\Salida.C40_Caratula_Salida</name>
                     <lastModified>2024-07-31T15:56:46.000Z</lastModified>
                  </OutputBusinessDocument>
                  <MappingElement ElementReferenceId="3">
                     <Expression>
                        <DmlExpression><![CDATA[count(\Details) ]]></DmlExpression>
                     </Expression>
                     <Comment/>
                  </MappingElement>
                  <MappingElement ElementReferenceId="4">
                     <Expression>
                        <DmlExpression><![CDATA[count(\Details[where getSubString(item\Contenido,1,2) = "09"])]]></DmlExpression>
                     </Expression>
                     <Comment/>
                  </MappingElement>
                  <MappingElement ElementReferenceId="5">
                     <Expression>
                        <DmlExpression><![CDATA[count(\Details[where getSubString(item\Contenido,1,2) = "10"])]]></DmlExpression>
                     </Expression>
                     <Comment/>
                  </MappingElement>
                  <MappingElement ElementReferenceId="6">
                     <Expression>
                        <DmlExpression><![CDATA[count(\Details[where getSubString(item\Contenido,1,2) = "11"])]]></DmlExpression>
                     </Expression>
                     <Comment/>
                  </MappingElement>
                  <MappingElement ElementReferenceId="7">
                     <Expression>
                        <DmlExpression><![CDATA[count(\Details[where getSubString(item\Contenido,1,2) = "12"])]]></DmlExpression>
                     </Expression>
                     <Comment/>
                  </MappingElement>
                  <MappingElement ElementReferenceId="8">
                     <Expression>
                        <DmlExpression><![CDATA[%totalPAE:=0;
%totalPAF:=0;
%totalPAG:=0;
%totalPAH:=0;
loop on \Details {
	if ( getSubString( this\Contenido,1,2 )= "09" ) 
	then {
  	%totalPAE:=%totalPAE+convertToI( getSubString( this\Contenido, 13, 14 ))
             };
    if ( getSubString( this\Contenido,1,2 )= "10" ) 
    then {
  	%totalPAF:=%totalPAF+convertToI( getSubString( this\Contenido, 7, 14 ))
             };
    if ( getSubString( this\Contenido,1,2 )= "11" ) 
    then {
  	%totalPAG:=%totalPAG+convertToI( getSubString( this\Contenido, 8, 14 ))
             };
    if ( getSubString( this\Contenido,1,2 )= "12" ) 
    then {
  	%totalPAH:=%totalPAH+convertToI( getSubString( this\Contenido, 5, 14 ))
             }
  };
  %totalPAE]]></DmlExpression>
                     </Expression>
                     <Comment/>
                  </MappingElement>
                  <MappingElement ElementReferenceId="9">
                     <Expression>
                        <DmlExpression><![CDATA[%totalPAF]]></DmlExpression>
                     </Expression>
                     <Comment/>
                  </MappingElement>
                  <MappingElement ElementReferenceId="10">
                     <Expression>
                        <DmlExpression><![CDATA[%totalPAG ]]></DmlExpression>
                     </Expression>
                     <Comment/>
                  </MappingElement>
                  <MappingElement ElementReferenceId="11">
                     <Expression>
                        <DmlExpression><![CDATA[%totalPAH]]></DmlExpression>
                     </Expression>
                     <Comment/>
                  </MappingElement>
                  <MappingElement ElementReferenceId="2">
                     <Expression>
                        <DmlExpression><![CDATA[getSubString( in:\Header\Datos,7,6 )]]></DmlExpression>
                     </Expression>
                     <Comment/>
                  </MappingElement>
               </MappingRule>
               <StepOutput>
                  <OutputName>out</OutputName>
               </StepOutput>
            </StepMappingRule>
            <StepOutput>
               <OutputName>out1</OutputName>
               <InputBusinessDocumentAlias>in</InputBusinessDocumentAlias>
            </StepOutput>
            <StepOutput>
               <OutputName>out2</OutputName>
               <InputBusinessDocumentAlias>in</InputBusinessDocumentAlias>
            </StepOutput>
            <StepStep>
               <DmlExpression><![CDATA[%correlativoPrefijo:= getSubString(getAttribute( "B2BXGIReceive_ConsumptionFilename" ), 5, 8 );
setDocumentAttributeToOutput( "out1",  "B2BXGISend_ProductionFilename",%correlativoPrefijo &"_datosSalida");
setDocumentAttributeToOutput( "out2",  "B2BXGISend_ProductionFilename",getSubString(getAttribute("B2BXGIReceive_ConsumptionFilename" ), 5, 255) + getAttribute( "B2BXGIReceive_ConsumptionExtension"))]]></DmlExpression>
            </StepStep>
         </DecisionPath>
      </DmlMapBroker>
   </MapBroker>
</MapBrokers>
