<?xml version="1.0" encoding="UTF-8" standalone="no"?>
<Container xmlns:xsi="http://www.w3.org/2001/XMLSchema-instance" id="2f4f20f0-6cb6-4390-8fc4-fc4c013adf4d" name="Sinacofi_D41_F1_D41_FRONT" version="3" xsi:noNamespaceSchemaLocation="Container.xsd">
   <longDescription>   </longDescription>
   <generatedBy/>
   <generationDate>2024-09-24T13:28:18.000Z</generationDate>
   <shortDescription/>
   <Contents>
      <Product name="Integrator" version="3.7.0"/>
      <Product name="MapDesigner" version="2.5.0"/>
   </Contents>
</Container>
