<?xml version="1.0" encoding="UTF-8" standalone="no"?>
<Variables xmlns:xsi="http://www.w3.org/2001/XMLSchema-instance" xsi:noNamespaceSchemaLocation="Variables.xsd">
   <Variable dmlCompatibility="2.1" id="611fa8e6-e9c4-4ac2-a44b-596b3de5465e" label="" lastModified="2024-07-29T22:01:41.000Z" name="MAPSERVICE_Sinacofi_P33_F1_P33_FRONT::MAPSERVICE.Sinacofi_P33_F1.var_error1" xmlVersion="1.0">
      <DmlClassName>String</DmlClassName>
      <DmlExpression>""</DmlExpression>
   </Variable>
   <Variable dmlCompatibility="2.1" id="bffa50fa-e420-420e-9aba-2e7d84c1P339" label="" lastModified="2024-07-29T22:01:41.000Z" name="MAPSERVICE_Sinacofi_P33_F1_P33_FRONT::MAPSERVICE.Sinacofi_P33_F1.correlativoPrefijo" xmlVersion="1.0">
      <DmlClassName>String</DmlClassName>
      <DmlExpression>""</DmlExpression>
   </Variable>
   <Variable dmlCompatibility="2.1" id="9d7c92bf-6a5b-4732-ba73-2c075c6fe230" label="" lastModified="2024-07-29T22:01:41.000Z" name="MAPSERVICE_Sinacofi_P33_F1_P33_FRONT::MAPSERVICE.Sinacofi_P33_F1.MovimientoProcesado" xmlVersion="1.0">
      <DmlClassName>String</DmlClassName>
      <DmlExpression>""</DmlExpression>
   </Variable>
   <Variable dmlCompatibility="2.1" id="2bf5fc3a-ce1e-460c-aa4d-39dd9151a376" label="" lastModified="2024-07-29T22:01:41.000Z" name="MAPSERVICE_Sinacofi_P33_F1_P33_FRONT::MAPSERVICE.Sinacofi_P33_F1.indice" xmlVersion="1.0">
      <DmlClassName>Integer</DmlClassName>
      <DmlExpression>0</DmlExpression>
   </Variable>
   <Variable dmlCompatibility="2.1" id="64d94ac3-e932-412f-ac04-aa52e6ac4e0a" label="" lastModified="2024-07-29T22:01:41.000Z" name="MAPSERVICE_Sinacofi_P33_F1_P33_FRONT::MAPSERVICE.Sinacofi_P33_F1.indice2" xmlVersion="1.0">
      <DmlClassName>Integer</DmlClassName>
      <DmlExpression>0</DmlExpression>
   </Variable>
   <Variable dmlCompatibility="2.1" id="466e713d-9c27-4748-9af3-5ec2ae20bcfc" label="" lastModified="2024-07-29T22:01:41.000Z" name="MAPSERVICE_Sinacofi_P33_F1_P33_FRONT::MAPSERVICE.Sinacofi_P33_F1.indice3" xmlVersion="1.0">
      <DmlClassName>Integer</DmlClassName>
      <DmlExpression>0</DmlExpression>
   </Variable>
   <Variable dmlCompatibility="2.1" id="39a1f647-5bf9-474b-9625-33cf6f8bf9fe" label="" lastModified="2024-07-29T22:01:41.000Z" name="MAPSERVICE_Sinacofi_P33_F1_P33_FRONT::MAPSERVICE.Sinacofi_P33_F1.tipoDocumentoPrefijo" xmlVersion="1.0">
      <DmlClassName>String</DmlClassName>
      <DmlExpression>""</DmlExpression>
   </Variable>
   <Variable dmlCompatibility="2.1" id="ff84c037-fb9f-49f4-b8f3-b258ed4827dc" label="" lastModified="2024-07-29T22:01:41.000Z" name="MAPSERVICE_Sinacofi_P33_F1_P33_FRONT::MAPSERVICE.Sinacofi_P33_F1.usuarioNAPrefijo" xmlVersion="1.0">
      <DmlClassName>String</DmlClassName>
      <DmlExpression>""</DmlExpression>
   </Variable>
   <Variable dmlCompatibility="2.1" id="9e755733-aafa-493f-a824-605c9ca81a89" label="" lastModified="2024-07-29T22:01:41.000Z" name="MAPSERVICE_Sinacofi_P33_F1_P33_FRONT::MAPSERVICE.Sinacofi_P33_F1.usuarioPrefijo" xmlVersion="1.0">
      <DmlClassName>String</DmlClassName>
      <DmlExpression>""</DmlExpression>
   </Variable>
   <Variable dmlCompatibility="2.1" id="b1d99d97-5a0c-41b2-938f-3c74978fc00b" label="" lastModified="2024-07-29T22:01:41.000Z" name="MAPSERVICE_Sinacofi_P33_F1_P33_FRONT::MAPSERVICE.Sinacofi_P33_F1.TipoArchivo" xmlVersion="1.0">
      <DmlClassName>String</DmlClassName>
      <DmlExpression>""</DmlExpression>
   </Variable>
   <Variable dmlCompatibility="2.1" id="4cd271d9-19f9-4928-a3ec-187a8f2f728f" label="" lastModified="2024-07-29T22:01:41.000Z" name="MAPSERVICE_Sinacofi_P33_F1_P33_FRONT::MAPSERVICE.Sinacofi_P33_F1.CodigoError" xmlVersion="1.0">
      <DmlClassName>String</DmlClassName>
      <DmlExpression>""</DmlExpression>
   </Variable>
   <Variable dmlCompatibility="2.1" id="b9263aa7-cfe0-4f5c-93ed-fc2a625126c2" label="" lastModified="2024-07-29T22:01:41.000Z" name="MAPSERVICE_Sinacofi_P33_F1_P33_FRONT::MAPSERVICE.Sinacofi_P33_F1.Detalles" xmlVersion="1.0">
      <DmlClassName>String</DmlClassName>
      <DmlExpression>""</DmlExpression>
   </Variable>
   <Variable dmlCompatibility="2.1" id="be1abe5b-940e-4e43-8099-40fcba76b305" label="" lastModified="2024-07-29T22:01:41.000Z" name="MAPSERVICE_Sinacofi_P33_F1_P33_FRONT::MAPSERVICE.Sinacofi_P33_F1.Detalles2" xmlVersion="1.0">
      <DmlClassName>String</DmlClassName>
      <DmlExpression>""</DmlExpression>
   </Variable>
   <Variable dmlCompatibility="2.1" id="bd2edc22-ccf5-4262-9278-cef983d61675" label="" lastModified="2024-07-29T22:01:41.000Z" name="MAPSERVICE_Sinacofi_P33_F1_P33_FRONT::MAPSERVICE.Sinacofi_P33_F1.indiceLoop" xmlVersion="1.0">
      <DmlClassName>Integer</DmlClassName>
      <DmlExpression>0</DmlExpression>
   </Variable>
   <Variable dmlCompatibility="2.1" id="56782fe4-f810-423e-8157-82df7cc5ac8b" label="" lastModified="2024-07-29T22:01:41.000Z" name="MAPSERVICE_Sinacofi_P33_F1_P33_FRONT::MAPSERVICE.Sinacofi_P33_F1.totalCG1" xmlVersion="1.0">
      <DmlClassName>Integer</DmlClassName>
      <DmlExpression>0</DmlExpression>
   </Variable>
   <Variable dmlCompatibility="2.1" id="7e343378-2d6c-4d55-a499-b4f7c5f2b6ae" label="" lastModified="2024-07-29T22:01:41.000Z" name="MAPSERVICE_Sinacofi_P33_F1_P33_FRONT::MAPSERVICE.Sinacofi_P33_F1.totalCG1_B" xmlVersion="1.0">
      <DmlClassName>Integer</DmlClassName>
      <DmlExpression>0</DmlExpression>
   </Variable>
   <Variable dmlCompatibility="2.1" id="939345f4-0f8a-4ff2-b406-6e72f8cb9086" label="" lastModified="2024-07-29T22:01:41.000Z" name="MAPSERVICE_Sinacofi_P33_F1_P33_FRONT::MAPSERVICE.Sinacofi_P33_F1.totalCG3" xmlVersion="1.0">
      <DmlClassName>Integer</DmlClassName>
      <DmlExpression>0</DmlExpression>
   </Variable>
   <Variable dmlCompatibility="2.1" id="0f86d61a-2f5c-44d0-92d8-ed778fb48f16" label="" lastModified="2024-07-29T22:01:41.000Z" name="MAPSERVICE_Sinacofi_P33_F1_P33_FRONT::MAPSERVICE.Sinacofi_P33_F1.totalCG3_B" xmlVersion="1.0">
      <DmlClassName>Integer</DmlClassName>
      <DmlExpression>0</DmlExpression>
   </Variable>
   <Variable dmlCompatibility="2.1" id="77178500-1e93-4015-9bbf-0be6fa1b5b56" label="" lastModified="2024-07-29T22:01:41.000Z" name="MAPSERVICE_Sinacofi_P33_F1_P33_FRONT::MAPSERVICE.Sinacofi_P33_F1.totalCG6" xmlVersion="1.0">
      <DmlClassName>Integer</DmlClassName>
      <DmlExpression>0</DmlExpression>
   </Variable>
   <Variable dmlCompatibility="2.1" id="a97b9955-121f-4d18-be41-101fc5f633f3" label="" lastModified="2024-07-29T22:01:41.000Z" name="MAPSERVICE_Sinacofi_P33_F1_P33_FRONT::MAPSERVICE.Sinacofi_P33_F1.totalCG8" xmlVersion="1.0">
      <DmlClassName>Integer</DmlClassName>
      <DmlExpression>0</DmlExpression>
   </Variable>
   <Variable dmlCompatibility="2.1" id="8ea64cf0-24f0-4c62-b838-ea277f873148" label="" lastModified="2024-07-29T22:01:41.000Z" name="MAPSERVICE_Sinacofi_P33_F1_P33_FRONT::MAPSERVICE.Sinacofi_P33_F1.totalCG9" xmlVersion="1.0">
      <DmlClassName>Integer</DmlClassName>
      <DmlExpression>0</DmlExpression>
   </Variable>
   <Variable dmlCompatibility="2.1" id="e6a95958-d05d-4d66-824d-eaa29115eb84" label="" lastModified="2024-07-29T22:01:41.000Z" name="MAPSERVICE_Sinacofi_P33_F1_P33_FRONT::MAPSERVICE.Sinacofi_P33_F1.totalCGA" xmlVersion="1.0">
      <DmlClassName>Integer</DmlClassName>
      <DmlExpression>0</DmlExpression>
   </Variable>
   <Variable dmlCompatibility="2.1" id="08c5d016-b238-451b-81ec-fc19d7421b79" label="" lastModified="2024-07-29T22:01:41.000Z" name="MAPSERVICE_Sinacofi_P33_F1_P33_FRONT::MAPSERVICE.Sinacofi_P33_F1.resEstructuraValida" xmlVersion="1.0">
      <DmlClassName>String</DmlClassName>
      <DmlExpression>""</DmlExpression>
   </Variable>
   <Variable dmlCompatibility="2.1" id="68bc84be-17b1-496b-9ec8-fb15e0944690" label="" lastModified="2024-07-29T22:01:41.000Z" name="MAPSERVICE_Sinacofi_P33_F1_P33_FRONT::MAPSERVICE.Sinacofi_P33_F1.var_registro1" xmlVersion="1.0">
      <DmlClassName>Integer</DmlClassName>
      <DmlExpression>null</DmlExpression>
   </Variable>
   <Variable dmlCompatibility="2.1" id="92bb996d-3ed8-4dcb-bdfd-8bc6f22a2acc" label="" lastModified="2024-07-29T22:01:41.000Z" name="MAPSERVICE_Sinacofi_P33_F1_P33_FRONT::MAPSERVICE.Sinacofi_P33_F1.ValoresConcatenados" xmlVersion="1.0">
      <DmlClassName>String</DmlClassName>
      <DmlExpression>""</DmlExpression>
   </Variable>
   <Variable dmlCompatibility="2.1" id="5ad17385-d4d9-44c7-bda9-41aafc685d09" label="" lastModified="2024-07-29T22:01:41.000Z" name="MAPSERVICE_Sinacofi_P33_F1_P33_FRONT::MAPSERVICE.Sinacofi_P33_F1.resCargarCampos" xmlVersion="1.0">
      <DmlClassName>String</DmlClassName>
      <DmlExpression>""</DmlExpression>
   </Variable>
   <Variable dmlCompatibility="2.1" id="0d569f53-b945-416c-bd9f-63056e36475e" label="" lastModified="2024-07-29T22:01:41.000Z" name="MAPSERVICE_Sinacofi_P33_F1_P33_FRONT::MAPSERVICE.Sinacofi_P33_F1.debug" xmlVersion="1.0">
      <DmlClassName>String</DmlClassName>
      <DmlExpression>""</DmlExpression>
   </Variable>
</Variables>
