<?xml version="1.0" encoding="UTF-8" standalone="no"?>
<MapBrokers xmlns:xsi="http://www.w3.org/2001/XMLSchema-instance" xsi:noNamespaceSchemaLocation="MapBrokers_2.xsd">
   <MapBroker dmlCompatibility="2.1" id="4015b54a-c649-4e47-b9f7-D34e3e8b10e8" label="" lastModified="2024-07-19T22:36:58.000Z" name="MAPSERVICE_Sinacofi_D34_F1_D34_FRONT::MAPSERVICE.Sinacofi_D34_F1.Insertar_Campos" xmlVersion="1.0">
      <DmlMapBroker>
         <InputBusinessDocuments>
            <InputBusinessDocument>
               <BusinessDocument id="29b6fc93-a3f5-4ed1-bd2a-a3828141c0b1">
                  <name>MAPSERVICE_Sinacofi_D34_F1_D34_FRONT::MAPSERVICE.Sinacofi_D34_F1\Salida.D34_Caratula_Salida</name>
                  <lastModified>2024-08-13T16:29:23.000Z</lastModified>
               </BusinessDocument>
               <Alias>in1</Alias>
            </InputBusinessDocument>
         </InputBusinessDocuments>
         <DecisionPath>
            <StepStep>
               <DmlExpression><![CDATA[%correlativoPrefijo:= getSubString(getAttribute( "B2BXGIReceive_ConsumptionFilename" ), 5, 8 );
%resEstructuraValida:= ValidarEstructuraCAR( %correlativoPrefijo, "PA1|AOD|AOD|AOE|AOE|AOF|AOF|AOG|AOG|AOH|AOH|AOI|AOI|AOJ|AOJ|AOK|AOK|AOL|AOL" );
if( %resEstructuraValida = "NK" )then{
	%var_error1:= InsertErrorTBL(
		%correlativoPrefijo,
		"000", 
		"Estructura de caratula ha sido modificada",
		formatString(getDateAndTime(), "CCYY'-'MM'-'DD hh':'mm':'ss")
	);
	%var_error1:= InsertMovTBL(%correlativoPrefijo, null, %var_registro1, null, "00", formatString(getDateAndTime(), "CCYY'-'MM'-'DD hh':'mm':'ss"))
}else{ 
	%ValoresConcatenados:= in1:\Datos\!34!
	& "|" & in1:\Datos\PA1 
& "|" & in1:\Datos\AOD1
& "|" & in1:\Datos\AOD2
& "|" & in1:\Datos\AOE1
& "|" & in1:\Datos\AOE2
& "|" & in1:\Datos\AOF1
& "|" & in1:\Datos\AOF2
& "|" & in1:\Datos\AOG1
& "|" & in1:\Datos\AOG2
& "|" & in1:\Datos\AOH1
& "|" & in1:\Datos\AOH2
& "|" & in1:\Datos\AOI1
& "|" & in1:\Datos\AOI2
& "|" & in1:\Datos\AOJ1
& "|" & in1:\Datos\AOJ2
& "|" & in1:\Datos\AOK1
& "|" & in1:\Datos\AOK2
& "|" & in1:\Datos\AOL1
& "|" & in1:\Datos\AOL2;
	%MovimientoProcesado:=InsertMovTBL(%correlativoPrefijo, null , null, null, "34", formatString(getDateAndTime(), "CCYY'-'MM'-'DD hh':'mm':'ss"));
	%resCargarCampos:= CargarCampos( %correlativoPrefijo , %ValoresConcatenados )
}]]></DmlExpression>
            </StepStep>
            <StepExit/>
         </DecisionPath>
      </DmlMapBroker>
   </MapBroker>
</MapBrokers>
