<?xml version="1.0" encoding="UTF-8" standalone="no"?>
<CustomFunctions xmlns:xsi="http://www.w3.org/2001/XMLSchema-instance" xsi:noNamespaceSchemaLocation="CustomFunctions.xsd">
   <CustomFunction dmlCompatibility="2.1" id="c264ba97-a512-42b7-a38e-d74f2cf5d79c" label="" lastModified="2024-06-04T15:55:15.000Z" name="MAPSERVICE.Sinacofi_R14.GetMSGbyTD" xmlVersion="1.0">
      <DmlClassName>String</DmlClassName>
      <Parameters>
         <Param DmlClassName="String" label="label param0" name="TD"/>
      </Parameters>
      <JdbcCustomFunction>
         <JDBCExpression>/*To test te connection use this querries.*/
/* for MySQL/PostgreSQL use: select 1*/
/*for Oracle use: select 1 from dual */
/*for DB2 use: select 1 from sysibm.sysdummy1*/
select FUNC_BUSCAR_CODIGO_MSG (#TD#)  from dual</JDBCExpression>
      </JdbcCustomFunction>
   </CustomFunction>
   <CustomFunction dmlCompatibility="2.1" id="33471ac7-5872-4709-b75a-0fc814d91ab6" label="" lastModified="2024-06-04T15:55:15.000Z" name="MAPSERVICE.Sinacofi_R14.ValidarEstructuraCAR" xmlVersion="1.0">
      <DmlClassName>String</DmlClassName>
      <Parameters>
         <Param DmlClassName="String" label="label param0" name="msg"/>
         <Param DmlClassName="String" label="label param1" name="string"/>
      </Parameters>
      <JdbcCustomFunction>
         <JDBCExpression>/*To test te connection use this querries.*/
/* for MySQL/PostgreSQL use: select 1*/
/*for Oracle use: select 1 from dual */
/*for DB2 use: select 1 from sysibm.sysdummy1*/
SELECT FUNC_VALIDAESTRUCTURACARATULA(#msg#, #string#) FROM Dual</JDBCExpression>
      </JdbcCustomFunction>
   </CustomFunction>
   <CustomFunction dmlCompatibility="2.1" id="53671eb6-d536-4a07-b926-d740272e8aa4" label="" lastModified="2024-06-04T15:55:15.000Z" name="MAPSERVICE.Sinacofi_R14.InsertErrorTBL" xmlVersion="1.0">
      <DmlClassName>String</DmlClassName>
      <Parameters>
         <Param DmlClassName="String" label="label param0" name="correlativo"/>
         <Param DmlClassName="String" label="label param1" name="codigo"/>
         <Param DmlClassName="String" label="label param2" name="detalle"/>
         <Param DmlClassName="String" label="label param3" name="fecha"/>
      </Parameters>
      <JdbcCustomFunction>
         <JDBCExpression>/*To test te connection use this querries.*/
/* for MySQL/PostgreSQL use: select 1*/
/*for Oracle use: select 1 from dual */
/*for DB2 use: select 1 from sysibm.sysdummy1*/
select FUNC_CARGAERROR (#correlativo#, #codigo#, #detalle#, #fecha#)  from dual</JDBCExpression>
      </JdbcCustomFunction>
   </CustomFunction>
   <CustomFunction dmlCompatibility="2.1" id="19523725-d875-4bdc-8be7-3783b7bcfb45" label="" lastModified="2024-06-04T15:55:15.000Z" name="MAPSERVICE.Sinacofi_R14.GetEntidadByCasilla" xmlVersion="1.0">
      <DmlClassName>String</DmlClassName>
      <Parameters>
         <Param DmlClassName="String" label="label param0" name="casilla"/>
      </Parameters>
      <JdbcCustomFunction>
         <JDBCExpression>/*To test te connection use this querries.*/
/* for MySQL/PostgreSQL use: select 1*/
/*for Oracle use: select 1 from dual */
/*for DB2 use: select 1 from sysibm.sysdummy1*/
select FUNC_OBTENER_CODIGO_INST (#casilla#)  from dual</JDBCExpression>
      </JdbcCustomFunction>
   </CustomFunction>
   <CustomFunction dmlCompatibility="2.1" id="cf8305bd-f713-4577-8b2d-cba9d6C46ee5" label="" lastModified="2024-06-04T15:55:15.000Z" name="MAPSERVICE.Sinacofi_R14.CountCasillaByCasilla" xmlVersion="1.0">
      <DmlClassName>Integer</DmlClassName>
      <Parameters>
         <Param DmlClassName="String" label="label param0" name="casilla"/>
      </Parameters>
      <JdbcCustomFunction>
         <JDBCExpression>/*To test te connection use this querries.*/
/* for MySQL/PostgreSQL use: select 1*/
/*for Oracle use: select 1 from dual */
/*for DB2 use: select 1 from sysibm.sysdummy1*/
select FUNC_CANTIDAD_CASILLA (#casilla#)  from dual</JDBCExpression>
      </JdbcCustomFunction>
   </CustomFunction>
   <CustomFunction dmlCompatibility="2.1" id="398545aa-45ab-40ef-9dcb-ae84156a384d" label="" lastModified="2024-06-04T15:55:15.000Z" name="MAPSERVICE.Sinacofi_R14.GetTamanoByCorrelativo" xmlVersion="1.0">
      <DmlClassName>Integer</DmlClassName>
      <Parameters>
         <Param DmlClassName="String" label="label param0" name="correlativo"/>
      </Parameters>
      <JdbcCustomFunction>
         <JDBCExpression>/*To test te connection use this querries.*/
/* for MySQL/PostgreSQL use: select 1*/
/*for Oracle use: select 1 from dual */
/*for DB2 use: select 1 from sysibm.sysdummy1*/
select FUNC_BUSCAR_TAMANO_ARCHIVO (#correlativo#)  from dual </JDBCExpression>
      </JdbcCustomFunction>
   </CustomFunction>
   <CustomFunction dmlCompatibility="2.1" id="e3e0bd91-c8d6-41af-82d0-daa20a3904cc" label="" lastModified="2024-06-04T15:55:15.000Z" name="MAPSERVICE.Sinacofi_R14.GetCodigoMSGbyMSG" xmlVersion="1.0">
      <DmlClassName>String</DmlClassName>
      <Parameters>
         <Param DmlClassName="String" label="Codigo de Caratula" name="MSG_CAR"/>
         <Param DmlClassName="String" label="Tipo de Documento" name="T_DOC"/>
      </Parameters>
      <JdbcCustomFunction>
         <JDBCExpression>/*To test te connection use this querries.*/
/* for MySQL/PostgreSQL use: select 1*/
/*for Oracle use: select 1 from dual */
/*for DB2 use: select 1 from sysibm.sysdummy1*/
select FUNC_VALIDA_CODIGO_MSG (#MSG_CAR#,#T_DOC#)  from dual</JDBCExpression>
      </JdbcCustomFunction>
   </CustomFunction>
   <CustomFunction dmlCompatibility="2.1" id="46f02e9c-6124-4713-ad2d-f57124a94f19" label="" lastModified="2024-06-04T15:55:15.000Z" name="MAPSERVICE.Sinacofi_R14.ValidarLargos" xmlVersion="1.0">
      <DmlClassName>String</DmlClassName>
      <Parameters>
         <Param DmlClassName="Integer" label="label param0" name="COD_MSG"/>
         <Param DmlClassName="String" label="label param1" name="CAMPOS_CONCATENADOS"/>
         <Param DmlClassName="String" label="label param2" name="VC"/>
      </Parameters>
      <JdbcCustomFunction>
         <JDBCExpression>/*To test te connection use this querries.*/
/* for MySQL/PostgreSQL use: select 1*/
/*for Oracle use: select 1 from dual */
/*for DB2 use: select 1 from sysibm.sysdummy1*/
SELECT FUNC_VALIDARLARGOCAMPOS( #COD_MSG#, #CAMPOS_CONCATENADOS#, #VC# ) FROM DUAL</JDBCExpression>
      </JdbcCustomFunction>
   </CustomFunction>
   <CustomFunction dmlCompatibility="2.1" id="9e78dfb3-a96c-416d-b1f8-c156a40967b0" label="" lastModified="2024-06-04T15:55:15.000Z" name="MAPSERVICE.Sinacofi_R14.InsertMovTBL" xmlVersion="1.0">
      <DmlClassName>String</DmlClassName>
      <Parameters>
         <Param DmlClassName="String" label="label param0" name="correlativo"/>
         <Param DmlClassName="String" label="label param1" name="archivoSalida"/>
         <Param DmlClassName="Integer" label="label param2" name="registros"/>
         <Param DmlClassName="String" label="label param3" name="destino"/>
         <Param DmlClassName="String" label="label param4" name="estado"/>
         <Param DmlClassName="String" label="label param5" name="fecha"/>
      </Parameters>
      <JdbcCustomFunction>
         <JDBCExpression>/*To test te connection use this querries.*/
/* for MySQL/PostgreSQL use: select 1*/
/*for Oracle use: select 1 from dual */
/*for DB2 use: select 1 from sysibm.sysdummy1*/
select FUNC_CARGAMOVIMIENTO(#correlativo#, #archivoSalida#, #registros#,#destino#,#estado#,#fecha#)  from dual</JDBCExpression>
      </JdbcCustomFunction>
   </CustomFunction>
   <CustomFunction dmlCompatibility="2.1" id="c4c78610-7b02-42c0-8efe-136047d68f3d" label="" lastModified="2024-06-04T15:55:15.000Z" name="MAPSERVICE.Sinacofi_R14.Correlativo" xmlVersion="1.0">
      <DmlClassName>Integer</DmlClassName>
      <Parameters/>
      <JdbcCustomFunction>
         <JDBCExpression>/*To test te connection use this querries.*/
/* for MySQL/PostgreSQL use: select 1*/
/*for Oracle use: select 1 from dual */
/*for DB2 use: select 1 from sysibm.sysdummy1*/
SELECT CORRELATIVO_SALIDA_0750.NEXTVAL FROM dual</JDBCExpression>
      </JdbcCustomFunction>
   </CustomFunction>
</CustomFunctions>
