{
  "born-on" : "2024-09-09T10:11:43-0300",
  "beans" : [ {
    "@class" : "MetadataDocumentService",
    "name" : "Service_Crear_Caratula_API",
    "deliveryMethod" : null,
    "enabled" : true,
    "exchangePointId" : null,
    "exchangePoint" : null,
    "componentId" : "3204504",
    "component" : null,
    "outputs" : null,
    "documentServiceAttributes" : null,
    "documentServiceAttributesTemplate" : null,
    "@id" : "3205032",
    "component-defs" : [ {
      "@class" : "ComponentBean",
      "resourceName" : "MAPSERVICE.Crear_Caratula_F1.Crear_Caratula_F1",
      "resourceAbsFilePath" : "",
      "resourceType" : "3",
      "componentId" : "3090506",
      "processingStepEnabled" : true,
      "processingStepName" : "Component_Mapa2_F1",
      "processingStepType" : "Map",
      "processingStepAddOutput" : false,
      "configurations" : "null/3205032/configurations",
      "@id" : "3204504",
      "configuration-defs" : [ {
        "name" : "Input",
        "type" : "1",
        "description" : "Input parameters",
        "arguments" : null,
        "@id" : "3091273",
        "argument-defs" : [ {
          "name" : "Input Format",
          "type" : "b2bx.server.EnumParameter",
          "notEqualTo" : null,
          "value" : "0",
          "editable" : false,
          "@id" : "3588088"
        }, {
          "name" : "Detector mode",
          "type" : "java.lang.Boolean",
          "notEqualTo" : null,
          "value" : null,
          "editable" : true,
          "@id" : "3588089"
        }, {
          "name" : "Check facet on input",
          "type" : "java.lang.Boolean",
          "notEqualTo" : null,
          "value" : null,
          "editable" : true,
          "@id" : "3588090"
        }, {
          "name" : "Check facet on output",
          "type" : "java.lang.Boolean",
          "notEqualTo" : null,
          "value" : null,
          "editable" : true,
          "@id" : "3588091"
        }, {
          "name" : "Accept input documents with errors",
          "type" : "java.lang.Boolean",
          "notEqualTo" : null,
          "value" : null,
          "editable" : true,
          "@id" : "3588092"
        }, {
          "name" : "Action when no output created by flow",
          "type" : "b2bx.server.EnumParameter",
          "notEqualTo" : null,
          "value" : "4",
          "editable" : false,
          "@id" : "3588093"
        }, {
          "name" : "Debug",
          "type" : "java.lang.Boolean",
          "notEqualTo" : null,
          "value" : null,
          "editable" : true,
          "@id" : "3588094"
        } ]
      }, {
        "name" : "SalidaOK",
        "type" : "2",
        "description" : "Output parameters",
        "arguments" : null,
        "@id" : "3091274",
        "argument-defs" : [ {
          "name" : "Output Format",
          "type" : "b2bx.server.EnumParameter",
          "notEqualTo" : null,
          "value" : "0",
          "editable" : false,
          "@id" : "3588095"
        }, {
          "name" : "Accept output documents with errors",
          "type" : "java.lang.Boolean",
          "notEqualTo" : null,
          "value" : null,
          "editable" : true,
          "@id" : "3588096"
        }, {
          "name" : "Action when no output created",
          "type" : "b2bx.server.EnumParameter",
          "notEqualTo" : null,
          "value" : "2",
          "editable" : false,
          "@id" : "3588097"
        }, {
          "name" : "Version",
          "type" : "b2bx.server.EnumParameter",
          "notEqualTo" : null,
          "value" : "",
          "editable" : false,
          "@id" : "3588098"
        } ]
      }, {
        "name" : "Channel",
        "type" : "9",
        "description" : "Connection parameters",
        "arguments" : null,
        "@id" : "3091275",
        "argument-defs" : [ {
          "name" : "Connection",
          "type" : "b2bx.server.LocalObjectParameter",
          "notEqualTo" : null,
          "value" : "Oracle_MFT",
          "editable" : false,
          "@id" : "3588099"
        } ]
      } ]
    } ],
    "output-defs" : [ {
      "name" : "SalidaOK",
      "deliveryMethod" : "DELIVER_TO_APPLICATION",
      "exchangePointId" : "4043504",
      "exchangePoint" : null,
      "outputType" : null,
      "components" : null,
      "@id" : "3205562",
      "exchangePoint-defs" : [ {
        "@class" : "FileSystemProducer",
        "enabled" : true,
        "businessProtocol" : "Raw",
        "friendlyName" : "Web_Salida_Caratula_Flujo1",
        "backupMessages" : true,
        "maxConcurrentConnections" : 100,
        "inlineProcessors" : null,
        "inlinePostProcessors" : null,
        "schedule" : null,
        "retries" : 0,
        "useCustomRetryIntervals" : false,
        "customRetryIntervals" : null,
        "postProcessingScript" : null,
        "holdMessagesForPickup" : false,
        "directory" : "/opt/axway/b2bi/shared/common/data/in/SalidaWeb/Caratula/Flujo1",
        "preserveFilenameMode" : "SEQUENCE",
        "preserveFilename" : true,
        "metadataHierarchy" : [ ],
        "userDefinedDeliveryFilename" : "",
        "userDefinedDuplicateFilename" : "",
        "url" : "/opt/axway/b2bi/shared/common/data/in/SalidaWeb/Caratula/Flujo1",
        "@id" : "4043504"
      } ]
    } ],
    "attribute-defs" : [ ],
    "template-defs" : [ ]
  } ],
  "container-version" : "26.11.1 951d5bfb",
  "count" : 1,
  "version" : "1.0"
}