<?xml version="1.0" encoding="UTF-8" standalone="no"?>
<BusinessDocuments xmlns:xsi="http://www.w3.org/2001/XMLSchema-instance" xsi:noNamespaceSchemaLocation="BusinessDocuments.xsd">
   <BusinessDocument businessDocumentType="Inhouse" dmlCompatibility="2.1" encoding="iso8859" id="fec8e594-9782-4831-af7e-6f7245a4cda4" label="" lastModified="2024-04-22T14:35:58.000Z" name="MAPSERVICE_Sinacofi_R13_R13_FT3::MAPSERVICE.Sinacofi_R13\ArchivosEntrada.R13_CAR" xmlVersion="1.0">
      <Configuration>
         <decimalSeparator>true</decimalSeparator>
         <keepPresenceOfPlusSign>false</keepPresenceOfPlusSign>
         <keepPresenceOfDecimalSeparator>true</keepPresenceOfDecimalSeparator>
         <keepInputNumberOfFractionDigits>true</keepInputNumberOfFractionDigits>
         <keepInputNumberOfDateDigits>true</keepInputNumberOfDateDigits>
         <keepPresenceOfIntegerPlusSign>false</keepPresenceOfIntegerPlusSign>
      </Configuration>
      <Properties>
         <Property name="enableFixedFieldTruncation" value="false"/>
         <Property name="realFormatBehavior" value="false"/>
         <Property name="truncate" value="false"/>
         <Property name="trim" value="none"/>
         <Property name="decimalChar"/>
         <Property name="escapeChar"/>
         <Property name="closeQuote"/>
         <Property name="openQuote"/>
         <Property name="leafElmtDelimiterValue"/>
         <Property name="leafElmtDelimiterType" value="FIXED"/>
         <Property name="parentElmtDelimiterValue"/>
         <Property name="parentElmtDelimiterType" value="FIXED"/>
      </Properties>
      <Elements>
         <ParentElement cargoImpEndSepMandatory="false" cargoImpPreSepMandatory="false" delimiterType="implicit" delimiterValue="" elementType="InhouseParent" label="Root" maxCard="1" minCard="1" name="Caratula" order="1" swiftErrorCode="" xmlNamespace="-1" xmlNamespaceParentOrder="-1">
            <LeafElement cargoImpPreSepMandatory="false" cargoImpReference="" defaultValue="" definition="255" definitionType="Length" delimiterType="string" delimiterValue="0x0a" dmlClassName="String" elementType="InhouseLeaf" label="" leafElementPhysicalType="string (len)" maxCard="1" minCard="0" name="ORG" order="2" xmlNamespace="-1" xmlNamespaceParentOrder="-1">
               <Facet allowDistortion="true" alternativeDelimiterValue="" cargoImpPattern="" closeQuote="" cobolDependingOn="-1" cobolDependingOnParentOrder="-1" decimalChar="" decimalSeparator="false" encoding="iso8859" escapeChar="" exponentialChar="" keepInputNumberOfDateDigits="false" keepInputNumberOfFractionDigits="false" keepPresenceOfDecimalSeparator="true" keepPresenceOfPlusSign="false" maxInclusiveValue="false" maxValue="" minInclusiveValue="false" minValue="" nullable="true" openQuote="" paddingChar=" " paddingPos="1" pattern="" signMinusChar="" signMinusPos="0" signPlusChar="" signPlusPos="0" validCharset="">
                  <Enumerations/>
               </Facet>
            </LeafElement>
            <LeafElement cargoImpPreSepMandatory="false" cargoImpReference="" defaultValue="" definition="255" definitionType="Length" delimiterType="string" delimiterValue="0x0a" dmlClassName="String" elementType="InhouseLeaf" label="" leafElementPhysicalType="string (len)" maxCard="1" minCard="0" name="NMS" order="3" xmlNamespace="-1" xmlNamespaceParentOrder="-1">
               <Facet allowDistortion="true" alternativeDelimiterValue="" cargoImpPattern="" closeQuote="" cobolDependingOn="-1" cobolDependingOnParentOrder="-1" decimalChar="" decimalSeparator="false" encoding="iso8859" escapeChar="" exponentialChar="" keepInputNumberOfDateDigits="false" keepInputNumberOfFractionDigits="false" keepPresenceOfDecimalSeparator="true" keepPresenceOfPlusSign="false" maxInclusiveValue="false" maxValue="" minInclusiveValue="false" minValue="" nullable="true" openQuote="" paddingChar=" " paddingPos="1" pattern="" signMinusChar="" signMinusPos="0" signPlusChar="" signPlusPos="0" validCharset="">
                  <Enumerations/>
               </Facet>
            </LeafElement>
            <LeafElement cargoImpPreSepMandatory="false" cargoImpReference="" defaultValue="" definition="255" definitionType="Length" delimiterType="string" delimiterValue="0x0a" dmlClassName="String" elementType="InhouseLeaf" label="" leafElementPhysicalType="string (len)" maxCard="1" minCard="0" name="IDU" order="4" xmlNamespace="-1" xmlNamespaceParentOrder="-1">
               <Facet allowDistortion="true" alternativeDelimiterValue="" cargoImpPattern="" closeQuote="" cobolDependingOn="-1" cobolDependingOnParentOrder="-1" decimalChar="" decimalSeparator="false" encoding="iso8859" escapeChar="" exponentialChar="" keepInputNumberOfDateDigits="false" keepInputNumberOfFractionDigits="false" keepPresenceOfDecimalSeparator="true" keepPresenceOfPlusSign="false" maxInclusiveValue="false" maxValue="" minInclusiveValue="false" minValue="" nullable="true" openQuote="" paddingChar=" " paddingPos="1" pattern="" signMinusChar="" signMinusPos="0" signPlusChar="" signPlusPos="0" validCharset="">
                  <Enumerations/>
               </Facet>
            </LeafElement>
            <LeafElement cargoImpPreSepMandatory="false" cargoImpReference="" defaultValue="" definition="255" definitionType="Length" delimiterType="string" delimiterValue="0x0a" dmlClassName="String" elementType="InhouseLeaf" label="" leafElementPhysicalType="string (len)" maxCard="1" minCard="0" name="FGB" order="5" xmlNamespace="-1" xmlNamespaceParentOrder="-1">
               <Facet allowDistortion="true" alternativeDelimiterValue="" cargoImpPattern="" closeQuote="" cobolDependingOn="-1" cobolDependingOnParentOrder="-1" decimalChar="" decimalSeparator="false" encoding="iso8859" escapeChar="" exponentialChar="" keepInputNumberOfDateDigits="false" keepInputNumberOfFractionDigits="false" keepPresenceOfDecimalSeparator="true" keepPresenceOfPlusSign="false" maxInclusiveValue="false" maxValue="" minInclusiveValue="false" minValue="" nullable="true" openQuote="" paddingChar=" " paddingPos="1" pattern="" signMinusChar="" signMinusPos="0" signPlusChar="" signPlusPos="0" validCharset="">
                  <Enumerations/>
               </Facet>
            </LeafElement>
            <LeafElement cargoImpPreSepMandatory="false" cargoImpReference="" defaultValue="" definition="255" definitionType="Length" delimiterType="string" delimiterValue="0x0a" dmlClassName="String" elementType="InhouseLeaf" label="" leafElementPhysicalType="string (len)" maxCard="1" minCard="0" name="HGB" order="6" xmlNamespace="-1" xmlNamespaceParentOrder="-1">
               <Facet allowDistortion="true" alternativeDelimiterValue="" cargoImpPattern="" closeQuote="" cobolDependingOn="-1" cobolDependingOnParentOrder="-1" decimalChar="" decimalSeparator="false" encoding="iso8859" escapeChar="" exponentialChar="" keepInputNumberOfDateDigits="false" keepInputNumberOfFractionDigits="false" keepPresenceOfDecimalSeparator="true" keepPresenceOfPlusSign="false" maxInclusiveValue="false" maxValue="" minInclusiveValue="false" minValue="" nullable="true" openQuote="" paddingChar=" " paddingPos="1" pattern="" signMinusChar="" signMinusPos="0" signPlusChar="" signPlusPos="0" validCharset="">
                  <Enumerations/>
               </Facet>
            </LeafElement>
            <LeafElement cargoImpPreSepMandatory="false" cargoImpReference="" defaultValue="" definition="255" definitionType="Length" delimiterType="string" delimiterValue="0x0a" dmlClassName="String" elementType="InhouseLeaf" label="" leafElementPhysicalType="string (len)" maxCard="1" minCard="0" name="MSG" order="7" xmlNamespace="-1" xmlNamespaceParentOrder="-1">
               <Facet allowDistortion="true" alternativeDelimiterValue="" cargoImpPattern="" closeQuote="" cobolDependingOn="-1" cobolDependingOnParentOrder="-1" decimalChar="" decimalSeparator="false" encoding="iso8859" escapeChar="" exponentialChar="" keepInputNumberOfDateDigits="false" keepInputNumberOfFractionDigits="false" keepPresenceOfDecimalSeparator="true" keepPresenceOfPlusSign="false" maxInclusiveValue="false" maxValue="" minInclusiveValue="false" minValue="" nullable="true" openQuote="" paddingChar=" " paddingPos="1" pattern="" signMinusChar="" signMinusPos="0" signPlusChar="" signPlusPos="0" validCharset="">
                  <Enumerations/>
               </Facet>
            </LeafElement>
            <LeafElement cargoImpPreSepMandatory="false" cargoImpReference="" defaultValue="" definition="255" definitionType="Length" delimiterType="string" delimiterValue="0x0a" dmlClassName="String" elementType="InhouseLeaf" label="" leafElementPhysicalType="string (len)" maxCard="1" minCard="0" name="PRI" order="8" xmlNamespace="-1" xmlNamespaceParentOrder="-1">
               <Facet allowDistortion="true" alternativeDelimiterValue="" cargoImpPattern="" closeQuote="" cobolDependingOn="-1" cobolDependingOnParentOrder="-1" decimalChar="" decimalSeparator="false" encoding="iso8859" escapeChar="" exponentialChar="" keepInputNumberOfDateDigits="false" keepInputNumberOfFractionDigits="false" keepPresenceOfDecimalSeparator="true" keepPresenceOfPlusSign="false" maxInclusiveValue="false" maxValue="" minInclusiveValue="false" minValue="" nullable="true" openQuote="" paddingChar=" " paddingPos="1" pattern="" signMinusChar="" signMinusPos="0" signPlusChar="" signPlusPos="0" validCharset="">
                  <Enumerations/>
               </Facet>
            </LeafElement>
            <LeafElement cargoImpPreSepMandatory="false" cargoImpReference="" defaultValue="" definition="255" definitionType="Length" delimiterType="string" delimiterValue="0x0a" dmlClassName="String" elementType="InhouseLeaf" label="" leafElementPhysicalType="string (len)" maxCard="1" minCard="0" name="TID" order="9" xmlNamespace="-1" xmlNamespaceParentOrder="-1">
               <Facet allowDistortion="true" alternativeDelimiterValue="" cargoImpPattern="" closeQuote="" cobolDependingOn="-1" cobolDependingOnParentOrder="-1" decimalChar="" decimalSeparator="false" encoding="iso8859" escapeChar="" exponentialChar="" keepInputNumberOfDateDigits="false" keepInputNumberOfFractionDigits="false" keepPresenceOfDecimalSeparator="true" keepPresenceOfPlusSign="false" maxInclusiveValue="false" maxValue="" minInclusiveValue="false" minValue="" nullable="true" openQuote="" paddingChar=" " paddingPos="1" pattern="" signMinusChar="" signMinusPos="0" signPlusChar="" signPlusPos="0" validCharset="">
                  <Enumerations/>
               </Facet>
            </LeafElement>
            <LeafElement cargoImpPreSepMandatory="false" cargoImpReference="" defaultValue="" definition="255" definitionType="Length" delimiterType="string" delimiterValue="0x0a" dmlClassName="String" elementType="InhouseLeaf" label="" leafElementPhysicalType="string (len)" maxCard="1" minCard="0" name="NSE" order="10" xmlNamespace="-1" xmlNamespaceParentOrder="-1">
               <Facet allowDistortion="true" alternativeDelimiterValue="" cargoImpPattern="" closeQuote="" cobolDependingOn="-1" cobolDependingOnParentOrder="-1" decimalChar="" decimalSeparator="false" encoding="iso8859" escapeChar="" exponentialChar="" keepInputNumberOfDateDigits="false" keepInputNumberOfFractionDigits="false" keepPresenceOfDecimalSeparator="true" keepPresenceOfPlusSign="false" maxInclusiveValue="false" maxValue="" minInclusiveValue="false" minValue="" nullable="true" openQuote="" paddingChar=" " paddingPos="1" pattern="" signMinusChar="" signMinusPos="0" signPlusChar="" signPlusPos="0" validCharset="">
                  <Enumerations/>
               </Facet>
            </LeafElement>
            <LeafElement cargoImpPreSepMandatory="false" cargoImpReference="" defaultValue="" definition="255" definitionType="Length" delimiterType="string" delimiterValue="0x0a" dmlClassName="String" elementType="InhouseLeaf" label="" leafElementPhysicalType="string (len)" maxCard="1" minCard="0" name="FEN" order="11" xmlNamespace="-1" xmlNamespaceParentOrder="-1">
               <Facet allowDistortion="true" alternativeDelimiterValue="" cargoImpPattern="" closeQuote="" cobolDependingOn="-1" cobolDependingOnParentOrder="-1" decimalChar="" decimalSeparator="false" encoding="iso8859" escapeChar="" exponentialChar="" keepInputNumberOfDateDigits="false" keepInputNumberOfFractionDigits="false" keepPresenceOfDecimalSeparator="true" keepPresenceOfPlusSign="false" maxInclusiveValue="false" maxValue="" minInclusiveValue="false" minValue="" nullable="true" openQuote="" paddingChar=" " paddingPos="1" pattern="" signMinusChar="" signMinusPos="0" signPlusChar="" signPlusPos="0" validCharset="">
                  <Enumerations/>
               </Facet>
            </LeafElement>
            <LeafElement cargoImpPreSepMandatory="false" cargoImpReference="" defaultValue="" definition="255" definitionType="Length" delimiterType="string" delimiterValue="0x0a" dmlClassName="String" elementType="InhouseLeaf" label="" leafElementPhysicalType="string (len)" maxCard="1" minCard="0" name="HEN" order="12" xmlNamespace="-1" xmlNamespaceParentOrder="-1">
               <Facet allowDistortion="true" alternativeDelimiterValue="" cargoImpPattern="" closeQuote="" cobolDependingOn="-1" cobolDependingOnParentOrder="-1" decimalChar="" decimalSeparator="false" encoding="iso8859" escapeChar="" exponentialChar="" keepInputNumberOfDateDigits="false" keepInputNumberOfFractionDigits="false" keepPresenceOfDecimalSeparator="true" keepPresenceOfPlusSign="false" maxInclusiveValue="false" maxValue="" minInclusiveValue="false" minValue="" nullable="true" openQuote="" paddingChar=" " paddingPos="1" pattern="" signMinusChar="" signMinusPos="0" signPlusChar="" signPlusPos="0" validCharset="">
                  <Enumerations/>
               </Facet>
            </LeafElement>
            <LeafElement cargoImpPreSepMandatory="false" cargoImpReference="" defaultValue="" definition="255" definitionType="Length" delimiterType="string" delimiterValue="0x0a" dmlClassName="String" elementType="InhouseLeaf" label="Datos de Control de Transferencia" leafElementPhysicalType="string (len)" maxCard="1" minCard="0" name="G01" order="13" xmlNamespace="-1" xmlNamespaceParentOrder="-1">
               <Facet allowDistortion="true" alternativeDelimiterValue="" cargoImpPattern="" closeQuote="" cobolDependingOn="-1" cobolDependingOnParentOrder="-1" decimalChar="" decimalSeparator="false" encoding="iso8859" escapeChar="" exponentialChar="" keepInputNumberOfDateDigits="false" keepInputNumberOfFractionDigits="false" keepPresenceOfDecimalSeparator="true" keepPresenceOfPlusSign="false" maxInclusiveValue="false" maxValue="" minInclusiveValue="false" minValue="" nullable="true" openQuote="" paddingChar=" " paddingPos="1" pattern="" signMinusChar="" signMinusPos="0" signPlusChar="" signPlusPos="0" validCharset="">
                  <Enumerations/>
               </Facet>
            </LeafElement>
            <LeafElement cargoImpPreSepMandatory="false" cargoImpReference="" defaultValue="" definition="255" definitionType="Length" delimiterType="string" delimiterValue="0x0a" dmlClassName="String" elementType="InhouseLeaf" label="Nombre y Telefono Responsables firmados" leafElementPhysicalType="string (len)" maxCard="1" minCard="0" name="18" order="14" xmlNamespace="-1" xmlNamespaceParentOrder="-1">
               <Facet allowDistortion="true" alternativeDelimiterValue="" cargoImpPattern="" closeQuote="" cobolDependingOn="-1" cobolDependingOnParentOrder="-1" decimalChar="" decimalSeparator="false" encoding="iso8859" escapeChar="" exponentialChar="" keepInputNumberOfDateDigits="false" keepInputNumberOfFractionDigits="false" keepPresenceOfDecimalSeparator="true" keepPresenceOfPlusSign="false" maxInclusiveValue="false" maxValue="" minInclusiveValue="false" minValue="" nullable="true" openQuote="" paddingChar=" " paddingPos="1" pattern="" signMinusChar="" signMinusPos="0" signPlusChar="" signPlusPos="0" validCharset="">
                  <Enumerations/>
               </Facet>
            </LeafElement>
            <LeafElement cargoImpPreSepMandatory="false" cargoImpReference="" defaultValue="" definition="255" definitionType="Length" delimiterType="string" delimiterValue="0x0a" dmlClassName="String" elementType="InhouseLeaf" label="Nuestra Referencia" leafElementPhysicalType="string (len)" maxCard="1" minCard="0" name="20" order="15" xmlNamespace="-1" xmlNamespaceParentOrder="-1">
               <Facet allowDistortion="true" alternativeDelimiterValue="" cargoImpPattern="" closeQuote="" cobolDependingOn="-1" cobolDependingOnParentOrder="-1" decimalChar="" decimalSeparator="false" encoding="iso8859" escapeChar="" exponentialChar="" keepInputNumberOfDateDigits="false" keepInputNumberOfFractionDigits="false" keepPresenceOfDecimalSeparator="true" keepPresenceOfPlusSign="false" maxInclusiveValue="false" maxValue="" minInclusiveValue="false" minValue="" nullable="true" openQuote="" paddingChar=" " paddingPos="1" pattern="" signMinusChar="" signMinusPos="0" signPlusChar="" signPlusPos="0" validCharset="">
                  <Enumerations/>
               </Facet>
            </LeafElement>
            <LeafElement cargoImpPreSepMandatory="false" cargoImpReference="" defaultValue="" definition="255" definitionType="Length" delimiterType="string" delimiterValue="0x0a" dmlClassName="String" elementType="InhouseLeaf" label="Fecha Validez Datos" leafElementPhysicalType="string (len)" maxCard="1" minCard="0" name="34" order="16" xmlNamespace="-1" xmlNamespaceParentOrder="-1">
               <Facet allowDistortion="true" alternativeDelimiterValue="" cargoImpPattern="" closeQuote="" cobolDependingOn="-1" cobolDependingOnParentOrder="-1" decimalChar="" decimalSeparator="false" encoding="iso8859" escapeChar="" exponentialChar="" keepInputNumberOfDateDigits="false" keepInputNumberOfFractionDigits="false" keepPresenceOfDecimalSeparator="true" keepPresenceOfPlusSign="false" maxInclusiveValue="false" maxValue="" minInclusiveValue="false" minValue="" nullable="true" openQuote="" paddingChar=" " paddingPos="1" pattern="" signMinusChar="" signMinusPos="0" signPlusChar="" signPlusPos="0" validCharset="">
                  <Enumerations/>
               </Facet>
            </LeafElement>
            <LeafElement cargoImpPreSepMandatory="false" cargoImpReference="" defaultValue="" definition="255" definitionType="Length" delimiterType="string" delimiterValue="0x0a" dmlClassName="String" elementType="InhouseLeaf" label="Numero de Registros Informados" leafElementPhysicalType="string (len)" maxCard="1" minCard="0" name="PA1" order="17" xmlNamespace="-1" xmlNamespaceParentOrder="-1">
               <Facet allowDistortion="true" alternativeDelimiterValue="" cargoImpPattern="" closeQuote="" cobolDependingOn="-1" cobolDependingOnParentOrder="-1" decimalChar="" decimalSeparator="false" encoding="iso8859" escapeChar="" exponentialChar="" keepInputNumberOfDateDigits="false" keepInputNumberOfFractionDigits="false" keepPresenceOfDecimalSeparator="true" keepPresenceOfPlusSign="false" maxInclusiveValue="false" maxValue="" minInclusiveValue="false" minValue="" nullable="true" openQuote="" paddingChar=" " paddingPos="1" pattern="" signMinusChar="" signMinusPos="0" signPlusChar="" signPlusPos="0" validCharset="">
                  <Enumerations/>
               </Facet>
            </LeafElement>
            <LeafElement cargoImpPreSepMandatory="false" cargoImpReference="" defaultValue="" definition="255" definitionType="Length" delimiterType="string" delimiterValue="0x0a" dmlClassName="String" elementType="InhouseLeaf" label="" leafElementPhysicalType="string (len)" maxCard="1" minCard="0" name="IDC" order="18" xmlNamespace="-1" xmlNamespaceParentOrder="-1">
               <Facet allowDistortion="true" alternativeDelimiterValue="" cargoImpPattern="" closeQuote="" cobolDependingOn="-1" cobolDependingOnParentOrder="-1" decimalChar="" decimalSeparator="false" encoding="iso8859" escapeChar="" exponentialChar="" keepInputNumberOfDateDigits="false" keepInputNumberOfFractionDigits="false" keepPresenceOfDecimalSeparator="true" keepPresenceOfPlusSign="false" maxInclusiveValue="false" maxValue="" minInclusiveValue="false" minValue="" nullable="true" openQuote="" paddingChar=" " paddingPos="1" pattern="" signMinusChar="" signMinusPos="0" signPlusChar="" signPlusPos="0" validCharset="">
                  <Enumerations/>
               </Facet>
            </LeafElement>
            <LeafElement cargoImpPreSepMandatory="false" cargoImpReference="" defaultValue="" definition="255" definitionType="Length" delimiterType="string" delimiterValue="0x0a" dmlClassName="String" elementType="InhouseLeaf" label="" leafElementPhysicalType="string (len)" maxCard="1" minCard="0" name="IDD" order="19" xmlNamespace="-1" xmlNamespaceParentOrder="-1">
               <Facet allowDistortion="true" alternativeDelimiterValue="" cargoImpPattern="" closeQuote="" cobolDependingOn="-1" cobolDependingOnParentOrder="-1" decimalChar="" decimalSeparator="false" encoding="iso8859" escapeChar="" exponentialChar="" keepInputNumberOfDateDigits="false" keepInputNumberOfFractionDigits="false" keepPresenceOfDecimalSeparator="true" keepPresenceOfPlusSign="false" maxInclusiveValue="false" maxValue="" minInclusiveValue="false" minValue="" nullable="true" openQuote="" paddingChar=" " paddingPos="1" pattern="" signMinusChar="" signMinusPos="0" signPlusChar="" signPlusPos="0" validCharset="">
                  <Enumerations/>
               </Facet>
            </LeafElement>
            <LeafElement cargoImpPreSepMandatory="false" cargoImpReference="" defaultValue="" definition="255" definitionType="Length" delimiterType="string" delimiterValue="0x0a" dmlClassName="String" elementType="InhouseLeaf" label="" leafElementPhysicalType="string (len)" maxCard="1" minCard="0" name="IDE" order="20" xmlNamespace="-1" xmlNamespaceParentOrder="-1">
               <Facet allowDistortion="true" alternativeDelimiterValue="" cargoImpPattern="" closeQuote="" cobolDependingOn="-1" cobolDependingOnParentOrder="-1" decimalChar="" decimalSeparator="false" encoding="iso8859" escapeChar="" exponentialChar="" keepInputNumberOfDateDigits="false" keepInputNumberOfFractionDigits="false" keepPresenceOfDecimalSeparator="true" keepPresenceOfPlusSign="false" maxInclusiveValue="false" maxValue="" minInclusiveValue="false" minValue="" nullable="true" openQuote="" paddingChar=" " paddingPos="1" pattern="" signMinusChar="" signMinusPos="0" signPlusChar="" signPlusPos="0" validCharset="">
                  <Enumerations/>
               </Facet>
            </LeafElement>
            <LeafElement cargoImpPreSepMandatory="false" cargoImpReference="" defaultValue="" definition="255" definitionType="Length" delimiterType="string" delimiterValue="0x0a" dmlClassName="String" elementType="InhouseLeaf" label="" leafElementPhysicalType="string (len)" maxCard="1" minCard="0" name="IDF" order="21" xmlNamespace="-1" xmlNamespaceParentOrder="-1">
               <Facet allowDistortion="true" alternativeDelimiterValue="" cargoImpPattern="" closeQuote="" cobolDependingOn="-1" cobolDependingOnParentOrder="-1" decimalChar="" decimalSeparator="false" encoding="iso8859" escapeChar="" exponentialChar="" keepInputNumberOfDateDigits="false" keepInputNumberOfFractionDigits="false" keepPresenceOfDecimalSeparator="true" keepPresenceOfPlusSign="false" maxInclusiveValue="false" maxValue="" minInclusiveValue="false" minValue="" nullable="true" openQuote="" paddingChar=" " paddingPos="1" pattern="" signMinusChar="" signMinusPos="0" signPlusChar="" signPlusPos="0" validCharset="">
                  <Enumerations/>
               </Facet>
            </LeafElement>
            <LeafElement cargoImpPreSepMandatory="false" cargoImpReference="" defaultValue="" definition="255" definitionType="Length" delimiterType="string" delimiterValue="0x0a" dmlClassName="String" elementType="InhouseLeaf" label="" leafElementPhysicalType="string (len)" maxCard="1" minCard="0" name="IDG" order="22" xmlNamespace="-1" xmlNamespaceParentOrder="-1">
               <Facet allowDistortion="true" alternativeDelimiterValue="" cargoImpPattern="" closeQuote="" cobolDependingOn="-1" cobolDependingOnParentOrder="-1" decimalChar="" decimalSeparator="false" encoding="iso8859" escapeChar="" exponentialChar="" keepInputNumberOfDateDigits="false" keepInputNumberOfFractionDigits="false" keepPresenceOfDecimalSeparator="true" keepPresenceOfPlusSign="false" maxInclusiveValue="false" maxValue="" minInclusiveValue="false" minValue="" nullable="true" openQuote="" paddingChar=" " paddingPos="1" pattern="" signMinusChar="" signMinusPos="0" signPlusChar="" signPlusPos="0" validCharset="">
                  <Enumerations/>
               </Facet>
            </LeafElement>
            <LeafElement cargoImpPreSepMandatory="false" cargoImpReference="" defaultValue="" definition="255" definitionType="Length" delimiterType="string" delimiterValue="0x0a" dmlClassName="String" elementType="InhouseLeaf" label="" leafElementPhysicalType="string (len)" maxCard="1" minCard="0" name="IDH" order="23" xmlNamespace="-1" xmlNamespaceParentOrder="-1">
               <Facet allowDistortion="true" alternativeDelimiterValue="" cargoImpPattern="" closeQuote="" cobolDependingOn="-1" cobolDependingOnParentOrder="-1" decimalChar="" decimalSeparator="false" encoding="iso8859" escapeChar="" exponentialChar="" keepInputNumberOfDateDigits="false" keepInputNumberOfFractionDigits="false" keepPresenceOfDecimalSeparator="true" keepPresenceOfPlusSign="false" maxInclusiveValue="false" maxValue="" minInclusiveValue="false" minValue="" nullable="true" openQuote="" paddingChar=" " paddingPos="1" pattern="" signMinusChar="" signMinusPos="0" signPlusChar="" signPlusPos="0" validCharset="">
                  <Enumerations/>
               </Facet>
            </LeafElement>
            <LeafElement cargoImpPreSepMandatory="false" cargoImpReference="" defaultValue="" definition="255" definitionType="Length" delimiterType="string" delimiterValue="0x0a" dmlClassName="String" elementType="InhouseLeaf" label="" leafElementPhysicalType="string (len)" maxCard="1" minCard="0" name="IDI" order="24" xmlNamespace="-1" xmlNamespaceParentOrder="-1">
               <Facet allowDistortion="true" alternativeDelimiterValue="" cargoImpPattern="" closeQuote="" cobolDependingOn="-1" cobolDependingOnParentOrder="-1" decimalChar="" decimalSeparator="false" encoding="iso8859" escapeChar="" exponentialChar="" keepInputNumberOfDateDigits="false" keepInputNumberOfFractionDigits="false" keepPresenceOfDecimalSeparator="true" keepPresenceOfPlusSign="false" maxInclusiveValue="false" maxValue="" minInclusiveValue="false" minValue="" nullable="true" openQuote="" paddingChar=" " paddingPos="1" pattern="" signMinusChar="" signMinusPos="0" signPlusChar="" signPlusPos="0" validCharset="">
                  <Enumerations/>
               </Facet>
            </LeafElement>
            <LeafElement cargoImpPreSepMandatory="false" cargoImpReference="" defaultValue="" definition="255" definitionType="Length" delimiterType="string" delimiterValue="0x0a" dmlClassName="String" elementType="InhouseLeaf" label="Observaciones" leafElementPhysicalType="string (len)" maxCard="1" minCard="0" name="79" order="25" xmlNamespace="-1" xmlNamespaceParentOrder="-1">
               <Facet allowDistortion="true" alternativeDelimiterValue="" cargoImpPattern="" closeQuote="" cobolDependingOn="-1" cobolDependingOnParentOrder="-1" decimalChar="" decimalSeparator="false" encoding="iso8859" escapeChar="" exponentialChar="" keepInputNumberOfDateDigits="false" keepInputNumberOfFractionDigits="false" keepPresenceOfDecimalSeparator="true" keepPresenceOfPlusSign="false" maxInclusiveValue="false" maxValue="" minInclusiveValue="false" minValue="" nullable="true" openQuote="" paddingChar=" " paddingPos="1" pattern="" signMinusChar="" signMinusPos="0" signPlusChar="" signPlusPos="0" validCharset="">
                  <Enumerations/>
               </Facet>
            </LeafElement>
            <LeafElement cargoImpPreSepMandatory="false" cargoImpReference="" defaultValue="" definition="255" definitionType="Length" delimiterType="string" delimiterValue="0x0a" dmlClassName="String" elementType="InhouseLeaf" label="" leafElementPhysicalType="string (len)" maxCard="1" minCard="0" name="FIN" order="26" xmlNamespace="-1" xmlNamespaceParentOrder="-1">
               <Facet allowDistortion="true" alternativeDelimiterValue="" cargoImpPattern="" closeQuote="" cobolDependingOn="-1" cobolDependingOnParentOrder="-1" decimalChar="" decimalSeparator="false" encoding="iso8859" escapeChar="" exponentialChar="" keepInputNumberOfDateDigits="false" keepInputNumberOfFractionDigits="false" keepPresenceOfDecimalSeparator="true" keepPresenceOfPlusSign="false" maxInclusiveValue="false" maxValue="" minInclusiveValue="false" minValue="" nullable="true" openQuote="" paddingChar=" " paddingPos="1" pattern="" signMinusChar="" signMinusPos="0" signPlusChar="" signPlusPos="0" validCharset="">
                  <Enumerations/>
               </Facet>
            </LeafElement>
            <Facet alternativeDelimiterValue=""/>
         </ParentElement>
      </Elements>
      <CheckConstraints/>
   </BusinessDocument>
</BusinessDocuments>
