<?xml version="1.0" encoding="UTF-8" standalone="no"?>
<MapBrokers xmlns:xsi="http://www.w3.org/2001/XMLSchema-instance" xsi:noNamespaceSchemaLocation="MapBrokers_2.xsd">
   <MapBroker dmlCompatibility="2.1" id="05c7e882-12f2-4c19-9cf1-ebdb9bde1650" label="" lastModified="2024-08-22T21:15:16.000Z" name="MAPSERVICE_Sinacofi_T01_T01_FT3::MAPSERVICE.Sinacofi_T01.Main_Block_Evento_2" xmlVersion="1.0">
      <DmlMapBroker>
         <InputBusinessDocuments>
            <InputBusinessDocument>
               <BusinessDocument id="7422d2f4-35a3-4ffb-938f-240200fa7981">
                  <name>MAPSERVICE_Sinacofi_T01_T01_FT3::MAPSERVICE.Sinacofi_T01\Mensajeria.Resultado</name>
                  <lastModified>2024-08-28T16:33:18.000Z</lastModified>
               </BusinessDocument>
               <Alias>in1</Alias>
            </InputBusinessDocument>
         </InputBusinessDocuments>
         <DecisionPath>
            <StepIf>
               <DmlExpression><![CDATA[countString(%Sinacofi_T01.debug, "IO Error: The Network Adapter could not establish the connection") = 0]]></DmlExpression>
               <StepStep>
                  <DmlExpression><![CDATA[if( (%Sinacofi_T01.var_error1 <> "OK"))then{
		%Sinacofi_T01.var_error1:=Sinacofi_T01.InsertErrorTBL(
			%Sinacofi_T01.correlativoPrefijo,
			"000", 
			"Error Interno: "&getSubString(%Sinacofi_T01.debug, 1, 4000), 
			formatString(getDateAndTime(), "CCYY'-'MM'-'DD hh':'mm':'ss")
		)
};
%Sinacofi_T01.var_error1:= Sinacofi_T01.InsertMovTBL(%Sinacofi_T01.correlativoPrefijo, null, %Sinacofi_T01.var_registro1, null, "00", formatString(getDateAndTime(), "CCYY'-'MM'-'DD hh':'mm':'ss"))
]]></DmlExpression>
               </StepStep>
            </StepIf>
            <StepOutput>
               <OutputName>out</OutputName>
               <InputBusinessDocumentAlias>in1</InputBusinessDocumentAlias>
            </StepOutput>
            <StepStep>
               <DmlExpression><![CDATA[setDocumentAttributeToOutput( "out",  "B2BXGISend_ProductionFilename",  %Sinacofi_T01.correlativoPrefijo + "_" + %Sinacofi_T01.usuarioPrefijo&"_"&%Sinacofi_T01.NombreArchivo&".RES")]]></DmlExpression>
            </StepStep>
         </DecisionPath>
      </DmlMapBroker>
   </MapBroker>
</MapBrokers>
