<?xml version="1.0" encoding="UTF-8" standalone="no"?>
<Component xmlns:xsi="http://www.w3.org/2001/XMLSchema-instance" name="Integrator" version="3.7.0" xsi:noNamespaceSchemaLocation="Component.xsd">
   <Object date="2024-08-13T16:00:25.000Z" name="MC3_Archivo_Datos_Val" oid="5c9869f5-0ef5-4ee5-86c9-f734af6e5774" path="MAPSERVICE_Sinacofi_MC3_F1_MC3_FRONT::MAPSERVICE.Sinacofi_MC3_F1\ArchivosMomentaneos" shortDesccription="" timestamp="1723564825293" type="BusinessDocument" user=""/>
   <Object date="2024-08-13T16:00:25.000Z" name="MC3_Archivo_Datos" oid="5a26c413-5426-4534-8607-9d23965d6be1" path="MAPSERVICE_Sinacofi_MC3_F1_MC3_FRONT::MAPSERVICE.Sinacofi_MC3_F1\ArchivosEntrada" shortDesccription="" timestamp="1723564825293" type="BusinessDocument" user=""/>
   <Object date="2024-08-13T16:00:25.000Z" name="MC3_Caratula_Salida" oid="29b6fc93-a3f5-4ed1-bd2a-a3828141c0b1" path="MAPSERVICE_Sinacofi_MC3_F1_MC3_FRONT::MAPSERVICE.Sinacofi_MC3_F1\Salida" shortDesccription="" timestamp="1723564825293" type="BusinessDocument" user=""/>
   <Object date="2024-08-13T16:00:25.000Z" name="GetLargoRegistroByTD" oid="5e0e28f3-aa92-4c9e-92b4-fc75fadb3a3e" path="MAPSERVICE.Sinacofi_MC3_F1" shortDesccription="" timestamp="1723564825293" type="CustomFunction" user=""/>
   <Object date="2024-08-13T16:00:25.000Z" name="InsertErrorTBL" oid="53671eb6-d536-4a07-b926-d740272e8aa4" path="MAPSERVICE.Sinacofi_MC3_F1" shortDesccription="" timestamp="1723564825293" type="CustomFunction" user=""/>
   <Object date="2024-08-13T16:00:25.000Z" name="GetEntidadByCasilla" oid="19523725-d875-4bdc-8be7-3783b7bcfb45" path="MAPSERVICE.Sinacofi_MC3_F1" shortDesccription="" timestamp="1723564825293" type="CustomFunction" user=""/>
   <Object date="2024-08-13T16:00:25.000Z" name="InsertMovTBL" oid="9e78dfb3-a96c-416d-b1f8-c156a40967b0" path="MAPSERVICE.Sinacofi_MC3_F1" shortDesccription="" timestamp="1723564825293" type="CustomFunction" user=""/>
   <Object date="2024-08-13T16:00:25.000Z" name="ValidarEstructuraCAR" oid="33471ac7-5872-4709-b75a-0fc814d91ab6" path="MAPSERVICE.Sinacofi_MC3_F1" shortDesccription="" timestamp="1723564825293" type="CustomFunction" user=""/>
   <Object date="2024-08-13T16:00:25.000Z" name="CargarCampos" oid="a7e635c7-52a3-4538-b80d-3db58897c988" path="MAPSERVICE.Sinacofi_MC3_F1" shortDesccription="" timestamp="1723564825293" type="CustomFunction" user=""/>
   <Object date="2024-08-13T16:00:25.000Z" name="Validar_Datos" oid="02a18ed3-71eb-431e-a139-72784f94f3c4" path="MAPSERVICE_Sinacofi_MC3_F1_MC3_FRONT::MAPSERVICE.Sinacofi_MC3_F1" shortDesccription="" timestamp="1723564825293" type="MapBroker" user=""/>
   <Object date="2024-08-13T16:00:25.000Z" name="Calcular_Cam" oid="cf0945b0-28c2-4639-a6c9-bddbb3e71ab9" path="MAPSERVICE_Sinacofi_MC3_F1_MC3_FRONT::MAPSERVICE.Sinacofi_MC3_F1" shortDesccription="" timestamp="1723564825293" type="MapBroker" user=""/>
   <Object date="2024-08-13T16:00:25.000Z" name="Evento_Error" oid="ddec0MC3-706a-4db5-a7ac-a14fde47f3f3" path="MAPSERVICE_Sinacofi_MC3_F1_MC3_FRONT::MAPSERVICE.Sinacofi_MC3_F1" shortDesccription="" timestamp="1723564825293" type="MapBroker" user=""/>
   <Object date="2024-08-13T16:00:25.000Z" name="Insertar_Campos" oid="4015b54a-c649-4e47-b9f7-d41e3e8b10e8" path="MAPSERVICE_Sinacofi_MC3_F1_MC3_FRONT::MAPSERVICE.Sinacofi_MC3_F1" shortDesccription="" timestamp="1723564825293" type="MapBroker" user=""/>
   <Object date="2024-08-13T16:00:25.000Z" name="MC3_FRONT" oid="f37bd1e2-d9b0-4c14-8405-77bc25894470" path="MAPSERVICE.Sinacofi_MC3_F1" shortDesccription="" timestamp="1723564825293" type="MapStage" user=""/>
</Component>
