<?xml version="1.0" encoding="UTF-8" standalone="no"?>
<MapBrokers xmlns:xsi="http://www.w3.org/2001/XMLSchema-instance" xsi:noNamespaceSchemaLocation="MapBrokers_2.xsd">
   <MapBroker dmlCompatibility="2.1" id="4015b54a-c649-4e47-b9f7-D33e3e8b10e8" label="" lastModified="2024-07-17T16:58:51.000Z" name="MAPSERVICE_Sinacofi_D33_F1_D33_FRONT::MAPSERVICE.Sinacofi_D33_F1.Insertar_Campos" xmlVersion="1.0">
      <DmlMapBroker>
         <InputBusinessDocuments>
            <InputBusinessDocument>
               <BusinessDocument id="29b6fc93-a3f5-4ed1-bd2a-a3828141c0b1">
                  <name>MAPSERVICE_Sinacofi_D33_F1_D33_FRONT::MAPSERVICE.Sinacofi_D33_F1\Salida.D33_Caratula_Salida</name>
                  <lastModified>2024-08-13T16:26:37.000Z</lastModified>
               </BusinessDocument>
               <Alias>in1</Alias>
            </InputBusinessDocument>
         </InputBusinessDocuments>
         <DecisionPath>
            <StepStep>
               <DmlExpression><![CDATA[%correlativoPrefijo:= getSubString(getAttribute( "B2BXGIReceive_ConsumptionFilename" ), 5, 8 );
%resEstructuraValida:= ValidarEstructuraCAR( %correlativoPrefijo, "PA1|AIX|AIX|AIX|AIZ|AIZ|AIZ|AIX|AIX|AIX|AIZ|AIZ|AIZ|AIX|AIX|AIX|AIZ|AIZ|AIZ|AIX|AIX|AIX|AIZ|AIZ|AIZ|AIX|AIX|AIX|AIZ|AIZ|AIZ|AIX|AIX|AIX|AIZ|AIZ|AIZ" );
if( %resEstructuraValida = "NK" )then{
	%var_error1:= InsertErrorTBL(
		%correlativoPrefijo,
		"000", 
		"Estructura de caratula ha sido modificada",
		formatString(getDateAndTime(), "CCYY'-'MM'-'DD hh':'mm':'ss")
	);
	%var_error1:= InsertMovTBL(%correlativoPrefijo, null, %var_registro1, null, "00", formatString(getDateAndTime(), "CCYY'-'MM'-'DD hh':'mm':'ss"))
}else{ 
	%ValoresConcatenados:= in1:\Datos\!34!
	& "|" & in1:\Datos\PA1 
	& "|" & in1:\Datos\AIXR1
& "|" & in1:\Datos\AIXR2
& "|" & in1:\Datos\AIXR3
& "|" & in1:\Datos\AIZR1
& "|" & in1:\Datos\AIZR2
& "|" & in1:\Datos\AIZR3
& "|" & in1:\Datos\AIXS1
& "|" & in1:\Datos\AIXS2
& "|" & in1:\Datos\AIXS3
& "|" & in1:\Datos\AIZS1
& "|" & in1:\Datos\AIZS2
& "|" & in1:\Datos\AIZS3
& "|" & in1:\Datos\AIXT1
& "|" & in1:\Datos\AIXT2
& "|" & in1:\Datos\AIXT3
& "|" & in1:\Datos\AIZT1
& "|" & in1:\Datos\AIZT2
& "|" & in1:\Datos\AIZT3
& "|" & in1:\Datos\AIXU1
& "|" & in1:\Datos\AIXU2
& "|" & in1:\Datos\AIXU3
& "|" & in1:\Datos\AIZU1
& "|" & in1:\Datos\AIZU2
& "|" & in1:\Datos\AIZU3
& "|" & in1:\Datos\AIXV1
& "|" & in1:\Datos\AIXV2
& "|" & in1:\Datos\AIXV3
& "|" & in1:\Datos\AIZV1
& "|" & in1:\Datos\AIZV2
& "|" & in1:\Datos\AIZV3
& "|" & in1:\Datos\AIXW1
& "|" & in1:\Datos\AIXW2
& "|" & in1:\Datos\AIXW3
& "|" & in1:\Datos\AIZW1
& "|" & in1:\Datos\AIZW2
& "|" & in1:\Datos\AIZW3;
	%MovimientoProcesado:=InsertMovTBL(%correlativoPrefijo, null , null, null, "34", formatString(getDateAndTime(), "CCYY'-'MM'-'DD hh':'mm':'ss"));
	%resCargarCampos:= CargarCampos( %correlativoPrefijo , %ValoresConcatenados )
}]]></DmlExpression>
            </StepStep>
            <StepExit/>
         </DecisionPath>
      </DmlMapBroker>
   </MapBroker>
</MapBrokers>
