<?xml version="1.0" encoding="UTF-8" standalone="no"?>
<ObjectDependencies xmlns:xsi="http://www.w3.org/2001/XMLSchema-instance" xsi:noNamespaceSchemaLocation="ObjectDependencies.xsd">
   <RootObject fileName="BusinessDocument_1.xml" id="5c9869f5-0ef5-4ee5-86c9-f734af6e5774" lastModify="2024-08-13T16:26:37.000Z" name="MAPSERVICE_Sinacofi_D33_F1_D33_FRONT::MAPSERVICE.Sinacofi_D33_F1\ArchivosMomentaneos.D33_Archivo_Datos_Val" type="BusinessDocument">
      <Object fileName="CustomFunctions.xml" id="5e0e28f3-aa92-4c9e-92b4-fc75fadb3a3e" lastModify="2024-08-13T16:26:37.000Z" name="MAPSERVICE.Sinacofi_D33_F1.GetLargoRegistroByTD" type="CustomFunction"/>
      <Object fileName="CustomFunctions.xml" id="53671eb6-d536-4a07-b926-d740272e8aa4" lastModify="2024-08-13T16:26:37.000Z" name="MAPSERVICE.Sinacofi_D33_F1.InsertErrorTBL" type="CustomFunction"/>
      <Object fileName="CustomFunctions.xml" id="19523725-d875-4bdc-8be7-3783b7bcfb45" lastModify="2024-08-13T16:26:37.000Z" name="MAPSERVICE.Sinacofi_D33_F1.GetEntidadByCasilla" type="CustomFunction"/>
      <Object fileName="Variables.xml" id="611fa8e6-e9c4-4ac2-a44b-596b3de5465e" lastModify="2024-08-13T16:26:37.000Z" name="MAPSERVICE_Sinacofi_D33_F1_D33_FRONT::MAPSERVICE.Sinacofi_D33_F1.var_error1" type="Variable"/>
      <Object fileName="Variables.xml" id="b1d99d97-5a0c-41b2-938f-3c74978fc00b" lastModify="2024-08-13T16:26:37.000Z" name="MAPSERVICE_Sinacofi_D33_F1_D33_FRONT::MAPSERVICE.Sinacofi_D33_F1.TipoArchivo" type="Variable"/>
      <Object fileName="Variables.xml" id="4cd271d9-19f9-4928-a3ec-187a8f2f728f" lastModify="2024-08-13T16:26:37.000Z" name="MAPSERVICE_Sinacofi_D33_F1_D33_FRONT::MAPSERVICE.Sinacofi_D33_F1.CodigoError" type="Variable"/>
      <Object fileName="Variables.xml" id="b9263aa7-cfe0-4f5c-93ed-fc2a625126c2" lastModify="2024-08-13T16:26:37.000Z" name="MAPSERVICE_Sinacofi_D33_F1_D33_FRONT::MAPSERVICE.Sinacofi_D33_F1.Detalles" type="Variable"/>
      <Object fileName="Variables.xml" id="be1abe5b-940e-4e43-8099-40fcba76b305" lastModify="2024-08-13T16:26:37.000Z" name="MAPSERVICE_Sinacofi_D33_F1_D33_FRONT::MAPSERVICE.Sinacofi_D33_F1.Detalles2" type="Variable"/>
      <Object fileName="Variables.xml" id="b6db7a21-3ef3-4fb8-8233-d0654bfebf62" lastModify="2024-08-13T16:26:37.000Z" name="MAPSERVICE_Sinacofi_D33_F1_D33_FRONT::MAPSERVICE.Sinacofi_D33_F1.Detalles3" type="Variable"/>
      <Object fileName="Variables.xml" id="bd2edc22-ccf5-4262-9278-cef983d61675" lastModify="2024-08-13T16:26:37.000Z" name="MAPSERVICE_Sinacofi_D33_F1_D33_FRONT::MAPSERVICE.Sinacofi_D33_F1.indiceLoop" type="Variable"/>
      <Object fileName="Variables.xml" id="150c4ab1-9183-4840-9f96-ec31ffe7a7a9" lastModify="2024-08-13T16:26:37.000Z" name="MAPSERVICE_Sinacofi_D33_F1_D33_FRONT::MAPSERVICE.Sinacofi_D33_F1.agno" type="Variable"/>
      <Object fileName="Variables.xml" id="ec685ed4-800b-4512-9e18-d3f1ebd8e9c6" lastModify="2024-08-13T16:26:37.000Z" name="MAPSERVICE_Sinacofi_D33_F1_D33_FRONT::MAPSERVICE.Sinacofi_D33_F1.mes" type="Variable"/>
      <Object fileName="Variables.xml" id="64259468-6dca-46ee-88f3-9be1377dfffc" lastModify="2024-08-13T16:26:37.000Z" name="MAPSERVICE_Sinacofi_D33_F1_D33_FRONT::MAPSERVICE.Sinacofi_D33_F1.dia" type="Variable"/>
      <Object fileName="Variables.xml" id="bffa50fa-e420-420e-9aba-2e7d84c1C409" lastModify="2024-08-13T16:26:37.000Z" name="MAPSERVICE_Sinacofi_D33_F1_D33_FRONT::MAPSERVICE.Sinacofi_D33_F1.correlativoPrefijo" type="Variable"/>
      <Object fileName="Variables.xml" id="2bf5fc3a-ce1e-460c-aa4d-39dd9151a376" lastModify="2024-08-13T16:26:37.000Z" name="MAPSERVICE_Sinacofi_D33_F1_D33_FRONT::MAPSERVICE.Sinacofi_D33_F1.indice" type="Variable"/>
      <Object fileName="Variables.xml" id="64d94ac3-e932-412f-ac04-aa52e6ac4e0a" lastModify="2024-08-13T16:26:37.000Z" name="MAPSERVICE_Sinacofi_D33_F1_D33_FRONT::MAPSERVICE.Sinacofi_D33_F1.indice2" type="Variable"/>
      <Object fileName="Variables.xml" id="466e713d-9c27-4748-9af3-5ec2ae20bcfc" lastModify="2024-08-13T16:26:37.000Z" name="MAPSERVICE_Sinacofi_D33_F1_D33_FRONT::MAPSERVICE.Sinacofi_D33_F1.indice3" type="Variable"/>
      <Object fileName="Variables.xml" id="39a1f647-5bf9-474b-9625-33cf6f8bf9fe" lastModify="2024-08-13T16:26:37.000Z" name="MAPSERVICE_Sinacofi_D33_F1_D33_FRONT::MAPSERVICE.Sinacofi_D33_F1.tipoDocumentoPrefijo" type="Variable"/>
      <Object fileName="Variables.xml" id="ff84c037-fb9f-49f4-b8f3-b258ed4827dc" lastModify="2024-08-13T16:26:37.000Z" name="MAPSERVICE_Sinacofi_D33_F1_D33_FRONT::MAPSERVICE.Sinacofi_D33_F1.usuarioNAPrefijo" type="Variable"/>
      <Object fileName="Variables.xml" id="9e755733-aafa-493f-a824-605c9ca81a89" lastModify="2024-08-13T16:26:37.000Z" name="MAPSERVICE_Sinacofi_D33_F1_D33_FRONT::MAPSERVICE.Sinacofi_D33_F1.usuarioPrefijo" type="Variable"/>
      <Object id="5c9869f5-0ef5-4ee5-86c9-f734af6e5774" name="MAPSERVICE_Sinacofi_D33_F1_D33_FRONT::MAPSERVICE.Sinacofi_D33_F1\ArchivosMomentaneos.D33_Archivo_Datos_Val:InstanciarVariables" type="CheckConstraint"/>
      <Object id="5c9869f5-0ef5-4ee5-86c9-f734af6e5774" name="MAPSERVICE_Sinacofi_D33_F1_D33_FRONT::MAPSERVICE.Sinacofi_D33_F1\ArchivosMomentaneos.D33_Archivo_Datos_Val:Validation_code85_V8_V9_code65_V1_code75_V6" type="CheckConstraint"/>
      <Object id="5c9869f5-0ef5-4ee5-86c9-f734af6e5774" name="MAPSERVICE_Sinacofi_D33_F1_D33_FRONT::MAPSERVICE.Sinacofi_D33_F1\ArchivosMomentaneos.D33_Archivo_Datos_Val:Validation_code05_V2" type="CheckConstraint"/>
      <Object id="5c9869f5-0ef5-4ee5-86c9-f734af6e5774" name="MAPSERVICE_Sinacofi_D33_F1_D33_FRONT::MAPSERVICE.Sinacofi_D33_F1\ArchivosMomentaneos.D33_Archivo_Datos_Val:Validation_code74_V5" type="CheckConstraint"/>
      <Object id="5c9869f5-0ef5-4ee5-86c9-f734af6e5774" name="MAPSERVICE_Sinacofi_D33_F1_D33_FRONT::MAPSERVICE.Sinacofi_D33_F1\ArchivosMomentaneos.D33_Archivo_Datos_Val:Validation_container" type="CheckConstraint"/>
   </RootObject>
   <RootObject fileName="BusinessDocument_2.xml" id="5a26c413-5426-4534-8607-9d23965d6be1" lastModify="2024-08-13T16:26:37.000Z" name="MAPSERVICE_Sinacofi_D33_F1_D33_FRONT::MAPSERVICE.Sinacofi_D33_F1\ArchivosEntrada.D33_Archivo_Datos" type="BusinessDocument"/>
   <RootObject fileName="BusinessDocument_3.xml" id="29b6fc93-a3f5-4ed1-bd2a-a3828141c0b1" lastModify="2024-08-13T16:26:37.000Z" name="MAPSERVICE_Sinacofi_D33_F1_D33_FRONT::MAPSERVICE.Sinacofi_D33_F1\Salida.D33_Caratula_Salida" type="BusinessDocument"/>
   <RootObject fileName="CustomFunctions.xml" id="5e0e28f3-aa92-4c9e-92b4-fc75fadb3a3e" lastModify="2024-08-13T16:26:37.000Z" name="MAPSERVICE.Sinacofi_D33_F1.GetLargoRegistroByTD" type="CustomFunction"/>
   <RootObject fileName="CustomFunctions.xml" id="53671eb6-d536-4a07-b926-d740272e8aa4" lastModify="2024-08-13T16:26:37.000Z" name="MAPSERVICE.Sinacofi_D33_F1.InsertErrorTBL" type="CustomFunction"/>
   <RootObject fileName="CustomFunctions.xml" id="19523725-d875-4bdc-8be7-3783b7bcfb45" lastModify="2024-08-13T16:26:37.000Z" name="MAPSERVICE.Sinacofi_D33_F1.GetEntidadByCasilla" type="CustomFunction"/>
   <RootObject fileName="CustomFunctions.xml" id="9e78dfb3-a96c-416d-b1f8-c156a40967b0" lastModify="2024-08-13T16:26:37.000Z" name="MAPSERVICE.Sinacofi_D33_F1.InsertMovTBL" type="CustomFunction"/>
   <RootObject fileName="CustomFunctions.xml" id="33471ac7-5872-4709-b75a-0fc814d91ab6" lastModify="2024-08-13T16:26:37.000Z" name="MAPSERVICE.Sinacofi_D33_F1.ValidarEstructuraCAR" type="CustomFunction"/>
   <RootObject fileName="CustomFunctions.xml" id="a7e635c7-52a3-4538-b80d-3db58897c988" lastModify="2024-08-13T16:26:37.000Z" name="MAPSERVICE.Sinacofi_D33_F1.CargarCampos" type="CustomFunction"/>
   <RootObject fileName="MapBroker_1.xml" id="02a18ed3-71eb-431e-a139-72784f94f3c4" lastModify="2024-08-13T16:26:37.000Z" name="MAPSERVICE_Sinacofi_D33_F1_D33_FRONT::MAPSERVICE.Sinacofi_D33_F1.Validar_Datos" type="MapBroker">
      <Object fileName="BusinessDocument_1.xml" id="5c9869f5-0ef5-4ee5-86c9-f734af6e5774" lastModify="2024-08-13T16:26:37.000Z" name="MAPSERVICE_Sinacofi_D33_F1_D33_FRONT::MAPSERVICE.Sinacofi_D33_F1\ArchivosMomentaneos.D33_Archivo_Datos_Val" type="BusinessDocument">
         <Object fileName="CustomFunctions.xml" id="5e0e28f3-aa92-4c9e-92b4-fc75fadb3a3e" lastModify="2024-08-13T16:26:37.000Z" name="MAPSERVICE.Sinacofi_D33_F1.GetLargoRegistroByTD" type="CustomFunction"/>
         <Object fileName="CustomFunctions.xml" id="53671eb6-d536-4a07-b926-d740272e8aa4" lastModify="2024-08-13T16:26:37.000Z" name="MAPSERVICE.Sinacofi_D33_F1.InsertErrorTBL" type="CustomFunction"/>
         <Object fileName="CustomFunctions.xml" id="19523725-d875-4bdc-8be7-3783b7bcfb45" lastModify="2024-08-13T16:26:37.000Z" name="MAPSERVICE.Sinacofi_D33_F1.GetEntidadByCasilla" type="CustomFunction"/>
         <Object fileName="Variables.xml" id="611fa8e6-e9c4-4ac2-a44b-596b3de5465e" lastModify="2024-08-13T16:26:37.000Z" name="MAPSERVICE_Sinacofi_D33_F1_D33_FRONT::MAPSERVICE.Sinacofi_D33_F1.var_error1" type="Variable"/>
         <Object fileName="Variables.xml" id="b1d99d97-5a0c-41b2-938f-3c74978fc00b" lastModify="2024-08-13T16:26:37.000Z" name="MAPSERVICE_Sinacofi_D33_F1_D33_FRONT::MAPSERVICE.Sinacofi_D33_F1.TipoArchivo" type="Variable"/>
         <Object fileName="Variables.xml" id="4cd271d9-19f9-4928-a3ec-187a8f2f728f" lastModify="2024-08-13T16:26:37.000Z" name="MAPSERVICE_Sinacofi_D33_F1_D33_FRONT::MAPSERVICE.Sinacofi_D33_F1.CodigoError" type="Variable"/>
         <Object fileName="Variables.xml" id="b9263aa7-cfe0-4f5c-93ed-fc2a625126c2" lastModify="2024-08-13T16:26:37.000Z" name="MAPSERVICE_Sinacofi_D33_F1_D33_FRONT::MAPSERVICE.Sinacofi_D33_F1.Detalles" type="Variable"/>
         <Object fileName="Variables.xml" id="be1abe5b-940e-4e43-8099-40fcba76b305" lastModify="2024-08-13T16:26:37.000Z" name="MAPSERVICE_Sinacofi_D33_F1_D33_FRONT::MAPSERVICE.Sinacofi_D33_F1.Detalles2" type="Variable"/>
         <Object fileName="Variables.xml" id="b6db7a21-3ef3-4fb8-8233-d0654bfebf62" lastModify="2024-08-13T16:26:37.000Z" name="MAPSERVICE_Sinacofi_D33_F1_D33_FRONT::MAPSERVICE.Sinacofi_D33_F1.Detalles3" type="Variable"/>
         <Object fileName="Variables.xml" id="bd2edc22-ccf5-4262-9278-cef983d61675" lastModify="2024-08-13T16:26:37.000Z" name="MAPSERVICE_Sinacofi_D33_F1_D33_FRONT::MAPSERVICE.Sinacofi_D33_F1.indiceLoop" type="Variable"/>
         <Object fileName="Variables.xml" id="150c4ab1-9183-4840-9f96-ec31ffe7a7a9" lastModify="2024-08-13T16:26:37.000Z" name="MAPSERVICE_Sinacofi_D33_F1_D33_FRONT::MAPSERVICE.Sinacofi_D33_F1.agno" type="Variable"/>
         <Object fileName="Variables.xml" id="ec685ed4-800b-4512-9e18-d3f1ebd8e9c6" lastModify="2024-08-13T16:26:37.000Z" name="MAPSERVICE_Sinacofi_D33_F1_D33_FRONT::MAPSERVICE.Sinacofi_D33_F1.mes" type="Variable"/>
         <Object fileName="Variables.xml" id="64259468-6dca-46ee-88f3-9be1377dfffc" lastModify="2024-08-13T16:26:37.000Z" name="MAPSERVICE_Sinacofi_D33_F1_D33_FRONT::MAPSERVICE.Sinacofi_D33_F1.dia" type="Variable"/>
         <Object fileName="Variables.xml" id="bffa50fa-e420-420e-9aba-2e7d84c1C409" lastModify="2024-08-13T16:26:37.000Z" name="MAPSERVICE_Sinacofi_D33_F1_D33_FRONT::MAPSERVICE.Sinacofi_D33_F1.correlativoPrefijo" type="Variable"/>
         <Object fileName="Variables.xml" id="2bf5fc3a-ce1e-460c-aa4d-39dd9151a376" lastModify="2024-08-13T16:26:37.000Z" name="MAPSERVICE_Sinacofi_D33_F1_D33_FRONT::MAPSERVICE.Sinacofi_D33_F1.indice" type="Variable"/>
         <Object fileName="Variables.xml" id="64d94ac3-e932-412f-ac04-aa52e6ac4e0a" lastModify="2024-08-13T16:26:37.000Z" name="MAPSERVICE_Sinacofi_D33_F1_D33_FRONT::MAPSERVICE.Sinacofi_D33_F1.indice2" type="Variable"/>
         <Object fileName="Variables.xml" id="466e713d-9c27-4748-9af3-5ec2ae20bcfc" lastModify="2024-08-13T16:26:37.000Z" name="MAPSERVICE_Sinacofi_D33_F1_D33_FRONT::MAPSERVICE.Sinacofi_D33_F1.indice3" type="Variable"/>
         <Object fileName="Variables.xml" id="39a1f647-5bf9-474b-9625-33cf6f8bf9fe" lastModify="2024-08-13T16:26:37.000Z" name="MAPSERVICE_Sinacofi_D33_F1_D33_FRONT::MAPSERVICE.Sinacofi_D33_F1.tipoDocumentoPrefijo" type="Variable"/>
         <Object fileName="Variables.xml" id="ff84c037-fb9f-49f4-b8f3-b258ed4827dc" lastModify="2024-08-13T16:26:37.000Z" name="MAPSERVICE_Sinacofi_D33_F1_D33_FRONT::MAPSERVICE.Sinacofi_D33_F1.usuarioNAPrefijo" type="Variable"/>
         <Object fileName="Variables.xml" id="9e755733-aafa-493f-a824-605c9ca81a89" lastModify="2024-08-13T16:26:37.000Z" name="MAPSERVICE_Sinacofi_D33_F1_D33_FRONT::MAPSERVICE.Sinacofi_D33_F1.usuarioPrefijo" type="Variable"/>
         <Object id="5c9869f5-0ef5-4ee5-86c9-f734af6e5774" name="MAPSERVICE_Sinacofi_D33_F1_D33_FRONT::MAPSERVICE.Sinacofi_D33_F1\ArchivosMomentaneos.D33_Archivo_Datos_Val:InstanciarVariables" type="CheckConstraint"/>
         <Object id="5c9869f5-0ef5-4ee5-86c9-f734af6e5774" name="MAPSERVICE_Sinacofi_D33_F1_D33_FRONT::MAPSERVICE.Sinacofi_D33_F1\ArchivosMomentaneos.D33_Archivo_Datos_Val:Validation_code85_V8_V9_code65_V1_code75_V6" type="CheckConstraint"/>
         <Object id="5c9869f5-0ef5-4ee5-86c9-f734af6e5774" name="MAPSERVICE_Sinacofi_D33_F1_D33_FRONT::MAPSERVICE.Sinacofi_D33_F1\ArchivosMomentaneos.D33_Archivo_Datos_Val:Validation_code05_V2" type="CheckConstraint"/>
         <Object id="5c9869f5-0ef5-4ee5-86c9-f734af6e5774" name="MAPSERVICE_Sinacofi_D33_F1_D33_FRONT::MAPSERVICE.Sinacofi_D33_F1\ArchivosMomentaneos.D33_Archivo_Datos_Val:Validation_code74_V5" type="CheckConstraint"/>
         <Object id="5c9869f5-0ef5-4ee5-86c9-f734af6e5774" name="MAPSERVICE_Sinacofi_D33_F1_D33_FRONT::MAPSERVICE.Sinacofi_D33_F1\ArchivosMomentaneos.D33_Archivo_Datos_Val:Validation_container" type="CheckConstraint"/>
      </Object>
      <Object fileName="CustomFunctions.xml" id="5e0e28f3-aa92-4c9e-92b4-fc75fadb3a3e" lastModify="2024-08-13T16:26:37.000Z" name="MAPSERVICE.Sinacofi_D33_F1.GetLargoRegistroByTD" type="CustomFunction"/>
      <Object fileName="CustomFunctions.xml" id="53671eb6-d536-4a07-b926-d740272e8aa4" lastModify="2024-08-13T16:26:37.000Z" name="MAPSERVICE.Sinacofi_D33_F1.InsertErrorTBL" type="CustomFunction"/>
      <Object fileName="CustomFunctions.xml" id="19523725-d875-4bdc-8be7-3783b7bcfb45" lastModify="2024-08-13T16:26:37.000Z" name="MAPSERVICE.Sinacofi_D33_F1.GetEntidadByCasilla" type="CustomFunction"/>
      <Object fileName="CustomFunctions.xml" id="9e78dfb3-a96c-416d-b1f8-c156a40967b0" lastModify="2024-08-13T16:26:37.000Z" name="MAPSERVICE.Sinacofi_D33_F1.InsertMovTBL" type="CustomFunction"/>
      <Object id="f6a10238-f643-42a4-ab0a-251f445dcbaf" lastModify="2024-08-13T16:26:37.000Z" name="MAPSERVICE_Sinacofi_D33_F1_D33_FRONT::MAPSERVICE.Sinacofi_D33_F1.ArchivoDatosVal_A_ArchivoDatos_FRONT" type="MappingRule">
         <Object fileName="BusinessDocument_1.xml" id="5c9869f5-0ef5-4ee5-86c9-f734af6e5774" lastModify="2024-08-13T16:26:37.000Z" name="MAPSERVICE_Sinacofi_D33_F1_D33_FRONT::MAPSERVICE.Sinacofi_D33_F1\ArchivosMomentaneos.D33_Archivo_Datos_Val" type="BusinessDocument">
            <Object fileName="CustomFunctions.xml" id="5e0e28f3-aa92-4c9e-92b4-fc75fadb3a3e" lastModify="2024-08-13T16:26:37.000Z" name="MAPSERVICE.Sinacofi_D33_F1.GetLargoRegistroByTD" type="CustomFunction"/>
            <Object fileName="CustomFunctions.xml" id="53671eb6-d536-4a07-b926-d740272e8aa4" lastModify="2024-08-13T16:26:37.000Z" name="MAPSERVICE.Sinacofi_D33_F1.InsertErrorTBL" type="CustomFunction"/>
            <Object fileName="CustomFunctions.xml" id="19523725-d875-4bdc-8be7-3783b7bcfb45" lastModify="2024-08-13T16:26:37.000Z" name="MAPSERVICE.Sinacofi_D33_F1.GetEntidadByCasilla" type="CustomFunction"/>
            <Object fileName="Variables.xml" id="611fa8e6-e9c4-4ac2-a44b-596b3de5465e" lastModify="2024-08-13T16:26:37.000Z" name="MAPSERVICE_Sinacofi_D33_F1_D33_FRONT::MAPSERVICE.Sinacofi_D33_F1.var_error1" type="Variable"/>
            <Object fileName="Variables.xml" id="b1d99d97-5a0c-41b2-938f-3c74978fc00b" lastModify="2024-08-13T16:26:37.000Z" name="MAPSERVICE_Sinacofi_D33_F1_D33_FRONT::MAPSERVICE.Sinacofi_D33_F1.TipoArchivo" type="Variable"/>
            <Object fileName="Variables.xml" id="4cd271d9-19f9-4928-a3ec-187a8f2f728f" lastModify="2024-08-13T16:26:37.000Z" name="MAPSERVICE_Sinacofi_D33_F1_D33_FRONT::MAPSERVICE.Sinacofi_D33_F1.CodigoError" type="Variable"/>
            <Object fileName="Variables.xml" id="b9263aa7-cfe0-4f5c-93ed-fc2a625126c2" lastModify="2024-08-13T16:26:37.000Z" name="MAPSERVICE_Sinacofi_D33_F1_D33_FRONT::MAPSERVICE.Sinacofi_D33_F1.Detalles" type="Variable"/>
            <Object fileName="Variables.xml" id="be1abe5b-940e-4e43-8099-40fcba76b305" lastModify="2024-08-13T16:26:37.000Z" name="MAPSERVICE_Sinacofi_D33_F1_D33_FRONT::MAPSERVICE.Sinacofi_D33_F1.Detalles2" type="Variable"/>
            <Object fileName="Variables.xml" id="b6db7a21-3ef3-4fb8-8233-d0654bfebf62" lastModify="2024-08-13T16:26:37.000Z" name="MAPSERVICE_Sinacofi_D33_F1_D33_FRONT::MAPSERVICE.Sinacofi_D33_F1.Detalles3" type="Variable"/>
            <Object fileName="Variables.xml" id="bd2edc22-ccf5-4262-9278-cef983d61675" lastModify="2024-08-13T16:26:37.000Z" name="MAPSERVICE_Sinacofi_D33_F1_D33_FRONT::MAPSERVICE.Sinacofi_D33_F1.indiceLoop" type="Variable"/>
            <Object fileName="Variables.xml" id="150c4ab1-9183-4840-9f96-ec31ffe7a7a9" lastModify="2024-08-13T16:26:37.000Z" name="MAPSERVICE_Sinacofi_D33_F1_D33_FRONT::MAPSERVICE.Sinacofi_D33_F1.agno" type="Variable"/>
            <Object fileName="Variables.xml" id="ec685ed4-800b-4512-9e18-d3f1ebd8e9c6" lastModify="2024-08-13T16:26:37.000Z" name="MAPSERVICE_Sinacofi_D33_F1_D33_FRONT::MAPSERVICE.Sinacofi_D33_F1.mes" type="Variable"/>
            <Object fileName="Variables.xml" id="64259468-6dca-46ee-88f3-9be1377dfffc" lastModify="2024-08-13T16:26:37.000Z" name="MAPSERVICE_Sinacofi_D33_F1_D33_FRONT::MAPSERVICE.Sinacofi_D33_F1.dia" type="Variable"/>
            <Object fileName="Variables.xml" id="bffa50fa-e420-420e-9aba-2e7d84c1C409" lastModify="2024-08-13T16:26:37.000Z" name="MAPSERVICE_Sinacofi_D33_F1_D33_FRONT::MAPSERVICE.Sinacofi_D33_F1.correlativoPrefijo" type="Variable"/>
            <Object fileName="Variables.xml" id="2bf5fc3a-ce1e-460c-aa4d-39dd9151a376" lastModify="2024-08-13T16:26:37.000Z" name="MAPSERVICE_Sinacofi_D33_F1_D33_FRONT::MAPSERVICE.Sinacofi_D33_F1.indice" type="Variable"/>
            <Object fileName="Variables.xml" id="64d94ac3-e932-412f-ac04-aa52e6ac4e0a" lastModify="2024-08-13T16:26:37.000Z" name="MAPSERVICE_Sinacofi_D33_F1_D33_FRONT::MAPSERVICE.Sinacofi_D33_F1.indice2" type="Variable"/>
            <Object fileName="Variables.xml" id="466e713d-9c27-4748-9af3-5ec2ae20bcfc" lastModify="2024-08-13T16:26:37.000Z" name="MAPSERVICE_Sinacofi_D33_F1_D33_FRONT::MAPSERVICE.Sinacofi_D33_F1.indice3" type="Variable"/>
            <Object fileName="Variables.xml" id="39a1f647-5bf9-474b-9625-33cf6f8bf9fe" lastModify="2024-08-13T16:26:37.000Z" name="MAPSERVICE_Sinacofi_D33_F1_D33_FRONT::MAPSERVICE.Sinacofi_D33_F1.tipoDocumentoPrefijo" type="Variable"/>
            <Object fileName="Variables.xml" id="ff84c037-fb9f-49f4-b8f3-b258ed4827dc" lastModify="2024-08-13T16:26:37.000Z" name="MAPSERVICE_Sinacofi_D33_F1_D33_FRONT::MAPSERVICE.Sinacofi_D33_F1.usuarioNAPrefijo" type="Variable"/>
            <Object fileName="Variables.xml" id="9e755733-aafa-493f-a824-605c9ca81a89" lastModify="2024-08-13T16:26:37.000Z" name="MAPSERVICE_Sinacofi_D33_F1_D33_FRONT::MAPSERVICE.Sinacofi_D33_F1.usuarioPrefijo" type="Variable"/>
            <Object id="5c9869f5-0ef5-4ee5-86c9-f734af6e5774" name="MAPSERVICE_Sinacofi_D33_F1_D33_FRONT::MAPSERVICE.Sinacofi_D33_F1\ArchivosMomentaneos.D33_Archivo_Datos_Val:InstanciarVariables" type="CheckConstraint"/>
            <Object id="5c9869f5-0ef5-4ee5-86c9-f734af6e5774" name="MAPSERVICE_Sinacofi_D33_F1_D33_FRONT::MAPSERVICE.Sinacofi_D33_F1\ArchivosMomentaneos.D33_Archivo_Datos_Val:Validation_code85_V8_V9_code65_V1_code75_V6" type="CheckConstraint"/>
            <Object id="5c9869f5-0ef5-4ee5-86c9-f734af6e5774" name="MAPSERVICE_Sinacofi_D33_F1_D33_FRONT::MAPSERVICE.Sinacofi_D33_F1\ArchivosMomentaneos.D33_Archivo_Datos_Val:Validation_code05_V2" type="CheckConstraint"/>
            <Object id="5c9869f5-0ef5-4ee5-86c9-f734af6e5774" name="MAPSERVICE_Sinacofi_D33_F1_D33_FRONT::MAPSERVICE.Sinacofi_D33_F1\ArchivosMomentaneos.D33_Archivo_Datos_Val:Validation_code74_V5" type="CheckConstraint"/>
            <Object id="5c9869f5-0ef5-4ee5-86c9-f734af6e5774" name="MAPSERVICE_Sinacofi_D33_F1_D33_FRONT::MAPSERVICE.Sinacofi_D33_F1\ArchivosMomentaneos.D33_Archivo_Datos_Val:Validation_container" type="CheckConstraint"/>
         </Object>
         <Object fileName="BusinessDocument_2.xml" id="5a26c413-5426-4534-8607-9d23965d6be1" lastModify="2024-08-13T16:26:37.000Z" name="MAPSERVICE_Sinacofi_D33_F1_D33_FRONT::MAPSERVICE.Sinacofi_D33_F1\ArchivosEntrada.D33_Archivo_Datos" type="BusinessDocument"/>
      </Object>
      <Object fileName="Variables.xml" id="611fa8e6-e9c4-4ac2-a44b-596b3de5465e" lastModify="2024-08-13T16:26:37.000Z" name="MAPSERVICE_Sinacofi_D33_F1_D33_FRONT::MAPSERVICE.Sinacofi_D33_F1.var_error1" type="Variable"/>
      <Object fileName="Variables.xml" id="b1d99d97-5a0c-41b2-938f-3c74978fc00b" lastModify="2024-08-13T16:26:37.000Z" name="MAPSERVICE_Sinacofi_D33_F1_D33_FRONT::MAPSERVICE.Sinacofi_D33_F1.TipoArchivo" type="Variable"/>
      <Object fileName="Variables.xml" id="4cd271d9-19f9-4928-a3ec-187a8f2f728f" lastModify="2024-08-13T16:26:37.000Z" name="MAPSERVICE_Sinacofi_D33_F1_D33_FRONT::MAPSERVICE.Sinacofi_D33_F1.CodigoError" type="Variable"/>
      <Object fileName="Variables.xml" id="b9263aa7-cfe0-4f5c-93ed-fc2a625126c2" lastModify="2024-08-13T16:26:37.000Z" name="MAPSERVICE_Sinacofi_D33_F1_D33_FRONT::MAPSERVICE.Sinacofi_D33_F1.Detalles" type="Variable"/>
      <Object fileName="Variables.xml" id="be1abe5b-940e-4e43-8099-40fcba76b305" lastModify="2024-08-13T16:26:37.000Z" name="MAPSERVICE_Sinacofi_D33_F1_D33_FRONT::MAPSERVICE.Sinacofi_D33_F1.Detalles2" type="Variable"/>
      <Object fileName="Variables.xml" id="b6db7a21-3ef3-4fb8-8233-d0654bfebf62" lastModify="2024-08-13T16:26:37.000Z" name="MAPSERVICE_Sinacofi_D33_F1_D33_FRONT::MAPSERVICE.Sinacofi_D33_F1.Detalles3" type="Variable"/>
      <Object fileName="Variables.xml" id="bd2edc22-ccf5-4262-9278-cef983d61675" lastModify="2024-08-13T16:26:37.000Z" name="MAPSERVICE_Sinacofi_D33_F1_D33_FRONT::MAPSERVICE.Sinacofi_D33_F1.indiceLoop" type="Variable"/>
      <Object fileName="Variables.xml" id="150c4ab1-9183-4840-9f96-ec31ffe7a7a9" lastModify="2024-08-13T16:26:37.000Z" name="MAPSERVICE_Sinacofi_D33_F1_D33_FRONT::MAPSERVICE.Sinacofi_D33_F1.agno" type="Variable"/>
      <Object fileName="Variables.xml" id="ec685ed4-800b-4512-9e18-d3f1ebd8e9c6" lastModify="2024-08-13T16:26:37.000Z" name="MAPSERVICE_Sinacofi_D33_F1_D33_FRONT::MAPSERVICE.Sinacofi_D33_F1.mes" type="Variable"/>
      <Object fileName="Variables.xml" id="64259468-6dca-46ee-88f3-9be1377dfffc" lastModify="2024-08-13T16:26:37.000Z" name="MAPSERVICE_Sinacofi_D33_F1_D33_FRONT::MAPSERVICE.Sinacofi_D33_F1.dia" type="Variable"/>
      <Object fileName="Variables.xml" id="bffa50fa-e420-420e-9aba-2e7d84c1C409" lastModify="2024-08-13T16:26:37.000Z" name="MAPSERVICE_Sinacofi_D33_F1_D33_FRONT::MAPSERVICE.Sinacofi_D33_F1.correlativoPrefijo" type="Variable"/>
      <Object fileName="Variables.xml" id="9d7c92bf-6a5b-4732-ba73-2c075c6fe230" lastModify="2024-08-13T16:26:37.000Z" name="MAPSERVICE_Sinacofi_D33_F1_D33_FRONT::MAPSERVICE.Sinacofi_D33_F1.MovimientoProcesado" type="Variable"/>
      <Object fileName="Variables.xml" id="2bf5fc3a-ce1e-460c-aa4d-39dd9151a376" lastModify="2024-08-13T16:26:37.000Z" name="MAPSERVICE_Sinacofi_D33_F1_D33_FRONT::MAPSERVICE.Sinacofi_D33_F1.indice" type="Variable"/>
      <Object fileName="Variables.xml" id="64d94ac3-e932-412f-ac04-aa52e6ac4e0a" lastModify="2024-08-13T16:26:37.000Z" name="MAPSERVICE_Sinacofi_D33_F1_D33_FRONT::MAPSERVICE.Sinacofi_D33_F1.indice2" type="Variable"/>
      <Object fileName="Variables.xml" id="466e713d-9c27-4748-9af3-5ec2ae20bcfc" lastModify="2024-08-13T16:26:37.000Z" name="MAPSERVICE_Sinacofi_D33_F1_D33_FRONT::MAPSERVICE.Sinacofi_D33_F1.indice3" type="Variable"/>
      <Object fileName="Variables.xml" id="39a1f647-5bf9-474b-9625-33cf6f8bf9fe" lastModify="2024-08-13T16:26:37.000Z" name="MAPSERVICE_Sinacofi_D33_F1_D33_FRONT::MAPSERVICE.Sinacofi_D33_F1.tipoDocumentoPrefijo" type="Variable"/>
      <Object fileName="Variables.xml" id="ff84c037-fb9f-49f4-b8f3-b258ed4827dc" lastModify="2024-08-13T16:26:37.000Z" name="MAPSERVICE_Sinacofi_D33_F1_D33_FRONT::MAPSERVICE.Sinacofi_D33_F1.usuarioNAPrefijo" type="Variable"/>
      <Object fileName="Variables.xml" id="9e755733-aafa-493f-a824-605c9ca81a89" lastModify="2024-08-13T16:26:37.000Z" name="MAPSERVICE_Sinacofi_D33_F1_D33_FRONT::MAPSERVICE.Sinacofi_D33_F1.usuarioPrefijo" type="Variable"/>
   </RootObject>
   <RootObject fileName="MapBroker_2.xml" id="cf0945b0-28c2-4639-a6c9-bddbb3e71ab9" lastModify="2024-08-13T16:26:37.000Z" name="MAPSERVICE_Sinacofi_D33_F1_D33_FRONT::MAPSERVICE.Sinacofi_D33_F1.Calcular_Cam" type="MapBroker">
      <Object id="1cb16b97-c668-4742-bf9c-e7da78efdc15" lastModify="2024-08-13T16:26:37.000Z" name="MAPSERVICE_Sinacofi_D33_F1_D33_FRONT::MAPSERVICE.Sinacofi_D33_F1.Calcular_Campos" type="MappingRule">
         <Object fileName="BusinessDocument_2.xml" id="5a26c413-5426-4534-8607-9d23965d6be1" lastModify="2024-08-13T16:26:37.000Z" name="MAPSERVICE_Sinacofi_D33_F1_D33_FRONT::MAPSERVICE.Sinacofi_D33_F1\ArchivosEntrada.D33_Archivo_Datos" type="BusinessDocument"/>
         <Object fileName="BusinessDocument_3.xml" id="29b6fc93-a3f5-4ed1-bd2a-a3828141c0b1" lastModify="2024-08-13T16:26:37.000Z" name="MAPSERVICE_Sinacofi_D33_F1_D33_FRONT::MAPSERVICE.Sinacofi_D33_F1\Salida.D33_Caratula_Salida" type="BusinessDocument"/>
         <Object fileName="Variables.xml" id="c8af8f09-52e0-4d39-9f0e-70e00c90848f" lastModify="2024-08-13T16:26:37.000Z" name="MAPSERVICE_Sinacofi_D33_F1_D33_FRONT::MAPSERVICE.Sinacofi_D33_F1.totalAIXR1" type="Variable"/>
         <Object fileName="Variables.xml" id="5c3675d9-3204-4171-a793-046e1c830f02" lastModify="2024-08-13T16:26:37.000Z" name="MAPSERVICE_Sinacofi_D33_F1_D33_FRONT::MAPSERVICE.Sinacofi_D33_F1.totalAIXR2" type="Variable"/>
         <Object fileName="Variables.xml" id="7fdb9cef-093c-46ca-b4da-e478eb61447e" lastModify="2024-08-13T16:26:37.000Z" name="MAPSERVICE_Sinacofi_D33_F1_D33_FRONT::MAPSERVICE.Sinacofi_D33_F1.totalAIXR3" type="Variable"/>
         <Object fileName="Variables.xml" id="52edfa76-a229-432f-be28-f342601da2a3" lastModify="2024-08-13T16:26:37.000Z" name="MAPSERVICE_Sinacofi_D33_F1_D33_FRONT::MAPSERVICE.Sinacofi_D33_F1.totalAIZR1" type="Variable"/>
         <Object fileName="Variables.xml" id="59b8cd0a-a644-44a7-8262-aa41b95e1bfd" lastModify="2024-08-13T16:26:37.000Z" name="MAPSERVICE_Sinacofi_D33_F1_D33_FRONT::MAPSERVICE.Sinacofi_D33_F1.totalAIZR2" type="Variable"/>
         <Object fileName="Variables.xml" id="cdbafacc-fd58-48ae-86d3-5a9439581ea0" lastModify="2024-08-13T16:26:37.000Z" name="MAPSERVICE_Sinacofi_D33_F1_D33_FRONT::MAPSERVICE.Sinacofi_D33_F1.totalAIZR3" type="Variable"/>
         <Object fileName="Variables.xml" id="36cf3853-6b14-412e-9380-bfaf39df4b40" lastModify="2024-08-13T16:26:37.000Z" name="MAPSERVICE_Sinacofi_D33_F1_D33_FRONT::MAPSERVICE.Sinacofi_D33_F1.totalAIXS1" type="Variable"/>
         <Object fileName="Variables.xml" id="5f92132c-4aa0-4310-a73a-2b0ef631f03c" lastModify="2024-08-13T16:26:37.000Z" name="MAPSERVICE_Sinacofi_D33_F1_D33_FRONT::MAPSERVICE.Sinacofi_D33_F1.totalAIXS2" type="Variable"/>
         <Object fileName="Variables.xml" id="e9320a03-adca-49f4-95ff-c94cbfc298f4" lastModify="2024-08-13T16:26:37.000Z" name="MAPSERVICE_Sinacofi_D33_F1_D33_FRONT::MAPSERVICE.Sinacofi_D33_F1.totalAIXS3" type="Variable"/>
         <Object fileName="Variables.xml" id="22000a83-0abd-4a2a-9f14-5c36bf1d5070" lastModify="2024-08-13T16:26:37.000Z" name="MAPSERVICE_Sinacofi_D33_F1_D33_FRONT::MAPSERVICE.Sinacofi_D33_F1.totalAIZS1" type="Variable"/>
         <Object fileName="Variables.xml" id="06b74d19-0338-4076-b9d2-8642c7cbb1eb" lastModify="2024-08-13T16:26:37.000Z" name="MAPSERVICE_Sinacofi_D33_F1_D33_FRONT::MAPSERVICE.Sinacofi_D33_F1.totalAIZS2" type="Variable"/>
         <Object fileName="Variables.xml" id="bcb737e8-7510-4ea2-934f-2531229f0595" lastModify="2024-08-13T16:26:37.000Z" name="MAPSERVICE_Sinacofi_D33_F1_D33_FRONT::MAPSERVICE.Sinacofi_D33_F1.totalAIZS3" type="Variable"/>
         <Object fileName="Variables.xml" id="0f66e4e4-28fe-4c4c-83ed-e19df6cc5207" lastModify="2024-08-13T16:26:37.000Z" name="MAPSERVICE_Sinacofi_D33_F1_D33_FRONT::MAPSERVICE.Sinacofi_D33_F1.totalAIXT1" type="Variable"/>
         <Object fileName="Variables.xml" id="085a11e2-679f-44af-868f-a5d6534f7d98" lastModify="2024-08-13T16:26:37.000Z" name="MAPSERVICE_Sinacofi_D33_F1_D33_FRONT::MAPSERVICE.Sinacofi_D33_F1.totalAIXT2" type="Variable"/>
         <Object fileName="Variables.xml" id="e9dae40c-7992-430f-ac92-10925ffe5189" lastModify="2024-08-13T16:26:37.000Z" name="MAPSERVICE_Sinacofi_D33_F1_D33_FRONT::MAPSERVICE.Sinacofi_D33_F1.totalAIXT3" type="Variable"/>
         <Object fileName="Variables.xml" id="a56cc4ef-2b8a-48a6-bd0b-7ade78eb31c1" lastModify="2024-08-13T16:26:37.000Z" name="MAPSERVICE_Sinacofi_D33_F1_D33_FRONT::MAPSERVICE.Sinacofi_D33_F1.totalAIZT1" type="Variable"/>
         <Object fileName="Variables.xml" id="26867214-b16a-4648-983b-7208b9534e3e" lastModify="2024-08-13T16:26:37.000Z" name="MAPSERVICE_Sinacofi_D33_F1_D33_FRONT::MAPSERVICE.Sinacofi_D33_F1.totalAIZT2" type="Variable"/>
         <Object fileName="Variables.xml" id="0db3561e-a011-4950-ab60-de3fd9a66959" lastModify="2024-08-13T16:26:37.000Z" name="MAPSERVICE_Sinacofi_D33_F1_D33_FRONT::MAPSERVICE.Sinacofi_D33_F1.totalAIZT3" type="Variable"/>
         <Object fileName="Variables.xml" id="dfed081f-cf57-4ded-b059-980c20ff0999" lastModify="2024-08-13T16:26:37.000Z" name="MAPSERVICE_Sinacofi_D33_F1_D33_FRONT::MAPSERVICE.Sinacofi_D33_F1.totalAIXU1" type="Variable"/>
         <Object fileName="Variables.xml" id="f5bd3058-8dff-4d4a-979d-46bed5285891" lastModify="2024-08-13T16:26:37.000Z" name="MAPSERVICE_Sinacofi_D33_F1_D33_FRONT::MAPSERVICE.Sinacofi_D33_F1.totalAIXU2" type="Variable"/>
         <Object fileName="Variables.xml" id="568c1bff-33ee-42c0-9d8c-128360012c8a" lastModify="2024-08-13T16:26:37.000Z" name="MAPSERVICE_Sinacofi_D33_F1_D33_FRONT::MAPSERVICE.Sinacofi_D33_F1.totalAIXU3" type="Variable"/>
         <Object fileName="Variables.xml" id="2963fea9-6ace-4930-9d1a-ccf6cdcc3799" lastModify="2024-08-13T16:26:37.000Z" name="MAPSERVICE_Sinacofi_D33_F1_D33_FRONT::MAPSERVICE.Sinacofi_D33_F1.totalAIZU1" type="Variable"/>
         <Object fileName="Variables.xml" id="3d105b4c-20da-45ca-997e-ef3f3deb1858" lastModify="2024-08-13T16:26:37.000Z" name="MAPSERVICE_Sinacofi_D33_F1_D33_FRONT::MAPSERVICE.Sinacofi_D33_F1.totalAIZU2" type="Variable"/>
         <Object fileName="Variables.xml" id="e45fbe77-a798-498b-a7c1-e24f5cca0918" lastModify="2024-08-13T16:26:37.000Z" name="MAPSERVICE_Sinacofi_D33_F1_D33_FRONT::MAPSERVICE.Sinacofi_D33_F1.totalAIZU3" type="Variable"/>
         <Object fileName="Variables.xml" id="a9f367ff-234d-4853-8f5e-c86791d5ec0a" lastModify="2024-08-13T16:26:37.000Z" name="MAPSERVICE_Sinacofi_D33_F1_D33_FRONT::MAPSERVICE.Sinacofi_D33_F1.totalAIXV1" type="Variable"/>
         <Object fileName="Variables.xml" id="dba865d2-8e16-4bdb-a02a-66528d2a72be" lastModify="2024-08-13T16:26:37.000Z" name="MAPSERVICE_Sinacofi_D33_F1_D33_FRONT::MAPSERVICE.Sinacofi_D33_F1.totalAIXV2" type="Variable"/>
         <Object fileName="Variables.xml" id="aff87f40-b852-4cb0-8562-91c58b77b3f5" lastModify="2024-08-13T16:26:37.000Z" name="MAPSERVICE_Sinacofi_D33_F1_D33_FRONT::MAPSERVICE.Sinacofi_D33_F1.totalAIXV3" type="Variable"/>
         <Object fileName="Variables.xml" id="4d0d3c88-6a21-4191-8c9e-843c8e494931" lastModify="2024-08-13T16:26:37.000Z" name="MAPSERVICE_Sinacofi_D33_F1_D33_FRONT::MAPSERVICE.Sinacofi_D33_F1.totalAIZV1" type="Variable"/>
         <Object fileName="Variables.xml" id="f737a524-600e-426d-90c2-f137676d2139" lastModify="2024-08-13T16:26:37.000Z" name="MAPSERVICE_Sinacofi_D33_F1_D33_FRONT::MAPSERVICE.Sinacofi_D33_F1.totalAIZV2" type="Variable"/>
         <Object fileName="Variables.xml" id="994ee563-dcc5-446a-8396-13fa9844537f" lastModify="2024-08-13T16:26:37.000Z" name="MAPSERVICE_Sinacofi_D33_F1_D33_FRONT::MAPSERVICE.Sinacofi_D33_F1.totalAIZV3" type="Variable"/>
         <Object fileName="Variables.xml" id="b552ac20-d380-460a-90f9-23fea2524e9d" lastModify="2024-08-13T16:26:37.000Z" name="MAPSERVICE_Sinacofi_D33_F1_D33_FRONT::MAPSERVICE.Sinacofi_D33_F1.totalAIXW1" type="Variable"/>
         <Object fileName="Variables.xml" id="2f7f4a86-44df-4341-aca4-fac7905f298f" lastModify="2024-08-13T16:26:37.000Z" name="MAPSERVICE_Sinacofi_D33_F1_D33_FRONT::MAPSERVICE.Sinacofi_D33_F1.totalAIXW2" type="Variable"/>
         <Object fileName="Variables.xml" id="3b71731a-5667-430b-a94e-acf4c2999a2e" lastModify="2024-08-13T16:26:37.000Z" name="MAPSERVICE_Sinacofi_D33_F1_D33_FRONT::MAPSERVICE.Sinacofi_D33_F1.totalAIXW3" type="Variable"/>
         <Object fileName="Variables.xml" id="76ffab21-0495-4a10-8563-0328525c3f87" lastModify="2024-08-13T16:26:37.000Z" name="MAPSERVICE_Sinacofi_D33_F1_D33_FRONT::MAPSERVICE.Sinacofi_D33_F1.totalAIZW1" type="Variable"/>
         <Object fileName="Variables.xml" id="34b15db9-f6be-4ed4-a6e8-0ecba00646ad" lastModify="2024-08-13T16:26:37.000Z" name="MAPSERVICE_Sinacofi_D33_F1_D33_FRONT::MAPSERVICE.Sinacofi_D33_F1.totalAIZW2" type="Variable"/>
         <Object fileName="Variables.xml" id="66085ac6-a389-4dc4-935c-0f07eef34e32" lastModify="2024-08-13T16:26:37.000Z" name="MAPSERVICE_Sinacofi_D33_F1_D33_FRONT::MAPSERVICE.Sinacofi_D33_F1.totalAIZW3" type="Variable"/>
      </Object>
      <Object fileName="Variables.xml" id="bffa50fa-e420-420e-9aba-2e7d84c1C409" lastModify="2024-08-13T16:26:37.000Z" name="MAPSERVICE_Sinacofi_D33_F1_D33_FRONT::MAPSERVICE.Sinacofi_D33_F1.correlativoPrefijo" type="Variable"/>
   </RootObject>
   <RootObject fileName="MapBroker_3.xml" id="ddec0d24-706a-4db5-a7ac-a14fde47f3f3" lastModify="2024-08-13T16:26:37.000Z" name="MAPSERVICE_Sinacofi_D33_F1_D33_FRONT::MAPSERVICE.Sinacofi_D33_F1.Evento_Error" type="MapBroker">
      <Object fileName="CustomFunctions.xml" id="53671eb6-d536-4a07-b926-d740272e8aa4" lastModify="2024-08-13T16:26:37.000Z" name="MAPSERVICE.Sinacofi_D33_F1.InsertErrorTBL" type="CustomFunction"/>
      <Object fileName="CustomFunctions.xml" id="9e78dfb3-a96c-416d-b1f8-c156a40967b0" lastModify="2024-08-13T16:26:37.000Z" name="MAPSERVICE.Sinacofi_D33_F1.InsertMovTBL" type="CustomFunction"/>
      <Object fileName="Variables.xml" id="611fa8e6-e9c4-4ac2-a44b-596b3de5465e" lastModify="2024-08-13T16:26:37.000Z" name="MAPSERVICE_Sinacofi_D33_F1_D33_FRONT::MAPSERVICE.Sinacofi_D33_F1.var_error1" type="Variable"/>
      <Object fileName="Variables.xml" id="bffa50fa-e420-420e-9aba-2e7d84c1C409" lastModify="2024-08-13T16:26:37.000Z" name="MAPSERVICE_Sinacofi_D33_F1_D33_FRONT::MAPSERVICE.Sinacofi_D33_F1.correlativoPrefijo" type="Variable"/>
      <Object fileName="Variables.xml" id="0d569f53-b945-416c-bd9f-63056e36475e" lastModify="2024-08-13T16:26:37.000Z" name="MAPSERVICE_Sinacofi_D33_F1_D33_FRONT::MAPSERVICE.Sinacofi_D33_F1.debug" type="Variable"/>
      <Object fileName="Variables.xml" id="68bc84be-17b1-496b-9ec8-fb15e0944690" lastModify="2024-08-13T16:26:37.000Z" name="MAPSERVICE_Sinacofi_D33_F1_D33_FRONT::MAPSERVICE.Sinacofi_D33_F1.var_registro1" type="Variable"/>
   </RootObject>
   <RootObject fileName="MapBroker_4.xml" id="4015b54a-c649-4e47-b9f7-D33e3e8b10e8" lastModify="2024-08-13T16:26:37.000Z" name="MAPSERVICE_Sinacofi_D33_F1_D33_FRONT::MAPSERVICE.Sinacofi_D33_F1.Insertar_Campos" type="MapBroker">
      <Object fileName="BusinessDocument_3.xml" id="29b6fc93-a3f5-4ed1-bd2a-a3828141c0b1" lastModify="2024-08-13T16:26:37.000Z" name="MAPSERVICE_Sinacofi_D33_F1_D33_FRONT::MAPSERVICE.Sinacofi_D33_F1\Salida.D33_Caratula_Salida" type="BusinessDocument"/>
      <Object fileName="CustomFunctions.xml" id="53671eb6-d536-4a07-b926-d740272e8aa4" lastModify="2024-08-13T16:26:37.000Z" name="MAPSERVICE.Sinacofi_D33_F1.InsertErrorTBL" type="CustomFunction"/>
      <Object fileName="CustomFunctions.xml" id="9e78dfb3-a96c-416d-b1f8-c156a40967b0" lastModify="2024-08-13T16:26:37.000Z" name="MAPSERVICE.Sinacofi_D33_F1.InsertMovTBL" type="CustomFunction"/>
      <Object fileName="CustomFunctions.xml" id="33471ac7-5872-4709-b75a-0fc814d91ab6" lastModify="2024-08-13T16:26:37.000Z" name="MAPSERVICE.Sinacofi_D33_F1.ValidarEstructuraCAR" type="CustomFunction"/>
      <Object fileName="CustomFunctions.xml" id="a7e635c7-52a3-4538-b80d-3db58897c988" lastModify="2024-08-13T16:26:37.000Z" name="MAPSERVICE.Sinacofi_D33_F1.CargarCampos" type="CustomFunction"/>
      <Object fileName="Variables.xml" id="611fa8e6-e9c4-4ac2-a44b-596b3de5465e" lastModify="2024-08-13T16:26:37.000Z" name="MAPSERVICE_Sinacofi_D33_F1_D33_FRONT::MAPSERVICE.Sinacofi_D33_F1.var_error1" type="Variable"/>
      <Object fileName="Variables.xml" id="bffa50fa-e420-420e-9aba-2e7d84c1C409" lastModify="2024-08-13T16:26:37.000Z" name="MAPSERVICE_Sinacofi_D33_F1_D33_FRONT::MAPSERVICE.Sinacofi_D33_F1.correlativoPrefijo" type="Variable"/>
      <Object fileName="Variables.xml" id="9d7c92bf-6a5b-4732-ba73-2c075c6fe230" lastModify="2024-08-13T16:26:37.000Z" name="MAPSERVICE_Sinacofi_D33_F1_D33_FRONT::MAPSERVICE.Sinacofi_D33_F1.MovimientoProcesado" type="Variable"/>
      <Object fileName="Variables.xml" id="68bc84be-17b1-496b-9ec8-fb15e0944690" lastModify="2024-08-13T16:26:37.000Z" name="MAPSERVICE_Sinacofi_D33_F1_D33_FRONT::MAPSERVICE.Sinacofi_D33_F1.var_registro1" type="Variable"/>
      <Object fileName="Variables.xml" id="08c5d016-b238-451b-81ec-fc19d7421b79" lastModify="2024-08-13T16:26:37.000Z" name="MAPSERVICE_Sinacofi_D33_F1_D33_FRONT::MAPSERVICE.Sinacofi_D33_F1.resEstructuraValida" type="Variable"/>
      <Object fileName="Variables.xml" id="92bb996d-3ed8-4dcb-bdfd-8bc6f22a2acc" lastModify="2024-08-13T16:26:37.000Z" name="MAPSERVICE_Sinacofi_D33_F1_D33_FRONT::MAPSERVICE.Sinacofi_D33_F1.ValoresConcatenados" type="Variable"/>
      <Object fileName="Variables.xml" id="5ad17385-d4d9-44c7-bda9-41aafc685d09" lastModify="2024-08-13T16:26:37.000Z" name="MAPSERVICE_Sinacofi_D33_F1_D33_FRONT::MAPSERVICE.Sinacofi_D33_F1.resCargarCampos" type="Variable"/>
   </RootObject>
   <RootObject fileName="MapStage_1.xml" id="f37bd1e2-d9b0-4c14-8405-77bc25894470" lastModify="2024-08-13T16:26:37.000Z" name="MAPSERVICE.Sinacofi_D33_F1.D33_FRONT" type="MapStage">
      <Object fileName="BusinessDocument_1.xml" id="5c9869f5-0ef5-4ee5-86c9-f734af6e5774" lastModify="2024-08-13T16:26:37.000Z" name="MAPSERVICE_Sinacofi_D33_F1_D33_FRONT::MAPSERVICE.Sinacofi_D33_F1\ArchivosMomentaneos.D33_Archivo_Datos_Val" type="BusinessDocument">
         <Object fileName="CustomFunctions.xml" id="5e0e28f3-aa92-4c9e-92b4-fc75fadb3a3e" lastModify="2024-08-13T16:26:37.000Z" name="MAPSERVICE.Sinacofi_D33_F1.GetLargoRegistroByTD" type="CustomFunction"/>
         <Object fileName="CustomFunctions.xml" id="53671eb6-d536-4a07-b926-d740272e8aa4" lastModify="2024-08-13T16:26:37.000Z" name="MAPSERVICE.Sinacofi_D33_F1.InsertErrorTBL" type="CustomFunction"/>
         <Object fileName="CustomFunctions.xml" id="19523725-d875-4bdc-8be7-3783b7bcfb45" lastModify="2024-08-13T16:26:37.000Z" name="MAPSERVICE.Sinacofi_D33_F1.GetEntidadByCasilla" type="CustomFunction"/>
         <Object fileName="Variables.xml" id="611fa8e6-e9c4-4ac2-a44b-596b3de5465e" lastModify="2024-08-13T16:26:37.000Z" name="MAPSERVICE_Sinacofi_D33_F1_D33_FRONT::MAPSERVICE.Sinacofi_D33_F1.var_error1" type="Variable"/>
         <Object fileName="Variables.xml" id="b1d99d97-5a0c-41b2-938f-3c74978fc00b" lastModify="2024-08-13T16:26:37.000Z" name="MAPSERVICE_Sinacofi_D33_F1_D33_FRONT::MAPSERVICE.Sinacofi_D33_F1.TipoArchivo" type="Variable"/>
         <Object fileName="Variables.xml" id="4cd271d9-19f9-4928-a3ec-187a8f2f728f" lastModify="2024-08-13T16:26:37.000Z" name="MAPSERVICE_Sinacofi_D33_F1_D33_FRONT::MAPSERVICE.Sinacofi_D33_F1.CodigoError" type="Variable"/>
         <Object fileName="Variables.xml" id="b9263aa7-cfe0-4f5c-93ed-fc2a625126c2" lastModify="2024-08-13T16:26:37.000Z" name="MAPSERVICE_Sinacofi_D33_F1_D33_FRONT::MAPSERVICE.Sinacofi_D33_F1.Detalles" type="Variable"/>
         <Object fileName="Variables.xml" id="be1abe5b-940e-4e43-8099-40fcba76b305" lastModify="2024-08-13T16:26:37.000Z" name="MAPSERVICE_Sinacofi_D33_F1_D33_FRONT::MAPSERVICE.Sinacofi_D33_F1.Detalles2" type="Variable"/>
         <Object fileName="Variables.xml" id="b6db7a21-3ef3-4fb8-8233-d0654bfebf62" lastModify="2024-08-13T16:26:37.000Z" name="MAPSERVICE_Sinacofi_D33_F1_D33_FRONT::MAPSERVICE.Sinacofi_D33_F1.Detalles3" type="Variable"/>
         <Object fileName="Variables.xml" id="bd2edc22-ccf5-4262-9278-cef983d61675" lastModify="2024-08-13T16:26:37.000Z" name="MAPSERVICE_Sinacofi_D33_F1_D33_FRONT::MAPSERVICE.Sinacofi_D33_F1.indiceLoop" type="Variable"/>
         <Object fileName="Variables.xml" id="150c4ab1-9183-4840-9f96-ec31ffe7a7a9" lastModify="2024-08-13T16:26:37.000Z" name="MAPSERVICE_Sinacofi_D33_F1_D33_FRONT::MAPSERVICE.Sinacofi_D33_F1.agno" type="Variable"/>
         <Object fileName="Variables.xml" id="ec685ed4-800b-4512-9e18-d3f1ebd8e9c6" lastModify="2024-08-13T16:26:37.000Z" name="MAPSERVICE_Sinacofi_D33_F1_D33_FRONT::MAPSERVICE.Sinacofi_D33_F1.mes" type="Variable"/>
         <Object fileName="Variables.xml" id="64259468-6dca-46ee-88f3-9be1377dfffc" lastModify="2024-08-13T16:26:37.000Z" name="MAPSERVICE_Sinacofi_D33_F1_D33_FRONT::MAPSERVICE.Sinacofi_D33_F1.dia" type="Variable"/>
         <Object fileName="Variables.xml" id="bffa50fa-e420-420e-9aba-2e7d84c1C409" lastModify="2024-08-13T16:26:37.000Z" name="MAPSERVICE_Sinacofi_D33_F1_D33_FRONT::MAPSERVICE.Sinacofi_D33_F1.correlativoPrefijo" type="Variable"/>
         <Object fileName="Variables.xml" id="2bf5fc3a-ce1e-460c-aa4d-39dd9151a376" lastModify="2024-08-13T16:26:37.000Z" name="MAPSERVICE_Sinacofi_D33_F1_D33_FRONT::MAPSERVICE.Sinacofi_D33_F1.indice" type="Variable"/>
         <Object fileName="Variables.xml" id="64d94ac3-e932-412f-ac04-aa52e6ac4e0a" lastModify="2024-08-13T16:26:37.000Z" name="MAPSERVICE_Sinacofi_D33_F1_D33_FRONT::MAPSERVICE.Sinacofi_D33_F1.indice2" type="Variable"/>
         <Object fileName="Variables.xml" id="466e713d-9c27-4748-9af3-5ec2ae20bcfc" lastModify="2024-08-13T16:26:37.000Z" name="MAPSERVICE_Sinacofi_D33_F1_D33_FRONT::MAPSERVICE.Sinacofi_D33_F1.indice3" type="Variable"/>
         <Object fileName="Variables.xml" id="39a1f647-5bf9-474b-9625-33cf6f8bf9fe" lastModify="2024-08-13T16:26:37.000Z" name="MAPSERVICE_Sinacofi_D33_F1_D33_FRONT::MAPSERVICE.Sinacofi_D33_F1.tipoDocumentoPrefijo" type="Variable"/>
         <Object fileName="Variables.xml" id="ff84c037-fb9f-49f4-b8f3-b258ed4827dc" lastModify="2024-08-13T16:26:37.000Z" name="MAPSERVICE_Sinacofi_D33_F1_D33_FRONT::MAPSERVICE.Sinacofi_D33_F1.usuarioNAPrefijo" type="Variable"/>
         <Object fileName="Variables.xml" id="9e755733-aafa-493f-a824-605c9ca81a89" lastModify="2024-08-13T16:26:37.000Z" name="MAPSERVICE_Sinacofi_D33_F1_D33_FRONT::MAPSERVICE.Sinacofi_D33_F1.usuarioPrefijo" type="Variable"/>
         <Object id="5c9869f5-0ef5-4ee5-86c9-f734af6e5774" name="MAPSERVICE_Sinacofi_D33_F1_D33_FRONT::MAPSERVICE.Sinacofi_D33_F1\ArchivosMomentaneos.D33_Archivo_Datos_Val:InstanciarVariables" type="CheckConstraint"/>
         <Object id="5c9869f5-0ef5-4ee5-86c9-f734af6e5774" name="MAPSERVICE_Sinacofi_D33_F1_D33_FRONT::MAPSERVICE.Sinacofi_D33_F1\ArchivosMomentaneos.D33_Archivo_Datos_Val:Validation_code85_V8_V9_code65_V1_code75_V6" type="CheckConstraint"/>
         <Object id="5c9869f5-0ef5-4ee5-86c9-f734af6e5774" name="MAPSERVICE_Sinacofi_D33_F1_D33_FRONT::MAPSERVICE.Sinacofi_D33_F1\ArchivosMomentaneos.D33_Archivo_Datos_Val:Validation_code05_V2" type="CheckConstraint"/>
         <Object id="5c9869f5-0ef5-4ee5-86c9-f734af6e5774" name="MAPSERVICE_Sinacofi_D33_F1_D33_FRONT::MAPSERVICE.Sinacofi_D33_F1\ArchivosMomentaneos.D33_Archivo_Datos_Val:Validation_code74_V5" type="CheckConstraint"/>
         <Object id="5c9869f5-0ef5-4ee5-86c9-f734af6e5774" name="MAPSERVICE_Sinacofi_D33_F1_D33_FRONT::MAPSERVICE.Sinacofi_D33_F1\ArchivosMomentaneos.D33_Archivo_Datos_Val:Validation_container" type="CheckConstraint"/>
      </Object>
      <Object fileName="BusinessDocument_2.xml" id="5a26c413-5426-4534-8607-9d23965d6be1" lastModify="2024-08-13T16:26:37.000Z" name="MAPSERVICE_Sinacofi_D33_F1_D33_FRONT::MAPSERVICE.Sinacofi_D33_F1\ArchivosEntrada.D33_Archivo_Datos" type="BusinessDocument"/>
      <Object fileName="BusinessDocument_3.xml" id="29b6fc93-a3f5-4ed1-bd2a-a3828141c0b1" lastModify="2024-08-13T16:26:37.000Z" name="MAPSERVICE_Sinacofi_D33_F1_D33_FRONT::MAPSERVICE.Sinacofi_D33_F1\Salida.D33_Caratula_Salida" type="BusinessDocument"/>
      <Object fileName="CustomFunctions.xml" id="53671eb6-d536-4a07-b926-d740272e8aa4" lastModify="2024-08-13T16:26:37.000Z" name="MAPSERVICE.Sinacofi_D33_F1.InsertErrorTBL" type="CustomFunction"/>
      <Object fileName="CustomFunctions.xml" id="9e78dfb3-a96c-416d-b1f8-c156a40967b0" lastModify="2024-08-13T16:26:37.000Z" name="MAPSERVICE.Sinacofi_D33_F1.InsertMovTBL" type="CustomFunction"/>
      <Object fileName="CustomFunctions.xml" id="33471ac7-5872-4709-b75a-0fc814d91ab6" lastModify="2024-08-13T16:26:37.000Z" name="MAPSERVICE.Sinacofi_D33_F1.ValidarEstructuraCAR" type="CustomFunction"/>
      <Object fileName="CustomFunctions.xml" id="a7e635c7-52a3-4538-b80d-3db58897c988" lastModify="2024-08-13T16:26:37.000Z" name="MAPSERVICE.Sinacofi_D33_F1.CargarCampos" type="CustomFunction"/>
      <Object fileName="MapBroker_1.xml" id="02a18ed3-71eb-431e-a139-72784f94f3c4" lastModify="2024-08-13T16:26:37.000Z" name="MAPSERVICE_Sinacofi_D33_F1_D33_FRONT::MAPSERVICE.Sinacofi_D33_F1.Validar_Datos" type="MapBroker">
         <Object fileName="BusinessDocument_1.xml" id="5c9869f5-0ef5-4ee5-86c9-f734af6e5774" lastModify="2024-08-13T16:26:37.000Z" name="MAPSERVICE_Sinacofi_D33_F1_D33_FRONT::MAPSERVICE.Sinacofi_D33_F1\ArchivosMomentaneos.D33_Archivo_Datos_Val" type="BusinessDocument">
            <Object fileName="CustomFunctions.xml" id="5e0e28f3-aa92-4c9e-92b4-fc75fadb3a3e" lastModify="2024-08-13T16:26:37.000Z" name="MAPSERVICE.Sinacofi_D33_F1.GetLargoRegistroByTD" type="CustomFunction"/>
            <Object fileName="CustomFunctions.xml" id="53671eb6-d536-4a07-b926-d740272e8aa4" lastModify="2024-08-13T16:26:37.000Z" name="MAPSERVICE.Sinacofi_D33_F1.InsertErrorTBL" type="CustomFunction"/>
            <Object fileName="CustomFunctions.xml" id="19523725-d875-4bdc-8be7-3783b7bcfb45" lastModify="2024-08-13T16:26:37.000Z" name="MAPSERVICE.Sinacofi_D33_F1.GetEntidadByCasilla" type="CustomFunction"/>
            <Object fileName="Variables.xml" id="611fa8e6-e9c4-4ac2-a44b-596b3de5465e" lastModify="2024-08-13T16:26:37.000Z" name="MAPSERVICE_Sinacofi_D33_F1_D33_FRONT::MAPSERVICE.Sinacofi_D33_F1.var_error1" type="Variable"/>
            <Object fileName="Variables.xml" id="b1d99d97-5a0c-41b2-938f-3c74978fc00b" lastModify="2024-08-13T16:26:37.000Z" name="MAPSERVICE_Sinacofi_D33_F1_D33_FRONT::MAPSERVICE.Sinacofi_D33_F1.TipoArchivo" type="Variable"/>
            <Object fileName="Variables.xml" id="4cd271d9-19f9-4928-a3ec-187a8f2f728f" lastModify="2024-08-13T16:26:37.000Z" name="MAPSERVICE_Sinacofi_D33_F1_D33_FRONT::MAPSERVICE.Sinacofi_D33_F1.CodigoError" type="Variable"/>
            <Object fileName="Variables.xml" id="b9263aa7-cfe0-4f5c-93ed-fc2a625126c2" lastModify="2024-08-13T16:26:37.000Z" name="MAPSERVICE_Sinacofi_D33_F1_D33_FRONT::MAPSERVICE.Sinacofi_D33_F1.Detalles" type="Variable"/>
            <Object fileName="Variables.xml" id="be1abe5b-940e-4e43-8099-40fcba76b305" lastModify="2024-08-13T16:26:37.000Z" name="MAPSERVICE_Sinacofi_D33_F1_D33_FRONT::MAPSERVICE.Sinacofi_D33_F1.Detalles2" type="Variable"/>
            <Object fileName="Variables.xml" id="b6db7a21-3ef3-4fb8-8233-d0654bfebf62" lastModify="2024-08-13T16:26:37.000Z" name="MAPSERVICE_Sinacofi_D33_F1_D33_FRONT::MAPSERVICE.Sinacofi_D33_F1.Detalles3" type="Variable"/>
            <Object fileName="Variables.xml" id="bd2edc22-ccf5-4262-9278-cef983d61675" lastModify="2024-08-13T16:26:37.000Z" name="MAPSERVICE_Sinacofi_D33_F1_D33_FRONT::MAPSERVICE.Sinacofi_D33_F1.indiceLoop" type="Variable"/>
            <Object fileName="Variables.xml" id="150c4ab1-9183-4840-9f96-ec31ffe7a7a9" lastModify="2024-08-13T16:26:37.000Z" name="MAPSERVICE_Sinacofi_D33_F1_D33_FRONT::MAPSERVICE.Sinacofi_D33_F1.agno" type="Variable"/>
            <Object fileName="Variables.xml" id="ec685ed4-800b-4512-9e18-d3f1ebd8e9c6" lastModify="2024-08-13T16:26:37.000Z" name="MAPSERVICE_Sinacofi_D33_F1_D33_FRONT::MAPSERVICE.Sinacofi_D33_F1.mes" type="Variable"/>
            <Object fileName="Variables.xml" id="64259468-6dca-46ee-88f3-9be1377dfffc" lastModify="2024-08-13T16:26:37.000Z" name="MAPSERVICE_Sinacofi_D33_F1_D33_FRONT::MAPSERVICE.Sinacofi_D33_F1.dia" type="Variable"/>
            <Object fileName="Variables.xml" id="bffa50fa-e420-420e-9aba-2e7d84c1C409" lastModify="2024-08-13T16:26:37.000Z" name="MAPSERVICE_Sinacofi_D33_F1_D33_FRONT::MAPSERVICE.Sinacofi_D33_F1.correlativoPrefijo" type="Variable"/>
            <Object fileName="Variables.xml" id="2bf5fc3a-ce1e-460c-aa4d-39dd9151a376" lastModify="2024-08-13T16:26:37.000Z" name="MAPSERVICE_Sinacofi_D33_F1_D33_FRONT::MAPSERVICE.Sinacofi_D33_F1.indice" type="Variable"/>
            <Object fileName="Variables.xml" id="64d94ac3-e932-412f-ac04-aa52e6ac4e0a" lastModify="2024-08-13T16:26:37.000Z" name="MAPSERVICE_Sinacofi_D33_F1_D33_FRONT::MAPSERVICE.Sinacofi_D33_F1.indice2" type="Variable"/>
            <Object fileName="Variables.xml" id="466e713d-9c27-4748-9af3-5ec2ae20bcfc" lastModify="2024-08-13T16:26:37.000Z" name="MAPSERVICE_Sinacofi_D33_F1_D33_FRONT::MAPSERVICE.Sinacofi_D33_F1.indice3" type="Variable"/>
            <Object fileName="Variables.xml" id="39a1f647-5bf9-474b-9625-33cf6f8bf9fe" lastModify="2024-08-13T16:26:37.000Z" name="MAPSERVICE_Sinacofi_D33_F1_D33_FRONT::MAPSERVICE.Sinacofi_D33_F1.tipoDocumentoPrefijo" type="Variable"/>
            <Object fileName="Variables.xml" id="ff84c037-fb9f-49f4-b8f3-b258ed4827dc" lastModify="2024-08-13T16:26:37.000Z" name="MAPSERVICE_Sinacofi_D33_F1_D33_FRONT::MAPSERVICE.Sinacofi_D33_F1.usuarioNAPrefijo" type="Variable"/>
            <Object fileName="Variables.xml" id="9e755733-aafa-493f-a824-605c9ca81a89" lastModify="2024-08-13T16:26:37.000Z" name="MAPSERVICE_Sinacofi_D33_F1_D33_FRONT::MAPSERVICE.Sinacofi_D33_F1.usuarioPrefijo" type="Variable"/>
            <Object id="5c9869f5-0ef5-4ee5-86c9-f734af6e5774" name="MAPSERVICE_Sinacofi_D33_F1_D33_FRONT::MAPSERVICE.Sinacofi_D33_F1\ArchivosMomentaneos.D33_Archivo_Datos_Val:InstanciarVariables" type="CheckConstraint"/>
            <Object id="5c9869f5-0ef5-4ee5-86c9-f734af6e5774" name="MAPSERVICE_Sinacofi_D33_F1_D33_FRONT::MAPSERVICE.Sinacofi_D33_F1\ArchivosMomentaneos.D33_Archivo_Datos_Val:Validation_code85_V8_V9_code65_V1_code75_V6" type="CheckConstraint"/>
            <Object id="5c9869f5-0ef5-4ee5-86c9-f734af6e5774" name="MAPSERVICE_Sinacofi_D33_F1_D33_FRONT::MAPSERVICE.Sinacofi_D33_F1\ArchivosMomentaneos.D33_Archivo_Datos_Val:Validation_code05_V2" type="CheckConstraint"/>
            <Object id="5c9869f5-0ef5-4ee5-86c9-f734af6e5774" name="MAPSERVICE_Sinacofi_D33_F1_D33_FRONT::MAPSERVICE.Sinacofi_D33_F1\ArchivosMomentaneos.D33_Archivo_Datos_Val:Validation_code74_V5" type="CheckConstraint"/>
            <Object id="5c9869f5-0ef5-4ee5-86c9-f734af6e5774" name="MAPSERVICE_Sinacofi_D33_F1_D33_FRONT::MAPSERVICE.Sinacofi_D33_F1\ArchivosMomentaneos.D33_Archivo_Datos_Val:Validation_container" type="CheckConstraint"/>
         </Object>
         <Object fileName="CustomFunctions.xml" id="5e0e28f3-aa92-4c9e-92b4-fc75fadb3a3e" lastModify="2024-08-13T16:26:37.000Z" name="MAPSERVICE.Sinacofi_D33_F1.GetLargoRegistroByTD" type="CustomFunction"/>
         <Object fileName="CustomFunctions.xml" id="53671eb6-d536-4a07-b926-d740272e8aa4" lastModify="2024-08-13T16:26:37.000Z" name="MAPSERVICE.Sinacofi_D33_F1.InsertErrorTBL" type="CustomFunction"/>
         <Object fileName="CustomFunctions.xml" id="19523725-d875-4bdc-8be7-3783b7bcfb45" lastModify="2024-08-13T16:26:37.000Z" name="MAPSERVICE.Sinacofi_D33_F1.GetEntidadByCasilla" type="CustomFunction"/>
         <Object fileName="CustomFunctions.xml" id="9e78dfb3-a96c-416d-b1f8-c156a40967b0" lastModify="2024-08-13T16:26:37.000Z" name="MAPSERVICE.Sinacofi_D33_F1.InsertMovTBL" type="CustomFunction"/>
         <Object id="f6a10238-f643-42a4-ab0a-251f445dcbaf" lastModify="2024-08-13T16:26:37.000Z" name="MAPSERVICE_Sinacofi_D33_F1_D33_FRONT::MAPSERVICE.Sinacofi_D33_F1.ArchivoDatosVal_A_ArchivoDatos_FRONT" type="MappingRule">
            <Object fileName="BusinessDocument_1.xml" id="5c9869f5-0ef5-4ee5-86c9-f734af6e5774" lastModify="2024-08-13T16:26:37.000Z" name="MAPSERVICE_Sinacofi_D33_F1_D33_FRONT::MAPSERVICE.Sinacofi_D33_F1\ArchivosMomentaneos.D33_Archivo_Datos_Val" type="BusinessDocument">
               <Object fileName="CustomFunctions.xml" id="5e0e28f3-aa92-4c9e-92b4-fc75fadb3a3e" lastModify="2024-08-13T16:26:37.000Z" name="MAPSERVICE.Sinacofi_D33_F1.GetLargoRegistroByTD" type="CustomFunction"/>
               <Object fileName="CustomFunctions.xml" id="53671eb6-d536-4a07-b926-d740272e8aa4" lastModify="2024-08-13T16:26:37.000Z" name="MAPSERVICE.Sinacofi_D33_F1.InsertErrorTBL" type="CustomFunction"/>
               <Object fileName="CustomFunctions.xml" id="19523725-d875-4bdc-8be7-3783b7bcfb45" lastModify="2024-08-13T16:26:37.000Z" name="MAPSERVICE.Sinacofi_D33_F1.GetEntidadByCasilla" type="CustomFunction"/>
               <Object fileName="Variables.xml" id="611fa8e6-e9c4-4ac2-a44b-596b3de5465e" lastModify="2024-08-13T16:26:37.000Z" name="MAPSERVICE_Sinacofi_D33_F1_D33_FRONT::MAPSERVICE.Sinacofi_D33_F1.var_error1" type="Variable"/>
               <Object fileName="Variables.xml" id="b1d99d97-5a0c-41b2-938f-3c74978fc00b" lastModify="2024-08-13T16:26:37.000Z" name="MAPSERVICE_Sinacofi_D33_F1_D33_FRONT::MAPSERVICE.Sinacofi_D33_F1.TipoArchivo" type="Variable"/>
               <Object fileName="Variables.xml" id="4cd271d9-19f9-4928-a3ec-187a8f2f728f" lastModify="2024-08-13T16:26:37.000Z" name="MAPSERVICE_Sinacofi_D33_F1_D33_FRONT::MAPSERVICE.Sinacofi_D33_F1.CodigoError" type="Variable"/>
               <Object fileName="Variables.xml" id="b9263aa7-cfe0-4f5c-93ed-fc2a625126c2" lastModify="2024-08-13T16:26:37.000Z" name="MAPSERVICE_Sinacofi_D33_F1_D33_FRONT::MAPSERVICE.Sinacofi_D33_F1.Detalles" type="Variable"/>
               <Object fileName="Variables.xml" id="be1abe5b-940e-4e43-8099-40fcba76b305" lastModify="2024-08-13T16:26:37.000Z" name="MAPSERVICE_Sinacofi_D33_F1_D33_FRONT::MAPSERVICE.Sinacofi_D33_F1.Detalles2" type="Variable"/>
               <Object fileName="Variables.xml" id="b6db7a21-3ef3-4fb8-8233-d0654bfebf62" lastModify="2024-08-13T16:26:37.000Z" name="MAPSERVICE_Sinacofi_D33_F1_D33_FRONT::MAPSERVICE.Sinacofi_D33_F1.Detalles3" type="Variable"/>
               <Object fileName="Variables.xml" id="bd2edc22-ccf5-4262-9278-cef983d61675" lastModify="2024-08-13T16:26:37.000Z" name="MAPSERVICE_Sinacofi_D33_F1_D33_FRONT::MAPSERVICE.Sinacofi_D33_F1.indiceLoop" type="Variable"/>
               <Object fileName="Variables.xml" id="150c4ab1-9183-4840-9f96-ec31ffe7a7a9" lastModify="2024-08-13T16:26:37.000Z" name="MAPSERVICE_Sinacofi_D33_F1_D33_FRONT::MAPSERVICE.Sinacofi_D33_F1.agno" type="Variable"/>
               <Object fileName="Variables.xml" id="ec685ed4-800b-4512-9e18-d3f1ebd8e9c6" lastModify="2024-08-13T16:26:37.000Z" name="MAPSERVICE_Sinacofi_D33_F1_D33_FRONT::MAPSERVICE.Sinacofi_D33_F1.mes" type="Variable"/>
               <Object fileName="Variables.xml" id="64259468-6dca-46ee-88f3-9be1377dfffc" lastModify="2024-08-13T16:26:37.000Z" name="MAPSERVICE_Sinacofi_D33_F1_D33_FRONT::MAPSERVICE.Sinacofi_D33_F1.dia" type="Variable"/>
               <Object fileName="Variables.xml" id="bffa50fa-e420-420e-9aba-2e7d84c1C409" lastModify="2024-08-13T16:26:37.000Z" name="MAPSERVICE_Sinacofi_D33_F1_D33_FRONT::MAPSERVICE.Sinacofi_D33_F1.correlativoPrefijo" type="Variable"/>
               <Object fileName="Variables.xml" id="2bf5fc3a-ce1e-460c-aa4d-39dd9151a376" lastModify="2024-08-13T16:26:37.000Z" name="MAPSERVICE_Sinacofi_D33_F1_D33_FRONT::MAPSERVICE.Sinacofi_D33_F1.indice" type="Variable"/>
               <Object fileName="Variables.xml" id="64d94ac3-e932-412f-ac04-aa52e6ac4e0a" lastModify="2024-08-13T16:26:37.000Z" name="MAPSERVICE_Sinacofi_D33_F1_D33_FRONT::MAPSERVICE.Sinacofi_D33_F1.indice2" type="Variable"/>
               <Object fileName="Variables.xml" id="466e713d-9c27-4748-9af3-5ec2ae20bcfc" lastModify="2024-08-13T16:26:37.000Z" name="MAPSERVICE_Sinacofi_D33_F1_D33_FRONT::MAPSERVICE.Sinacofi_D33_F1.indice3" type="Variable"/>
               <Object fileName="Variables.xml" id="39a1f647-5bf9-474b-9625-33cf6f8bf9fe" lastModify="2024-08-13T16:26:37.000Z" name="MAPSERVICE_Sinacofi_D33_F1_D33_FRONT::MAPSERVICE.Sinacofi_D33_F1.tipoDocumentoPrefijo" type="Variable"/>
               <Object fileName="Variables.xml" id="ff84c037-fb9f-49f4-b8f3-b258ed4827dc" lastModify="2024-08-13T16:26:37.000Z" name="MAPSERVICE_Sinacofi_D33_F1_D33_FRONT::MAPSERVICE.Sinacofi_D33_F1.usuarioNAPrefijo" type="Variable"/>
               <Object fileName="Variables.xml" id="9e755733-aafa-493f-a824-605c9ca81a89" lastModify="2024-08-13T16:26:37.000Z" name="MAPSERVICE_Sinacofi_D33_F1_D33_FRONT::MAPSERVICE.Sinacofi_D33_F1.usuarioPrefijo" type="Variable"/>
               <Object id="5c9869f5-0ef5-4ee5-86c9-f734af6e5774" name="MAPSERVICE_Sinacofi_D33_F1_D33_FRONT::MAPSERVICE.Sinacofi_D33_F1\ArchivosMomentaneos.D33_Archivo_Datos_Val:InstanciarVariables" type="CheckConstraint"/>
               <Object id="5c9869f5-0ef5-4ee5-86c9-f734af6e5774" name="MAPSERVICE_Sinacofi_D33_F1_D33_FRONT::MAPSERVICE.Sinacofi_D33_F1\ArchivosMomentaneos.D33_Archivo_Datos_Val:Validation_code85_V8_V9_code65_V1_code75_V6" type="CheckConstraint"/>
               <Object id="5c9869f5-0ef5-4ee5-86c9-f734af6e5774" name="MAPSERVICE_Sinacofi_D33_F1_D33_FRONT::MAPSERVICE.Sinacofi_D33_F1\ArchivosMomentaneos.D33_Archivo_Datos_Val:Validation_code05_V2" type="CheckConstraint"/>
               <Object id="5c9869f5-0ef5-4ee5-86c9-f734af6e5774" name="MAPSERVICE_Sinacofi_D33_F1_D33_FRONT::MAPSERVICE.Sinacofi_D33_F1\ArchivosMomentaneos.D33_Archivo_Datos_Val:Validation_code74_V5" type="CheckConstraint"/>
               <Object id="5c9869f5-0ef5-4ee5-86c9-f734af6e5774" name="MAPSERVICE_Sinacofi_D33_F1_D33_FRONT::MAPSERVICE.Sinacofi_D33_F1\ArchivosMomentaneos.D33_Archivo_Datos_Val:Validation_container" type="CheckConstraint"/>
            </Object>
            <Object fileName="BusinessDocument_2.xml" id="5a26c413-5426-4534-8607-9d23965d6be1" lastModify="2024-08-13T16:26:37.000Z" name="MAPSERVICE_Sinacofi_D33_F1_D33_FRONT::MAPSERVICE.Sinacofi_D33_F1\ArchivosEntrada.D33_Archivo_Datos" type="BusinessDocument"/>
         </Object>
         <Object fileName="Variables.xml" id="611fa8e6-e9c4-4ac2-a44b-596b3de5465e" lastModify="2024-08-13T16:26:37.000Z" name="MAPSERVICE_Sinacofi_D33_F1_D33_FRONT::MAPSERVICE.Sinacofi_D33_F1.var_error1" type="Variable"/>
         <Object fileName="Variables.xml" id="b1d99d97-5a0c-41b2-938f-3c74978fc00b" lastModify="2024-08-13T16:26:37.000Z" name="MAPSERVICE_Sinacofi_D33_F1_D33_FRONT::MAPSERVICE.Sinacofi_D33_F1.TipoArchivo" type="Variable"/>
         <Object fileName="Variables.xml" id="4cd271d9-19f9-4928-a3ec-187a8f2f728f" lastModify="2024-08-13T16:26:37.000Z" name="MAPSERVICE_Sinacofi_D33_F1_D33_FRONT::MAPSERVICE.Sinacofi_D33_F1.CodigoError" type="Variable"/>
         <Object fileName="Variables.xml" id="b9263aa7-cfe0-4f5c-93ed-fc2a625126c2" lastModify="2024-08-13T16:26:37.000Z" name="MAPSERVICE_Sinacofi_D33_F1_D33_FRONT::MAPSERVICE.Sinacofi_D33_F1.Detalles" type="Variable"/>
         <Object fileName="Variables.xml" id="be1abe5b-940e-4e43-8099-40fcba76b305" lastModify="2024-08-13T16:26:37.000Z" name="MAPSERVICE_Sinacofi_D33_F1_D33_FRONT::MAPSERVICE.Sinacofi_D33_F1.Detalles2" type="Variable"/>
         <Object fileName="Variables.xml" id="b6db7a21-3ef3-4fb8-8233-d0654bfebf62" lastModify="2024-08-13T16:26:37.000Z" name="MAPSERVICE_Sinacofi_D33_F1_D33_FRONT::MAPSERVICE.Sinacofi_D33_F1.Detalles3" type="Variable"/>
         <Object fileName="Variables.xml" id="bd2edc22-ccf5-4262-9278-cef983d61675" lastModify="2024-08-13T16:26:37.000Z" name="MAPSERVICE_Sinacofi_D33_F1_D33_FRONT::MAPSERVICE.Sinacofi_D33_F1.indiceLoop" type="Variable"/>
         <Object fileName="Variables.xml" id="150c4ab1-9183-4840-9f96-ec31ffe7a7a9" lastModify="2024-08-13T16:26:37.000Z" name="MAPSERVICE_Sinacofi_D33_F1_D33_FRONT::MAPSERVICE.Sinacofi_D33_F1.agno" type="Variable"/>
         <Object fileName="Variables.xml" id="ec685ed4-800b-4512-9e18-d3f1ebd8e9c6" lastModify="2024-08-13T16:26:37.000Z" name="MAPSERVICE_Sinacofi_D33_F1_D33_FRONT::MAPSERVICE.Sinacofi_D33_F1.mes" type="Variable"/>
         <Object fileName="Variables.xml" id="64259468-6dca-46ee-88f3-9be1377dfffc" lastModify="2024-08-13T16:26:37.000Z" name="MAPSERVICE_Sinacofi_D33_F1_D33_FRONT::MAPSERVICE.Sinacofi_D33_F1.dia" type="Variable"/>
         <Object fileName="Variables.xml" id="bffa50fa-e420-420e-9aba-2e7d84c1C409" lastModify="2024-08-13T16:26:37.000Z" name="MAPSERVICE_Sinacofi_D33_F1_D33_FRONT::MAPSERVICE.Sinacofi_D33_F1.correlativoPrefijo" type="Variable"/>
         <Object fileName="Variables.xml" id="9d7c92bf-6a5b-4732-ba73-2c075c6fe230" lastModify="2024-08-13T16:26:37.000Z" name="MAPSERVICE_Sinacofi_D33_F1_D33_FRONT::MAPSERVICE.Sinacofi_D33_F1.MovimientoProcesado" type="Variable"/>
         <Object fileName="Variables.xml" id="2bf5fc3a-ce1e-460c-aa4d-39dd9151a376" lastModify="2024-08-13T16:26:37.000Z" name="MAPSERVICE_Sinacofi_D33_F1_D33_FRONT::MAPSERVICE.Sinacofi_D33_F1.indice" type="Variable"/>
         <Object fileName="Variables.xml" id="64d94ac3-e932-412f-ac04-aa52e6ac4e0a" lastModify="2024-08-13T16:26:37.000Z" name="MAPSERVICE_Sinacofi_D33_F1_D33_FRONT::MAPSERVICE.Sinacofi_D33_F1.indice2" type="Variable"/>
         <Object fileName="Variables.xml" id="466e713d-9c27-4748-9af3-5ec2ae20bcfc" lastModify="2024-08-13T16:26:37.000Z" name="MAPSERVICE_Sinacofi_D33_F1_D33_FRONT::MAPSERVICE.Sinacofi_D33_F1.indice3" type="Variable"/>
         <Object fileName="Variables.xml" id="39a1f647-5bf9-474b-9625-33cf6f8bf9fe" lastModify="2024-08-13T16:26:37.000Z" name="MAPSERVICE_Sinacofi_D33_F1_D33_FRONT::MAPSERVICE.Sinacofi_D33_F1.tipoDocumentoPrefijo" type="Variable"/>
         <Object fileName="Variables.xml" id="ff84c037-fb9f-49f4-b8f3-b258ed4827dc" lastModify="2024-08-13T16:26:37.000Z" name="MAPSERVICE_Sinacofi_D33_F1_D33_FRONT::MAPSERVICE.Sinacofi_D33_F1.usuarioNAPrefijo" type="Variable"/>
         <Object fileName="Variables.xml" id="9e755733-aafa-493f-a824-605c9ca81a89" lastModify="2024-08-13T16:26:37.000Z" name="MAPSERVICE_Sinacofi_D33_F1_D33_FRONT::MAPSERVICE.Sinacofi_D33_F1.usuarioPrefijo" type="Variable"/>
      </Object>
      <Object fileName="MapBroker_2.xml" id="cf0945b0-28c2-4639-a6c9-bddbb3e71ab9" lastModify="2024-08-13T16:26:37.000Z" name="MAPSERVICE_Sinacofi_D33_F1_D33_FRONT::MAPSERVICE.Sinacofi_D33_F1.Calcular_Cam" type="MapBroker">
         <Object id="1cb16b97-c668-4742-bf9c-e7da78efdc15" lastModify="2024-08-13T16:26:37.000Z" name="MAPSERVICE_Sinacofi_D33_F1_D33_FRONT::MAPSERVICE.Sinacofi_D33_F1.Calcular_Campos" type="MappingRule">
            <Object fileName="BusinessDocument_2.xml" id="5a26c413-5426-4534-8607-9d23965d6be1" lastModify="2024-08-13T16:26:37.000Z" name="MAPSERVICE_Sinacofi_D33_F1_D33_FRONT::MAPSERVICE.Sinacofi_D33_F1\ArchivosEntrada.D33_Archivo_Datos" type="BusinessDocument"/>
            <Object fileName="BusinessDocument_3.xml" id="29b6fc93-a3f5-4ed1-bd2a-a3828141c0b1" lastModify="2024-08-13T16:26:37.000Z" name="MAPSERVICE_Sinacofi_D33_F1_D33_FRONT::MAPSERVICE.Sinacofi_D33_F1\Salida.D33_Caratula_Salida" type="BusinessDocument"/>
            <Object fileName="Variables.xml" id="c8af8f09-52e0-4d39-9f0e-70e00c90848f" lastModify="2024-08-13T16:26:37.000Z" name="MAPSERVICE_Sinacofi_D33_F1_D33_FRONT::MAPSERVICE.Sinacofi_D33_F1.totalAIXR1" type="Variable"/>
            <Object fileName="Variables.xml" id="5c3675d9-3204-4171-a793-046e1c830f02" lastModify="2024-08-13T16:26:37.000Z" name="MAPSERVICE_Sinacofi_D33_F1_D33_FRONT::MAPSERVICE.Sinacofi_D33_F1.totalAIXR2" type="Variable"/>
            <Object fileName="Variables.xml" id="7fdb9cef-093c-46ca-b4da-e478eb61447e" lastModify="2024-08-13T16:26:37.000Z" name="MAPSERVICE_Sinacofi_D33_F1_D33_FRONT::MAPSERVICE.Sinacofi_D33_F1.totalAIXR3" type="Variable"/>
            <Object fileName="Variables.xml" id="52edfa76-a229-432f-be28-f342601da2a3" lastModify="2024-08-13T16:26:37.000Z" name="MAPSERVICE_Sinacofi_D33_F1_D33_FRONT::MAPSERVICE.Sinacofi_D33_F1.totalAIZR1" type="Variable"/>
            <Object fileName="Variables.xml" id="59b8cd0a-a644-44a7-8262-aa41b95e1bfd" lastModify="2024-08-13T16:26:37.000Z" name="MAPSERVICE_Sinacofi_D33_F1_D33_FRONT::MAPSERVICE.Sinacofi_D33_F1.totalAIZR2" type="Variable"/>
            <Object fileName="Variables.xml" id="cdbafacc-fd58-48ae-86d3-5a9439581ea0" lastModify="2024-08-13T16:26:37.000Z" name="MAPSERVICE_Sinacofi_D33_F1_D33_FRONT::MAPSERVICE.Sinacofi_D33_F1.totalAIZR3" type="Variable"/>
            <Object fileName="Variables.xml" id="36cf3853-6b14-412e-9380-bfaf39df4b40" lastModify="2024-08-13T16:26:37.000Z" name="MAPSERVICE_Sinacofi_D33_F1_D33_FRONT::MAPSERVICE.Sinacofi_D33_F1.totalAIXS1" type="Variable"/>
            <Object fileName="Variables.xml" id="5f92132c-4aa0-4310-a73a-2b0ef631f03c" lastModify="2024-08-13T16:26:37.000Z" name="MAPSERVICE_Sinacofi_D33_F1_D33_FRONT::MAPSERVICE.Sinacofi_D33_F1.totalAIXS2" type="Variable"/>
            <Object fileName="Variables.xml" id="e9320a03-adca-49f4-95ff-c94cbfc298f4" lastModify="2024-08-13T16:26:37.000Z" name="MAPSERVICE_Sinacofi_D33_F1_D33_FRONT::MAPSERVICE.Sinacofi_D33_F1.totalAIXS3" type="Variable"/>
            <Object fileName="Variables.xml" id="22000a83-0abd-4a2a-9f14-5c36bf1d5070" lastModify="2024-08-13T16:26:37.000Z" name="MAPSERVICE_Sinacofi_D33_F1_D33_FRONT::MAPSERVICE.Sinacofi_D33_F1.totalAIZS1" type="Variable"/>
            <Object fileName="Variables.xml" id="06b74d19-0338-4076-b9d2-8642c7cbb1eb" lastModify="2024-08-13T16:26:37.000Z" name="MAPSERVICE_Sinacofi_D33_F1_D33_FRONT::MAPSERVICE.Sinacofi_D33_F1.totalAIZS2" type="Variable"/>
            <Object fileName="Variables.xml" id="bcb737e8-7510-4ea2-934f-2531229f0595" lastModify="2024-08-13T16:26:37.000Z" name="MAPSERVICE_Sinacofi_D33_F1_D33_FRONT::MAPSERVICE.Sinacofi_D33_F1.totalAIZS3" type="Variable"/>
            <Object fileName="Variables.xml" id="0f66e4e4-28fe-4c4c-83ed-e19df6cc5207" lastModify="2024-08-13T16:26:37.000Z" name="MAPSERVICE_Sinacofi_D33_F1_D33_FRONT::MAPSERVICE.Sinacofi_D33_F1.totalAIXT1" type="Variable"/>
            <Object fileName="Variables.xml" id="085a11e2-679f-44af-868f-a5d6534f7d98" lastModify="2024-08-13T16:26:37.000Z" name="MAPSERVICE_Sinacofi_D33_F1_D33_FRONT::MAPSERVICE.Sinacofi_D33_F1.totalAIXT2" type="Variable"/>
            <Object fileName="Variables.xml" id="e9dae40c-7992-430f-ac92-10925ffe5189" lastModify="2024-08-13T16:26:37.000Z" name="MAPSERVICE_Sinacofi_D33_F1_D33_FRONT::MAPSERVICE.Sinacofi_D33_F1.totalAIXT3" type="Variable"/>
            <Object fileName="Variables.xml" id="a56cc4ef-2b8a-48a6-bd0b-7ade78eb31c1" lastModify="2024-08-13T16:26:37.000Z" name="MAPSERVICE_Sinacofi_D33_F1_D33_FRONT::MAPSERVICE.Sinacofi_D33_F1.totalAIZT1" type="Variable"/>
            <Object fileName="Variables.xml" id="26867214-b16a-4648-983b-7208b9534e3e" lastModify="2024-08-13T16:26:37.000Z" name="MAPSERVICE_Sinacofi_D33_F1_D33_FRONT::MAPSERVICE.Sinacofi_D33_F1.totalAIZT2" type="Variable"/>
            <Object fileName="Variables.xml" id="0db3561e-a011-4950-ab60-de3fd9a66959" lastModify="2024-08-13T16:26:37.000Z" name="MAPSERVICE_Sinacofi_D33_F1_D33_FRONT::MAPSERVICE.Sinacofi_D33_F1.totalAIZT3" type="Variable"/>
            <Object fileName="Variables.xml" id="dfed081f-cf57-4ded-b059-980c20ff0999" lastModify="2024-08-13T16:26:37.000Z" name="MAPSERVICE_Sinacofi_D33_F1_D33_FRONT::MAPSERVICE.Sinacofi_D33_F1.totalAIXU1" type="Variable"/>
            <Object fileName="Variables.xml" id="f5bd3058-8dff-4d4a-979d-46bed5285891" lastModify="2024-08-13T16:26:37.000Z" name="MAPSERVICE_Sinacofi_D33_F1_D33_FRONT::MAPSERVICE.Sinacofi_D33_F1.totalAIXU2" type="Variable"/>
            <Object fileName="Variables.xml" id="568c1bff-33ee-42c0-9d8c-128360012c8a" lastModify="2024-08-13T16:26:37.000Z" name="MAPSERVICE_Sinacofi_D33_F1_D33_FRONT::MAPSERVICE.Sinacofi_D33_F1.totalAIXU3" type="Variable"/>
            <Object fileName="Variables.xml" id="2963fea9-6ace-4930-9d1a-ccf6cdcc3799" lastModify="2024-08-13T16:26:37.000Z" name="MAPSERVICE_Sinacofi_D33_F1_D33_FRONT::MAPSERVICE.Sinacofi_D33_F1.totalAIZU1" type="Variable"/>
            <Object fileName="Variables.xml" id="3d105b4c-20da-45ca-997e-ef3f3deb1858" lastModify="2024-08-13T16:26:37.000Z" name="MAPSERVICE_Sinacofi_D33_F1_D33_FRONT::MAPSERVICE.Sinacofi_D33_F1.totalAIZU2" type="Variable"/>
            <Object fileName="Variables.xml" id="e45fbe77-a798-498b-a7c1-e24f5cca0918" lastModify="2024-08-13T16:26:37.000Z" name="MAPSERVICE_Sinacofi_D33_F1_D33_FRONT::MAPSERVICE.Sinacofi_D33_F1.totalAIZU3" type="Variable"/>
            <Object fileName="Variables.xml" id="a9f367ff-234d-4853-8f5e-c86791d5ec0a" lastModify="2024-08-13T16:26:37.000Z" name="MAPSERVICE_Sinacofi_D33_F1_D33_FRONT::MAPSERVICE.Sinacofi_D33_F1.totalAIXV1" type="Variable"/>
            <Object fileName="Variables.xml" id="dba865d2-8e16-4bdb-a02a-66528d2a72be" lastModify="2024-08-13T16:26:37.000Z" name="MAPSERVICE_Sinacofi_D33_F1_D33_FRONT::MAPSERVICE.Sinacofi_D33_F1.totalAIXV2" type="Variable"/>
            <Object fileName="Variables.xml" id="aff87f40-b852-4cb0-8562-91c58b77b3f5" lastModify="2024-08-13T16:26:37.000Z" name="MAPSERVICE_Sinacofi_D33_F1_D33_FRONT::MAPSERVICE.Sinacofi_D33_F1.totalAIXV3" type="Variable"/>
            <Object fileName="Variables.xml" id="4d0d3c88-6a21-4191-8c9e-843c8e494931" lastModify="2024-08-13T16:26:37.000Z" name="MAPSERVICE_Sinacofi_D33_F1_D33_FRONT::MAPSERVICE.Sinacofi_D33_F1.totalAIZV1" type="Variable"/>
            <Object fileName="Variables.xml" id="f737a524-600e-426d-90c2-f137676d2139" lastModify="2024-08-13T16:26:37.000Z" name="MAPSERVICE_Sinacofi_D33_F1_D33_FRONT::MAPSERVICE.Sinacofi_D33_F1.totalAIZV2" type="Variable"/>
            <Object fileName="Variables.xml" id="994ee563-dcc5-446a-8396-13fa9844537f" lastModify="2024-08-13T16:26:37.000Z" name="MAPSERVICE_Sinacofi_D33_F1_D33_FRONT::MAPSERVICE.Sinacofi_D33_F1.totalAIZV3" type="Variable"/>
            <Object fileName="Variables.xml" id="b552ac20-d380-460a-90f9-23fea2524e9d" lastModify="2024-08-13T16:26:37.000Z" name="MAPSERVICE_Sinacofi_D33_F1_D33_FRONT::MAPSERVICE.Sinacofi_D33_F1.totalAIXW1" type="Variable"/>
            <Object fileName="Variables.xml" id="2f7f4a86-44df-4341-aca4-fac7905f298f" lastModify="2024-08-13T16:26:37.000Z" name="MAPSERVICE_Sinacofi_D33_F1_D33_FRONT::MAPSERVICE.Sinacofi_D33_F1.totalAIXW2" type="Variable"/>
            <Object fileName="Variables.xml" id="3b71731a-5667-430b-a94e-acf4c2999a2e" lastModify="2024-08-13T16:26:37.000Z" name="MAPSERVICE_Sinacofi_D33_F1_D33_FRONT::MAPSERVICE.Sinacofi_D33_F1.totalAIXW3" type="Variable"/>
            <Object fileName="Variables.xml" id="76ffab21-0495-4a10-8563-0328525c3f87" lastModify="2024-08-13T16:26:37.000Z" name="MAPSERVICE_Sinacofi_D33_F1_D33_FRONT::MAPSERVICE.Sinacofi_D33_F1.totalAIZW1" type="Variable"/>
            <Object fileName="Variables.xml" id="34b15db9-f6be-4ed4-a6e8-0ecba00646ad" lastModify="2024-08-13T16:26:37.000Z" name="MAPSERVICE_Sinacofi_D33_F1_D33_FRONT::MAPSERVICE.Sinacofi_D33_F1.totalAIZW2" type="Variable"/>
            <Object fileName="Variables.xml" id="66085ac6-a389-4dc4-935c-0f07eef34e32" lastModify="2024-08-13T16:26:37.000Z" name="MAPSERVICE_Sinacofi_D33_F1_D33_FRONT::MAPSERVICE.Sinacofi_D33_F1.totalAIZW3" type="Variable"/>
         </Object>
         <Object fileName="Variables.xml" id="bffa50fa-e420-420e-9aba-2e7d84c1C409" lastModify="2024-08-13T16:26:37.000Z" name="MAPSERVICE_Sinacofi_D33_F1_D33_FRONT::MAPSERVICE.Sinacofi_D33_F1.correlativoPrefijo" type="Variable"/>
      </Object>
      <Object fileName="MapBroker_3.xml" id="ddec0d24-706a-4db5-a7ac-a14fde47f3f3" lastModify="2024-08-13T16:26:37.000Z" name="MAPSERVICE_Sinacofi_D33_F1_D33_FRONT::MAPSERVICE.Sinacofi_D33_F1.Evento_Error" type="MapBroker">
         <Object fileName="CustomFunctions.xml" id="53671eb6-d536-4a07-b926-d740272e8aa4" lastModify="2024-08-13T16:26:37.000Z" name="MAPSERVICE.Sinacofi_D33_F1.InsertErrorTBL" type="CustomFunction"/>
         <Object fileName="CustomFunctions.xml" id="9e78dfb3-a96c-416d-b1f8-c156a40967b0" lastModify="2024-08-13T16:26:37.000Z" name="MAPSERVICE.Sinacofi_D33_F1.InsertMovTBL" type="CustomFunction"/>
         <Object fileName="Variables.xml" id="611fa8e6-e9c4-4ac2-a44b-596b3de5465e" lastModify="2024-08-13T16:26:37.000Z" name="MAPSERVICE_Sinacofi_D33_F1_D33_FRONT::MAPSERVICE.Sinacofi_D33_F1.var_error1" type="Variable"/>
         <Object fileName="Variables.xml" id="bffa50fa-e420-420e-9aba-2e7d84c1C409" lastModify="2024-08-13T16:26:37.000Z" name="MAPSERVICE_Sinacofi_D33_F1_D33_FRONT::MAPSERVICE.Sinacofi_D33_F1.correlativoPrefijo" type="Variable"/>
         <Object fileName="Variables.xml" id="0d569f53-b945-416c-bd9f-63056e36475e" lastModify="2024-08-13T16:26:37.000Z" name="MAPSERVICE_Sinacofi_D33_F1_D33_FRONT::MAPSERVICE.Sinacofi_D33_F1.debug" type="Variable"/>
         <Object fileName="Variables.xml" id="68bc84be-17b1-496b-9ec8-fb15e0944690" lastModify="2024-08-13T16:26:37.000Z" name="MAPSERVICE_Sinacofi_D33_F1_D33_FRONT::MAPSERVICE.Sinacofi_D33_F1.var_registro1" type="Variable"/>
      </Object>
      <Object fileName="MapBroker_4.xml" id="4015b54a-c649-4e47-b9f7-D33e3e8b10e8" lastModify="2024-08-13T16:26:37.000Z" name="MAPSERVICE_Sinacofi_D33_F1_D33_FRONT::MAPSERVICE.Sinacofi_D33_F1.Insertar_Campos" type="MapBroker">
         <Object fileName="BusinessDocument_3.xml" id="29b6fc93-a3f5-4ed1-bd2a-a3828141c0b1" lastModify="2024-08-13T16:26:37.000Z" name="MAPSERVICE_Sinacofi_D33_F1_D33_FRONT::MAPSERVICE.Sinacofi_D33_F1\Salida.D33_Caratula_Salida" type="BusinessDocument"/>
         <Object fileName="CustomFunctions.xml" id="53671eb6-d536-4a07-b926-d740272e8aa4" lastModify="2024-08-13T16:26:37.000Z" name="MAPSERVICE.Sinacofi_D33_F1.InsertErrorTBL" type="CustomFunction"/>
         <Object fileName="CustomFunctions.xml" id="9e78dfb3-a96c-416d-b1f8-c156a40967b0" lastModify="2024-08-13T16:26:37.000Z" name="MAPSERVICE.Sinacofi_D33_F1.InsertMovTBL" type="CustomFunction"/>
         <Object fileName="CustomFunctions.xml" id="33471ac7-5872-4709-b75a-0fc814d91ab6" lastModify="2024-08-13T16:26:37.000Z" name="MAPSERVICE.Sinacofi_D33_F1.ValidarEstructuraCAR" type="CustomFunction"/>
         <Object fileName="CustomFunctions.xml" id="a7e635c7-52a3-4538-b80d-3db58897c988" lastModify="2024-08-13T16:26:37.000Z" name="MAPSERVICE.Sinacofi_D33_F1.CargarCampos" type="CustomFunction"/>
         <Object fileName="Variables.xml" id="611fa8e6-e9c4-4ac2-a44b-596b3de5465e" lastModify="2024-08-13T16:26:37.000Z" name="MAPSERVICE_Sinacofi_D33_F1_D33_FRONT::MAPSERVICE.Sinacofi_D33_F1.var_error1" type="Variable"/>
         <Object fileName="Variables.xml" id="bffa50fa-e420-420e-9aba-2e7d84c1C409" lastModify="2024-08-13T16:26:37.000Z" name="MAPSERVICE_Sinacofi_D33_F1_D33_FRONT::MAPSERVICE.Sinacofi_D33_F1.correlativoPrefijo" type="Variable"/>
         <Object fileName="Variables.xml" id="9d7c92bf-6a5b-4732-ba73-2c075c6fe230" lastModify="2024-08-13T16:26:37.000Z" name="MAPSERVICE_Sinacofi_D33_F1_D33_FRONT::MAPSERVICE.Sinacofi_D33_F1.MovimientoProcesado" type="Variable"/>
         <Object fileName="Variables.xml" id="68bc84be-17b1-496b-9ec8-fb15e0944690" lastModify="2024-08-13T16:26:37.000Z" name="MAPSERVICE_Sinacofi_D33_F1_D33_FRONT::MAPSERVICE.Sinacofi_D33_F1.var_registro1" type="Variable"/>
         <Object fileName="Variables.xml" id="08c5d016-b238-451b-81ec-fc19d7421b79" lastModify="2024-08-13T16:26:37.000Z" name="MAPSERVICE_Sinacofi_D33_F1_D33_FRONT::MAPSERVICE.Sinacofi_D33_F1.resEstructuraValida" type="Variable"/>
         <Object fileName="Variables.xml" id="92bb996d-3ed8-4dcb-bdfd-8bc6f22a2acc" lastModify="2024-08-13T16:26:37.000Z" name="MAPSERVICE_Sinacofi_D33_F1_D33_FRONT::MAPSERVICE.Sinacofi_D33_F1.ValoresConcatenados" type="Variable"/>
         <Object fileName="Variables.xml" id="5ad17385-d4d9-44c7-bda9-41aafc685d09" lastModify="2024-08-13T16:26:37.000Z" name="MAPSERVICE_Sinacofi_D33_F1_D33_FRONT::MAPSERVICE.Sinacofi_D33_F1.resCargarCampos" type="Variable"/>
      </Object>
      <Object fileName="Variables.xml" id="611fa8e6-e9c4-4ac2-a44b-596b3de5465e" lastModify="2024-08-13T16:26:37.000Z" name="MAPSERVICE_Sinacofi_D33_F1_D33_FRONT::MAPSERVICE.Sinacofi_D33_F1.var_error1" type="Variable"/>
      <Object fileName="Variables.xml" id="bffa50fa-e420-420e-9aba-2e7d84c1C409" lastModify="2024-08-13T16:26:37.000Z" name="MAPSERVICE_Sinacofi_D33_F1_D33_FRONT::MAPSERVICE.Sinacofi_D33_F1.correlativoPrefijo" type="Variable"/>
      <Object fileName="Variables.xml" id="9d7c92bf-6a5b-4732-ba73-2c075c6fe230" lastModify="2024-08-13T16:26:37.000Z" name="MAPSERVICE_Sinacofi_D33_F1_D33_FRONT::MAPSERVICE.Sinacofi_D33_F1.MovimientoProcesado" type="Variable"/>
      <Object fileName="Variables.xml" id="0d569f53-b945-416c-bd9f-63056e36475e" lastModify="2024-08-13T16:26:37.000Z" name="MAPSERVICE_Sinacofi_D33_F1_D33_FRONT::MAPSERVICE.Sinacofi_D33_F1.debug" type="Variable"/>
      <Object fileName="Variables.xml" id="68bc84be-17b1-496b-9ec8-fb15e0944690" lastModify="2024-08-13T16:26:37.000Z" name="MAPSERVICE_Sinacofi_D33_F1_D33_FRONT::MAPSERVICE.Sinacofi_D33_F1.var_registro1" type="Variable"/>
      <Object fileName="Variables.xml" id="08c5d016-b238-451b-81ec-fc19d7421b79" lastModify="2024-08-13T16:26:37.000Z" name="MAPSERVICE_Sinacofi_D33_F1_D33_FRONT::MAPSERVICE.Sinacofi_D33_F1.resEstructuraValida" type="Variable"/>
      <Object fileName="Variables.xml" id="92bb996d-3ed8-4dcb-bdfd-8bc6f22a2acc" lastModify="2024-08-13T16:26:37.000Z" name="MAPSERVICE_Sinacofi_D33_F1_D33_FRONT::MAPSERVICE.Sinacofi_D33_F1.ValoresConcatenados" type="Variable"/>
      <Object fileName="Variables.xml" id="5ad17385-d4d9-44c7-bda9-41aafc685d09" lastModify="2024-08-13T16:26:37.000Z" name="MAPSERVICE_Sinacofi_D33_F1_D33_FRONT::MAPSERVICE.Sinacofi_D33_F1.resCargarCampos" type="Variable"/>
   </RootObject>
</ObjectDependencies>
