<?xml version="1.0" encoding="UTF-8" standalone="no"?>
<Variables xmlns:xsi="http://www.w3.org/2001/XMLSchema-instance" xsi:noNamespaceSchemaLocation="Variables.xsd">
   <Variable dmlCompatibility="2.1" id="611fa8e6-e9c4-4ac2-a44b-596b3de5465e" label="" lastModified="2024-08-13T16:26:37.000Z" name="MAPSERVICE_Sinacofi_D33_F1_D33_FRONT::MAPSERVICE.Sinacofi_D33_F1.var_error1" xmlVersion="1.0">
      <DmlClassName>String</DmlClassName>
      <DmlExpression>""</DmlExpression>
   </Variable>
   <Variable dmlCompatibility="2.1" id="bffa50fa-e420-420e-9aba-2e7d84c1C409" label="" lastModified="2024-08-13T16:26:37.000Z" name="MAPSERVICE_Sinacofi_D33_F1_D33_FRONT::MAPSERVICE.Sinacofi_D33_F1.correlativoPrefijo" xmlVersion="1.0">
      <DmlClassName>String</DmlClassName>
      <DmlExpression>""</DmlExpression>
   </Variable>
   <Variable dmlCompatibility="2.1" id="9d7c92bf-6a5b-4732-ba73-2c075c6fe230" label="" lastModified="2024-08-13T16:26:37.000Z" name="MAPSERVICE_Sinacofi_D33_F1_D33_FRONT::MAPSERVICE.Sinacofi_D33_F1.MovimientoProcesado" xmlVersion="1.0">
      <DmlClassName>String</DmlClassName>
      <DmlExpression>""</DmlExpression>
   </Variable>
   <Variable dmlCompatibility="2.1" id="2bf5fc3a-ce1e-460c-aa4d-39dd9151a376" label="" lastModified="2024-08-13T16:26:37.000Z" name="MAPSERVICE_Sinacofi_D33_F1_D33_FRONT::MAPSERVICE.Sinacofi_D33_F1.indice" xmlVersion="1.0">
      <DmlClassName>Integer</DmlClassName>
      <DmlExpression>0</DmlExpression>
   </Variable>
   <Variable dmlCompatibility="2.1" id="64d94ac3-e932-412f-ac04-aa52e6ac4e0a" label="" lastModified="2024-08-13T16:26:37.000Z" name="MAPSERVICE_Sinacofi_D33_F1_D33_FRONT::MAPSERVICE.Sinacofi_D33_F1.indice2" xmlVersion="1.0">
      <DmlClassName>Integer</DmlClassName>
      <DmlExpression>0</DmlExpression>
   </Variable>
   <Variable dmlCompatibility="2.1" id="466e713d-9c27-4748-9af3-5ec2ae20bcfc" label="" lastModified="2024-08-13T16:26:37.000Z" name="MAPSERVICE_Sinacofi_D33_F1_D33_FRONT::MAPSERVICE.Sinacofi_D33_F1.indice3" xmlVersion="1.0">
      <DmlClassName>Integer</DmlClassName>
      <DmlExpression>0</DmlExpression>
   </Variable>
   <Variable dmlCompatibility="2.1" id="39a1f647-5bf9-474b-9625-33cf6f8bf9fe" label="" lastModified="2024-08-13T16:26:37.000Z" name="MAPSERVICE_Sinacofi_D33_F1_D33_FRONT::MAPSERVICE.Sinacofi_D33_F1.tipoDocumentoPrefijo" xmlVersion="1.0">
      <DmlClassName>String</DmlClassName>
      <DmlExpression>""</DmlExpression>
   </Variable>
   <Variable dmlCompatibility="2.1" id="ff84c037-fb9f-49f4-b8f3-b258ed4827dc" label="" lastModified="2024-08-13T16:26:37.000Z" name="MAPSERVICE_Sinacofi_D33_F1_D33_FRONT::MAPSERVICE.Sinacofi_D33_F1.usuarioNAPrefijo" xmlVersion="1.0">
      <DmlClassName>String</DmlClassName>
      <DmlExpression>""</DmlExpression>
   </Variable>
   <Variable dmlCompatibility="2.1" id="9e755733-aafa-493f-a824-605c9ca81a89" label="" lastModified="2024-08-13T16:26:37.000Z" name="MAPSERVICE_Sinacofi_D33_F1_D33_FRONT::MAPSERVICE.Sinacofi_D33_F1.usuarioPrefijo" xmlVersion="1.0">
      <DmlClassName>String</DmlClassName>
      <DmlExpression>""</DmlExpression>
   </Variable>
   <Variable dmlCompatibility="2.1" id="b1d99d97-5a0c-41b2-938f-3c74978fc00b" label="" lastModified="2024-08-13T16:26:37.000Z" name="MAPSERVICE_Sinacofi_D33_F1_D33_FRONT::MAPSERVICE.Sinacofi_D33_F1.TipoArchivo" xmlVersion="1.0">
      <DmlClassName>String</DmlClassName>
      <DmlExpression>""</DmlExpression>
   </Variable>
   <Variable dmlCompatibility="2.1" id="4cd271d9-19f9-4928-a3ec-187a8f2f728f" label="" lastModified="2024-08-13T16:26:37.000Z" name="MAPSERVICE_Sinacofi_D33_F1_D33_FRONT::MAPSERVICE.Sinacofi_D33_F1.CodigoError" xmlVersion="1.0">
      <DmlClassName>String</DmlClassName>
      <DmlExpression>""</DmlExpression>
   </Variable>
   <Variable dmlCompatibility="2.1" id="b9263aa7-cfe0-4f5c-93ed-fc2a625126c2" label="" lastModified="2024-08-13T16:26:37.000Z" name="MAPSERVICE_Sinacofi_D33_F1_D33_FRONT::MAPSERVICE.Sinacofi_D33_F1.Detalles" xmlVersion="1.0">
      <DmlClassName>String</DmlClassName>
      <DmlExpression>""</DmlExpression>
   </Variable>
   <Variable dmlCompatibility="2.1" id="be1abe5b-940e-4e43-8099-40fcba76b305" label="" lastModified="2024-08-13T16:26:37.000Z" name="MAPSERVICE_Sinacofi_D33_F1_D33_FRONT::MAPSERVICE.Sinacofi_D33_F1.Detalles2" xmlVersion="1.0">
      <DmlClassName>String</DmlClassName>
      <DmlExpression>""</DmlExpression>
   </Variable>
   <Variable dmlCompatibility="2.1" id="b6db7a21-3ef3-4fb8-8233-d0654bfebf62" label="" lastModified="2024-08-13T16:26:37.000Z" name="MAPSERVICE_Sinacofi_D33_F1_D33_FRONT::MAPSERVICE.Sinacofi_D33_F1.Detalles3" xmlVersion="1.0">
      <DmlClassName>String</DmlClassName>
      <DmlExpression>""</DmlExpression>
   </Variable>
   <Variable dmlCompatibility="2.1" id="bd2edc22-ccf5-4262-9278-cef983d61675" label="" lastModified="2024-08-13T16:26:37.000Z" name="MAPSERVICE_Sinacofi_D33_F1_D33_FRONT::MAPSERVICE.Sinacofi_D33_F1.indiceLoop" xmlVersion="1.0">
      <DmlClassName>Integer</DmlClassName>
      <DmlExpression>0</DmlExpression>
   </Variable>
   <Variable dmlCompatibility="2.1" id="150c4ab1-9183-4840-9f96-ec31ffe7a7a9" label="" lastModified="2024-08-13T16:26:37.000Z" name="MAPSERVICE_Sinacofi_D33_F1_D33_FRONT::MAPSERVICE.Sinacofi_D33_F1.agno" xmlVersion="1.0">
      <DmlClassName>Real</DmlClassName>
      <DmlExpression>0.0</DmlExpression>
   </Variable>
   <Variable dmlCompatibility="2.1" id="ec685ed4-800b-4512-9e18-d3f1ebd8e9c6" label="" lastModified="2024-08-13T16:26:37.000Z" name="MAPSERVICE_Sinacofi_D33_F1_D33_FRONT::MAPSERVICE.Sinacofi_D33_F1.mes" xmlVersion="1.0">
      <DmlClassName>Integer</DmlClassName>
      <DmlExpression>0</DmlExpression>
   </Variable>
   <Variable dmlCompatibility="2.1" id="64259468-6dca-46ee-88f3-9be1377dfffc" label="" lastModified="2024-08-13T16:26:37.000Z" name="MAPSERVICE_Sinacofi_D33_F1_D33_FRONT::MAPSERVICE.Sinacofi_D33_F1.dia" xmlVersion="1.0">
      <DmlClassName>Integer</DmlClassName>
      <DmlExpression>0</DmlExpression>
   </Variable>
   <Variable dmlCompatibility="2.1" id="c8af8f09-52e0-4d39-9f0e-70e00c90848f" label="" lastModified="2024-08-13T16:26:37.000Z" name="MAPSERVICE_Sinacofi_D33_F1_D33_FRONT::MAPSERVICE.Sinacofi_D33_F1.totalAIXR1" xmlVersion="1.0">
      <DmlClassName>Integer</DmlClassName>
      <DmlExpression>0</DmlExpression>
   </Variable>
   <Variable dmlCompatibility="2.1" id="5c3675d9-3204-4171-a793-046e1c830f02" label="" lastModified="2024-08-13T16:26:37.000Z" name="MAPSERVICE_Sinacofi_D33_F1_D33_FRONT::MAPSERVICE.Sinacofi_D33_F1.totalAIXR2" xmlVersion="1.0">
      <DmlClassName>Integer</DmlClassName>
      <DmlExpression>0</DmlExpression>
   </Variable>
   <Variable dmlCompatibility="2.1" id="7fdb9cef-093c-46ca-b4da-e478eb61447e" label="" lastModified="2024-08-13T16:26:37.000Z" name="MAPSERVICE_Sinacofi_D33_F1_D33_FRONT::MAPSERVICE.Sinacofi_D33_F1.totalAIXR3" xmlVersion="1.0">
      <DmlClassName>Integer</DmlClassName>
      <DmlExpression>0</DmlExpression>
   </Variable>
   <Variable dmlCompatibility="2.1" id="52edfa76-a229-432f-be28-f342601da2a3" label="" lastModified="2024-08-13T16:26:37.000Z" name="MAPSERVICE_Sinacofi_D33_F1_D33_FRONT::MAPSERVICE.Sinacofi_D33_F1.totalAIZR1" xmlVersion="1.0">
      <DmlClassName>Integer</DmlClassName>
      <DmlExpression>0</DmlExpression>
   </Variable>
   <Variable dmlCompatibility="2.1" id="59b8cd0a-a644-44a7-8262-aa41b95e1bfd" label="" lastModified="2024-08-13T16:26:37.000Z" name="MAPSERVICE_Sinacofi_D33_F1_D33_FRONT::MAPSERVICE.Sinacofi_D33_F1.totalAIZR2" xmlVersion="1.0">
      <DmlClassName>Integer</DmlClassName>
      <DmlExpression>0</DmlExpression>
   </Variable>
   <Variable dmlCompatibility="2.1" id="cdbafacc-fd58-48ae-86d3-5a9439581ea0" label="" lastModified="2024-08-13T16:26:37.000Z" name="MAPSERVICE_Sinacofi_D33_F1_D33_FRONT::MAPSERVICE.Sinacofi_D33_F1.totalAIZR3" xmlVersion="1.0">
      <DmlClassName>Integer</DmlClassName>
      <DmlExpression>0</DmlExpression>
   </Variable>
   <Variable dmlCompatibility="2.1" id="36cf3853-6b14-412e-9380-bfaf39df4b40" label="" lastModified="2024-08-13T16:26:37.000Z" name="MAPSERVICE_Sinacofi_D33_F1_D33_FRONT::MAPSERVICE.Sinacofi_D33_F1.totalAIXS1" xmlVersion="1.0">
      <DmlClassName>Integer</DmlClassName>
      <DmlExpression>0</DmlExpression>
   </Variable>
   <Variable dmlCompatibility="2.1" id="5f92132c-4aa0-4310-a73a-2b0ef631f03c" label="" lastModified="2024-08-13T16:26:37.000Z" name="MAPSERVICE_Sinacofi_D33_F1_D33_FRONT::MAPSERVICE.Sinacofi_D33_F1.totalAIXS2" xmlVersion="1.0">
      <DmlClassName>Integer</DmlClassName>
      <DmlExpression>0</DmlExpression>
   </Variable>
   <Variable dmlCompatibility="2.1" id="e9320a03-adca-49f4-95ff-c94cbfc298f4" label="" lastModified="2024-08-13T16:26:37.000Z" name="MAPSERVICE_Sinacofi_D33_F1_D33_FRONT::MAPSERVICE.Sinacofi_D33_F1.totalAIXS3" xmlVersion="1.0">
      <DmlClassName>Integer</DmlClassName>
      <DmlExpression>0</DmlExpression>
   </Variable>
   <Variable dmlCompatibility="2.1" id="22000a83-0abd-4a2a-9f14-5c36bf1d5070" label="" lastModified="2024-08-13T16:26:37.000Z" name="MAPSERVICE_Sinacofi_D33_F1_D33_FRONT::MAPSERVICE.Sinacofi_D33_F1.totalAIZS1" xmlVersion="1.0">
      <DmlClassName>Integer</DmlClassName>
      <DmlExpression>0</DmlExpression>
   </Variable>
   <Variable dmlCompatibility="2.1" id="06b74d19-0338-4076-b9d2-8642c7cbb1eb" label="" lastModified="2024-08-13T16:26:37.000Z" name="MAPSERVICE_Sinacofi_D33_F1_D33_FRONT::MAPSERVICE.Sinacofi_D33_F1.totalAIZS2" xmlVersion="1.0">
      <DmlClassName>Integer</DmlClassName>
      <DmlExpression>0</DmlExpression>
   </Variable>
   <Variable dmlCompatibility="2.1" id="bcb737e8-7510-4ea2-934f-2531229f0595" label="" lastModified="2024-08-13T16:26:37.000Z" name="MAPSERVICE_Sinacofi_D33_F1_D33_FRONT::MAPSERVICE.Sinacofi_D33_F1.totalAIZS3" xmlVersion="1.0">
      <DmlClassName>Integer</DmlClassName>
      <DmlExpression>0</DmlExpression>
   </Variable>
   <Variable dmlCompatibility="2.1" id="0f66e4e4-28fe-4c4c-83ed-e19df6cc5207" label="" lastModified="2024-08-13T16:26:37.000Z" name="MAPSERVICE_Sinacofi_D33_F1_D33_FRONT::MAPSERVICE.Sinacofi_D33_F1.totalAIXT1" xmlVersion="1.0">
      <DmlClassName>Integer</DmlClassName>
      <DmlExpression>0</DmlExpression>
   </Variable>
   <Variable dmlCompatibility="2.1" id="085a11e2-679f-44af-868f-a5d6534f7d98" label="" lastModified="2024-08-13T16:26:37.000Z" name="MAPSERVICE_Sinacofi_D33_F1_D33_FRONT::MAPSERVICE.Sinacofi_D33_F1.totalAIXT2" xmlVersion="1.0">
      <DmlClassName>Integer</DmlClassName>
      <DmlExpression>0</DmlExpression>
   </Variable>
   <Variable dmlCompatibility="2.1" id="e9dae40c-7992-430f-ac92-10925ffe5189" label="" lastModified="2024-08-13T16:26:37.000Z" name="MAPSERVICE_Sinacofi_D33_F1_D33_FRONT::MAPSERVICE.Sinacofi_D33_F1.totalAIXT3" xmlVersion="1.0">
      <DmlClassName>Integer</DmlClassName>
      <DmlExpression>0</DmlExpression>
   </Variable>
   <Variable dmlCompatibility="2.1" id="a56cc4ef-2b8a-48a6-bd0b-7ade78eb31c1" label="" lastModified="2024-08-13T16:26:37.000Z" name="MAPSERVICE_Sinacofi_D33_F1_D33_FRONT::MAPSERVICE.Sinacofi_D33_F1.totalAIZT1" xmlVersion="1.0">
      <DmlClassName>Integer</DmlClassName>
      <DmlExpression>0</DmlExpression>
   </Variable>
   <Variable dmlCompatibility="2.1" id="26867214-b16a-4648-983b-7208b9534e3e" label="" lastModified="2024-08-13T16:26:37.000Z" name="MAPSERVICE_Sinacofi_D33_F1_D33_FRONT::MAPSERVICE.Sinacofi_D33_F1.totalAIZT2" xmlVersion="1.0">
      <DmlClassName>Integer</DmlClassName>
      <DmlExpression>0</DmlExpression>
   </Variable>
   <Variable dmlCompatibility="2.1" id="0db3561e-a011-4950-ab60-de3fd9a66959" label="" lastModified="2024-08-13T16:26:37.000Z" name="MAPSERVICE_Sinacofi_D33_F1_D33_FRONT::MAPSERVICE.Sinacofi_D33_F1.totalAIZT3" xmlVersion="1.0">
      <DmlClassName>Integer</DmlClassName>
      <DmlExpression>0</DmlExpression>
   </Variable>
   <Variable dmlCompatibility="2.1" id="dfed081f-cf57-4ded-b059-980c20ff0999" label="" lastModified="2024-08-13T16:26:37.000Z" name="MAPSERVICE_Sinacofi_D33_F1_D33_FRONT::MAPSERVICE.Sinacofi_D33_F1.totalAIXU1" xmlVersion="1.0">
      <DmlClassName>Integer</DmlClassName>
      <DmlExpression>0</DmlExpression>
   </Variable>
   <Variable dmlCompatibility="2.1" id="f5bd3058-8dff-4d4a-979d-46bed5285891" label="" lastModified="2024-08-13T16:26:37.000Z" name="MAPSERVICE_Sinacofi_D33_F1_D33_FRONT::MAPSERVICE.Sinacofi_D33_F1.totalAIXU2" xmlVersion="1.0">
      <DmlClassName>Integer</DmlClassName>
      <DmlExpression>0</DmlExpression>
   </Variable>
   <Variable dmlCompatibility="2.1" id="568c1bff-33ee-42c0-9d8c-128360012c8a" label="" lastModified="2024-08-13T16:26:37.000Z" name="MAPSERVICE_Sinacofi_D33_F1_D33_FRONT::MAPSERVICE.Sinacofi_D33_F1.totalAIXU3" xmlVersion="1.0">
      <DmlClassName>Integer</DmlClassName>
      <DmlExpression>0</DmlExpression>
   </Variable>
   <Variable dmlCompatibility="2.1" id="2963fea9-6ace-4930-9d1a-ccf6cdcc3799" label="" lastModified="2024-08-13T16:26:37.000Z" name="MAPSERVICE_Sinacofi_D33_F1_D33_FRONT::MAPSERVICE.Sinacofi_D33_F1.totalAIZU1" xmlVersion="1.0">
      <DmlClassName>Integer</DmlClassName>
      <DmlExpression>0</DmlExpression>
   </Variable>
   <Variable dmlCompatibility="2.1" id="3d105b4c-20da-45ca-997e-ef3f3deb1858" label="" lastModified="2024-08-13T16:26:37.000Z" name="MAPSERVICE_Sinacofi_D33_F1_D33_FRONT::MAPSERVICE.Sinacofi_D33_F1.totalAIZU2" xmlVersion="1.0">
      <DmlClassName>Integer</DmlClassName>
      <DmlExpression>0</DmlExpression>
   </Variable>
   <Variable dmlCompatibility="2.1" id="e45fbe77-a798-498b-a7c1-e24f5cca0918" label="" lastModified="2024-08-13T16:26:37.000Z" name="MAPSERVICE_Sinacofi_D33_F1_D33_FRONT::MAPSERVICE.Sinacofi_D33_F1.totalAIZU3" xmlVersion="1.0">
      <DmlClassName>Integer</DmlClassName>
      <DmlExpression>0</DmlExpression>
   </Variable>
   <Variable dmlCompatibility="2.1" id="a9f367ff-234d-4853-8f5e-c86791d5ec0a" label="" lastModified="2024-08-13T16:26:37.000Z" name="MAPSERVICE_Sinacofi_D33_F1_D33_FRONT::MAPSERVICE.Sinacofi_D33_F1.totalAIXV1" xmlVersion="1.0">
      <DmlClassName>Integer</DmlClassName>
      <DmlExpression>0</DmlExpression>
   </Variable>
   <Variable dmlCompatibility="2.1" id="dba865d2-8e16-4bdb-a02a-66528d2a72be" label="" lastModified="2024-08-13T16:26:37.000Z" name="MAPSERVICE_Sinacofi_D33_F1_D33_FRONT::MAPSERVICE.Sinacofi_D33_F1.totalAIXV2" xmlVersion="1.0">
      <DmlClassName>Integer</DmlClassName>
      <DmlExpression>0</DmlExpression>
   </Variable>
   <Variable dmlCompatibility="2.1" id="aff87f40-b852-4cb0-8562-91c58b77b3f5" label="" lastModified="2024-08-13T16:26:37.000Z" name="MAPSERVICE_Sinacofi_D33_F1_D33_FRONT::MAPSERVICE.Sinacofi_D33_F1.totalAIXV3" xmlVersion="1.0">
      <DmlClassName>Integer</DmlClassName>
      <DmlExpression>0</DmlExpression>
   </Variable>
   <Variable dmlCompatibility="2.1" id="4d0d3c88-6a21-4191-8c9e-843c8e494931" label="" lastModified="2024-08-13T16:26:37.000Z" name="MAPSERVICE_Sinacofi_D33_F1_D33_FRONT::MAPSERVICE.Sinacofi_D33_F1.totalAIZV1" xmlVersion="1.0">
      <DmlClassName>Integer</DmlClassName>
      <DmlExpression>0</DmlExpression>
   </Variable>
   <Variable dmlCompatibility="2.1" id="f737a524-600e-426d-90c2-f137676d2139" label="" lastModified="2024-08-13T16:26:37.000Z" name="MAPSERVICE_Sinacofi_D33_F1_D33_FRONT::MAPSERVICE.Sinacofi_D33_F1.totalAIZV2" xmlVersion="1.0">
      <DmlClassName>Integer</DmlClassName>
      <DmlExpression>0</DmlExpression>
   </Variable>
   <Variable dmlCompatibility="2.1" id="994ee563-dcc5-446a-8396-13fa9844537f" label="" lastModified="2024-08-13T16:26:37.000Z" name="MAPSERVICE_Sinacofi_D33_F1_D33_FRONT::MAPSERVICE.Sinacofi_D33_F1.totalAIZV3" xmlVersion="1.0">
      <DmlClassName>Integer</DmlClassName>
      <DmlExpression>0</DmlExpression>
   </Variable>
   <Variable dmlCompatibility="2.1" id="b552ac20-d380-460a-90f9-23fea2524e9d" label="" lastModified="2024-08-13T16:26:37.000Z" name="MAPSERVICE_Sinacofi_D33_F1_D33_FRONT::MAPSERVICE.Sinacofi_D33_F1.totalAIXW1" xmlVersion="1.0">
      <DmlClassName>Integer</DmlClassName>
      <DmlExpression>0</DmlExpression>
   </Variable>
   <Variable dmlCompatibility="2.1" id="2f7f4a86-44df-4341-aca4-fac7905f298f" label="" lastModified="2024-08-13T16:26:37.000Z" name="MAPSERVICE_Sinacofi_D33_F1_D33_FRONT::MAPSERVICE.Sinacofi_D33_F1.totalAIXW2" xmlVersion="1.0">
      <DmlClassName>Integer</DmlClassName>
      <DmlExpression>0</DmlExpression>
   </Variable>
   <Variable dmlCompatibility="2.1" id="3b71731a-5667-430b-a94e-acf4c2999a2e" label="" lastModified="2024-08-13T16:26:37.000Z" name="MAPSERVICE_Sinacofi_D33_F1_D33_FRONT::MAPSERVICE.Sinacofi_D33_F1.totalAIXW3" xmlVersion="1.0">
      <DmlClassName>Integer</DmlClassName>
      <DmlExpression>0</DmlExpression>
   </Variable>
   <Variable dmlCompatibility="2.1" id="76ffab21-0495-4a10-8563-0328525c3f87" label="" lastModified="2024-08-13T16:26:37.000Z" name="MAPSERVICE_Sinacofi_D33_F1_D33_FRONT::MAPSERVICE.Sinacofi_D33_F1.totalAIZW1" xmlVersion="1.0">
      <DmlClassName>Integer</DmlClassName>
      <DmlExpression>0</DmlExpression>
   </Variable>
   <Variable dmlCompatibility="2.1" id="34b15db9-f6be-4ed4-a6e8-0ecba00646ad" label="" lastModified="2024-08-13T16:26:37.000Z" name="MAPSERVICE_Sinacofi_D33_F1_D33_FRONT::MAPSERVICE.Sinacofi_D33_F1.totalAIZW2" xmlVersion="1.0">
      <DmlClassName>Integer</DmlClassName>
      <DmlExpression>0</DmlExpression>
   </Variable>
   <Variable dmlCompatibility="2.1" id="66085ac6-a389-4dc4-935c-0f07eef34e32" label="" lastModified="2024-08-13T16:26:37.000Z" name="MAPSERVICE_Sinacofi_D33_F1_D33_FRONT::MAPSERVICE.Sinacofi_D33_F1.totalAIZW3" xmlVersion="1.0">
      <DmlClassName>Integer</DmlClassName>
      <DmlExpression>0</DmlExpression>
   </Variable>
   <Variable dmlCompatibility="2.1" id="0d569f53-b945-416c-bd9f-63056e36475e" label="" lastModified="2024-08-13T16:26:37.000Z" name="MAPSERVICE_Sinacofi_D33_F1_D33_FRONT::MAPSERVICE.Sinacofi_D33_F1.debug" xmlVersion="1.0">
      <DmlClassName>String</DmlClassName>
      <DmlExpression>""</DmlExpression>
   </Variable>
   <Variable dmlCompatibility="2.1" id="68bc84be-17b1-496b-9ec8-fb15e0944690" label="" lastModified="2024-08-13T16:26:37.000Z" name="MAPSERVICE_Sinacofi_D33_F1_D33_FRONT::MAPSERVICE.Sinacofi_D33_F1.var_registro1" xmlVersion="1.0">
      <DmlClassName>Integer</DmlClassName>
      <DmlExpression>null</DmlExpression>
   </Variable>
   <Variable dmlCompatibility="2.1" id="08c5d016-b238-451b-81ec-fc19d7421b79" label="" lastModified="2024-08-13T16:26:37.000Z" name="MAPSERVICE_Sinacofi_D33_F1_D33_FRONT::MAPSERVICE.Sinacofi_D33_F1.resEstructuraValida" xmlVersion="1.0">
      <DmlClassName>String</DmlClassName>
      <DmlExpression>""</DmlExpression>
   </Variable>
   <Variable dmlCompatibility="2.1" id="92bb996d-3ed8-4dcb-bdfd-8bc6f22a2acc" label="" lastModified="2024-08-13T16:26:37.000Z" name="MAPSERVICE_Sinacofi_D33_F1_D33_FRONT::MAPSERVICE.Sinacofi_D33_F1.ValoresConcatenados" xmlVersion="1.0">
      <DmlClassName>String</DmlClassName>
      <DmlExpression>""</DmlExpression>
   </Variable>
   <Variable dmlCompatibility="2.1" id="5ad17385-d4d9-44c7-bda9-41aafc685d09" label="" lastModified="2024-08-13T16:26:37.000Z" name="MAPSERVICE_Sinacofi_D33_F1_D33_FRONT::MAPSERVICE.Sinacofi_D33_F1.resCargarCampos" xmlVersion="1.0">
      <DmlClassName>String</DmlClassName>
      <DmlExpression>""</DmlExpression>
   </Variable>
</Variables>
