<?xml version="1.0" encoding="UTF-8" standalone="no"?>
<MapBrokers xmlns:xsi="http://www.w3.org/2001/XMLSchema-instance" xsi:noNamespaceSchemaLocation="MapBrokers_2.xsd">
   <MapBroker dmlCompatibility="2.1" id="cf0945b0-28c2-4639-a6c9-bddbb3e71ab9" label="" lastModified="2024-05-29T20:20:14.000Z" name="MAPSERVICE_Sinacofi_P20_F1_P20_FRONT::MAPSERVICE.Sinacofi_P20_F1.Calcular_Cam" xmlVersion="1.0">
      <DmlMapBroker>
         <InputBusinessDocuments>
            <InputBusinessDocument>
               <BusinessDocument id="5a26c413-5426-4534-8607-9d23965d6be1">
                  <name>MAPSERVICE_Sinacofi_P20_F1_P20_FRONT::MAPSERVICE.Sinacofi_P20_F1\ArchivosEntrada.P20_Archivo_Datos</name>
                  <lastModified>2024-07-29T21:54:13.000Z</lastModified>
               </BusinessDocument>
               <Alias>in</Alias>
            </InputBusinessDocument>
         </InputBusinessDocuments>
         <DecisionPath>
            <StepMappingRule>
               <MappingRule id="1cb16b97-c668-4742-bf9c-e7da78efdc15" label="" lastModified="2024-07-29T21:54:13.000Z" name="MAPSERVICE_Sinacofi_P20_F1_P20_FRONT::MAPSERVICE.Sinacofi_P20_F1.Calcular_Campos:Calcular_Campos" xmlVersion="1.0">
                  <OutputBusinessDocument id="29b6fc93-a3f5-4ed1-bd2a-a3828141c0b1">
                     <name>MAPSERVICE_Sinacofi_P20_F1_P20_FRONT::MAPSERVICE.Sinacofi_P20_F1\Salida.P20_Caratula_Salida</name>
                     <lastModified>2024-07-29T21:54:13.000Z</lastModified>
                  </OutputBusinessDocument>
                  <MappingElement ElementReferenceId="3">
                     <Expression>
                        <DmlExpression><![CDATA[count( \Details )
]]></DmlExpression>
                     </Expression>
                     <Comment/>
                  </MappingElement>
                  <MappingElement ElementReferenceId="4">
                     <Expression>
                        <DmlExpression><![CDATA[%comunasConcatenadas:= "|";
%totalPBC:=0;
%totalPBD:=0;
%totalPBE:=0;
loop on \Details {
	if ( countString( %comunasConcatenadas, "|" & getSubString( this\Contenido, 4, 6 ) & "|" ) = 0 ) then {
		%comunasConcatenadas:= %comunasConcatenadas & getSubString( this\Contenido, 4, 6 ) & "|"
  	};
  	if (  getSubString( this\Contenido, 10, 2 ) in ( "11", "12", "13", "14", "19" ) ) then {
  		%totalPBC:=%totalPBC + convertToI( getSubString( this\Contenido, 12, 9 ) )
  	};
  	if (  getSubString( this\Contenido, 10, 2 ) in ( "21", "22", "23", "24" ) ) then {
  		%totalPBD:=%totalPBD + convertToI( getSubString( this\Contenido, 12, 9 ) )
  	};
  	if (  getSubString( this\Contenido, 10, 2 ) in ( "31", "32", "33", "34" ) ) then {
  		%totalPBE:=%totalPBE + convertToI( getSubString( this\Contenido, 12, 9 ) )
  	}
};
%comunasDistintas:= countString( %comunasConcatenadas, "|" ) -1 ;
%comunasDistintas]]></DmlExpression>
                     </Expression>
                     <Comment/>
                  </MappingElement>
                  <MappingElement ElementReferenceId="6">
                     <Expression>
                        <DmlExpression><![CDATA[%totalPBD]]></DmlExpression>
                     </Expression>
                     <Comment/>
                  </MappingElement>
                  <MappingElement ElementReferenceId="7">
                     <Expression>
                        <DmlExpression><![CDATA[%totalPBE]]></DmlExpression>
                     </Expression>
                     <Comment/>
                  </MappingElement>
                  <MappingElement ElementReferenceId="5">
                     <Expression>
                        <DmlExpression><![CDATA[%totalPBC]]></DmlExpression>
                     </Expression>
                     <Comment/>
                  </MappingElement>
                  <MappingElement ElementReferenceId="2">
                     <Expression>
                        <DmlExpression><![CDATA[getSubString( in:\Header\Datos,7,6 )]]></DmlExpression>
                     </Expression>
                     <Comment/>
                  </MappingElement>
               </MappingRule>
               <StepOutput>
                  <OutputName>out</OutputName>
               </StepOutput>
            </StepMappingRule>
            <StepOutput>
               <OutputName>out1</OutputName>
               <InputBusinessDocumentAlias>in</InputBusinessDocumentAlias>
            </StepOutput>
            <StepOutput>
               <OutputName>out2</OutputName>
               <InputBusinessDocumentAlias>in</InputBusinessDocumentAlias>
            </StepOutput>
            <StepStep>
               <DmlExpression><![CDATA[%correlativoPrefijo:= getSubString(getAttribute( "B2BXGIReceive_ConsumptionFilename" ), 5, 8 );
setDocumentAttributeToOutput( "out1",  "B2BXGISend_ProductionFilename",%correlativoPrefijo &"_datosSalida");
setDocumentAttributeToOutput( "out2",  "B2BXGISend_ProductionFilename",getSubString(getAttribute("B2BXGIReceive_ConsumptionFilename" ), 5, 255) + getAttribute( "B2BXGIReceive_ConsumptionExtension"))]]></DmlExpression>
            </StepStep>
         </DecisionPath>
      </DmlMapBroker>
   </MapBroker>
</MapBrokers>
