<?xml version="1.0" encoding="UTF-8" standalone="no"?>
<MapBrokers xmlns:xsi="http://www.w3.org/2001/XMLSchema-instance" xsi:noNamespaceSchemaLocation="MapBrokers_2.xsd">
   <MapBroker dmlCompatibility="2.1" id="a98f242e-a9f3-4105-a7a7-c6e8bded1adf" label="" lastModified="2024-07-03T14:59:15.000Z" name="MAPSERVICE_Sinacofi_E01_E01_FT3::MAPSERVICE.Sinacofi_E01.Main_Block_E01_Salida" xmlVersion="1.0">
      <DmlMapBroker>
         <InputBusinessDocuments>
            <InputBusinessDocument>
               <BusinessDocument id="5a26c413-5426-4534-8607-9d23965d6be1">
                  <name>MAPSERVICE_Sinacofi_E01_E01_FT3::MAPSERVICE.Sinacofi_E01\ArchivosEntrada.E01_Archivo_Datos</name>
                  <lastModified>2024-08-07T22:15:52.000Z</lastModified>
               </BusinessDocument>
               <Alias>in3</Alias>
            </InputBusinessDocument>
            <InputBusinessDocument>
               <BusinessDocument id="fec8e594-9782-4831-af7e-6f7245a4cda4">
                  <name>MAPSERVICE_Sinacofi_E01_E01_FT3::MAPSERVICE.Sinacofi_E01\ArchivosEntrada.E01_CAR</name>
                  <lastModified>2024-08-07T22:15:52.000Z</lastModified>
               </BusinessDocument>
               <Alias>in4</Alias>
            </InputBusinessDocument>
            <InputBusinessDocument>
               <BusinessDocument id="ac9f6858-7478-4b5f-af07-ca8390823f9b">
                  <name>MAPSERVICE_Sinacofi_E01_E01_FT3::MAPSERVICE.Sinacofi_E01\ArchivosEntrada.E01_Control_Datos</name>
                  <lastModified>2024-08-07T22:15:52.000Z</lastModified>
               </BusinessDocument>
               <Alias>in5</Alias>
            </InputBusinessDocument>
            <InputBusinessDocument>
               <BusinessDocument id="4f0d7803-30e5-434d-9c86-44f02c2d13f5">
                  <name>MAPSERVICE_Sinacofi_E01_E01_FT3::MAPSERVICE.Sinacofi_E01\ArchivosMomentaneos.Auxiliar</name>
                  <lastModified>2024-08-07T22:15:52.000Z</lastModified>
               </BusinessDocument>
               <Alias>in6</Alias>
            </InputBusinessDocument>
         </InputBusinessDocuments>
         <DecisionPath>
            <StepStep>
               <DmlExpression><![CDATA[%Sinacofi_E01.Destino:= getSubString(in5:\Details\Detalles, 41, 20);
if %Sinacofi_E01.var_error1 = "" then {
	%Sinacofi_E01.correlativoPrefijo:= getSubString(getAttribute( "B2BXGIReceive_ConsumptionFilename" ), 5, 8 );
	%Sinacofi_E01.MovimientoProcesado:=Sinacofi_E01.InsertMovTBL(%Sinacofi_E01.correlativoPrefijo, null , (count(in3:\Contenido ) -1 ), null, "30", formatString(getDateAndTime(), "CCYY'-'MM'-'DD hh':'mm':'ss"))
}]]></DmlExpression>
            </StepStep>
            <StepMappingRule>
               <MappingRule id="53edb52d-f983-43fd-848a-c66140a0bff9" label="" lastModified="2024-08-07T22:15:52.000Z" name="MAPSERVICE_Sinacofi_E01_E01_FT3::MAPSERVICE.Sinacofi_E01.E01_Generacion_CaratulaSalida:E01_Generacion_CaratulaSalida" xmlVersion="1.0">
                  <OutputBusinessDocument id="29b6fc93-a3f5-4ed1-bd2a-a3828141c0b1">
                     <name>MAPSERVICE_Sinacofi_E01_E01_FT3::MAPSERVICE.Sinacofi_E01\Salida.E01_Caratula_Salida</name>
                     <lastModified>2024-08-07T22:15:52.000Z</lastModified>
                  </OutputBusinessDocument>
                  <MappingElement ElementReferenceId="2">
                     <Expression>
                        <DmlExpression><![CDATA["T"]]></DmlExpression>
                     </Expression>
                     <Comment/>
                  </MappingElement>
                  <MappingElement ElementReferenceId="4">
                     <Expression>
                        <DmlExpression><![CDATA[getStringRight(getSubString(in4:\Caratula\EE2, 5,  index(in4:\Caratula\EE2, "}") - 5), 8)]]></DmlExpression>
                     </Expression>
                     <Comment/>
                  </MappingElement>
                  <MappingElement ElementReferenceId="6">
                     <Expression>
                        <DmlExpression><![CDATA["FFFFFFFFFFFFFFF"]]></DmlExpression>
                     </Expression>
                     <Comment/>
                  </MappingElement>
                  <MappingElement ElementReferenceId="3">
                     <Expression>
                        <DmlExpression><![CDATA[getStringRight(getSubString(in4:\Caratula\EE1, 5,  index(in4:\Caratula\EE1, "}") - 5), 8)]]></DmlExpression>
                     </Expression>
                     <Comment/>
                  </MappingElement>
                  <MappingElement ElementReferenceId="5">
                     <Expression>
                        <DmlExpression><![CDATA[getStringRight(getSubString(in4:\Caratula\EE4, 5,  index(in4:\Caratula\EE4, "}") - 5), 8)]]></DmlExpression>
                     </Expression>
                     <Comment/>
                  </MappingElement>
               </MappingRule>
               <StepOutput>
                  <OutputName>out</OutputName>
               </StepOutput>
            </StepMappingRule>
            <StepMappingRule>
               <MappingRule id="1cf3842d-b9d1-428d-a549-fa7fe2a96e2a" label="" lastModified="2024-08-07T22:15:52.000Z" name="MAPSERVICE_Sinacofi_E01_E01_FT3::MAPSERVICE.Sinacofi_E01.Creacion_Resultado_OK:Creacion_Resultado_OK" xmlVersion="1.0">
                  <OutputBusinessDocument id="7422d2f4-35a3-4ffb-938f-240200fa7981">
                     <name>MAPSERVICE_Sinacofi_E01_E01_FT3::MAPSERVICE.Sinacofi_E01\Mensajeria.Resultado</name>
                     <lastModified>2024-08-07T22:15:52.000Z</lastModified>
                  </OutputBusinessDocument>
                  <MappingElement ElementReferenceId="7">
                     <Expression>
                        <DmlExpression><![CDATA["FIN_MENSAJE"]]></DmlExpression>
                     </Expression>
                     <Comment/>
                  </MappingElement>
                  <MappingElement ElementReferenceId="2">
                     <Expression>
                        <DmlExpression><![CDATA["MENSAJE_RESULTADO"]]></DmlExpression>
                     </Expression>
                     <Comment/>
                  </MappingElement>
                  <MappingElement ElementReferenceId="4">
                     <Expression>
                        <DmlExpression><![CDATA[padStringRight(getSubString(in5:\Details\Detalles, 1, 20), 20, " ")&"OK"]]></DmlExpression>
                     </Expression>
                     <Comment/>
                  </MappingElement>
                  <MappingElement ElementReferenceId="5">
                     <Expression>
                        <DmlExpression><![CDATA["Generado Satisfactoriamente"]]></DmlExpression>
                     </Expression>
                     <Comment/>
                  </MappingElement>
               </MappingRule>
               <StepOutput>
                  <OutputName>out1</OutputName>
               </StepOutput>
            </StepMappingRule>
            <StepMappingRule>
               <MappingRule id="3f31b90d-951f-41e4-bc66-8df2bd4f307e" label="" lastModified="2024-08-07T22:15:52.000Z" name="MAPSERVICE_Sinacofi_E01_E01_FT3::MAPSERVICE.Sinacofi_E01.Generar_Aviso:Generar_Aviso" xmlVersion="1.0">
                  <OutputBusinessDocument id="7422d2f4-35a3-4ffb-938f-240200fa7981">
                     <name>MAPSERVICE_Sinacofi_E01_E01_FT3::MAPSERVICE.Sinacofi_E01\Mensajeria.Aviso</name>
                     <lastModified>2024-08-07T22:15:52.000Z</lastModified>
                  </OutputBusinessDocument>
                  <MappingElement ElementReferenceId="6">
                     <Expression>
                        <DmlExpression><![CDATA["FIN_MENSAJE"]]></DmlExpression>
                     </Expression>
                     <Comment/>
                  </MappingElement>
                  <MappingElement ElementReferenceId="2">
                     <Expression>
                        <DmlExpression><![CDATA["MENSAJE_RESULTADO"]]></DmlExpression>
                     </Expression>
                     <Comment/>
                  </MappingElement>
                  <MappingElement ElementReferenceId="4">
                     <Expression>
                        <DmlExpression><![CDATA[padStringRight(getSubString(in5:\Details\Detalles, 1, 20), 20, " ")&padStringRight(getSubString(in5:\Details\Detalles, 21, 20), 20, " ")]]></DmlExpression>
                     </Expression>
                     <Comment/>
                  </MappingElement>
               </MappingRule>
               <StepOutput>
                  <OutputName>out2</OutputName>
               </StepOutput>
            </StepMappingRule>
            <StepOutput>
               <OutputName>out3</OutputName>
               <InputBusinessDocumentAlias>in3</InputBusinessDocumentAlias>
            </StepOutput>
            <StepOutput>
               <OutputName>out4</OutputName>
               <InputBusinessDocumentAlias>in3</InputBusinessDocumentAlias>
            </StepOutput>
            <StepOutput>
               <OutputName>out5</OutputName>
               <InputBusinessDocumentAlias>in4</InputBusinessDocumentAlias>
            </StepOutput>
            <StepOutput>
               <OutputName>out6</OutputName>
               <InputBusinessDocumentAlias>in5</InputBusinessDocumentAlias>
            </StepOutput>
            <StepOutput>
               <OutputName>out7</OutputName>
               <InputBusinessDocumentAlias>in6</InputBusinessDocumentAlias>
            </StepOutput>
            <StepStep>
               <DmlExpression><![CDATA[%Sinacofi_E01.Correlativo:= Sinacofi_E01.Correlativo();
%Sinacofi_E01.CasillaDestino:= trimString( getSubString(in5:\Details\Detalles, 41, 20) );
%Sinacofi_E01.CasillaOrigen:= trimString( getSubString(in5:\Details\Detalles, 21, 20) );
%Sinacofi_E01.CodigoBanco:= getStringRight(GetEntidadByCasilla( %Sinacofi_E01.CasillaOrigen ), 3 );
%Sinacofi_E01.NombreArchivo:= trimString( getSubString(in5:\Details\Detalles, 1, 20) );
%Sinacofi_E01.nombreSalida:= "E01FT"  + padStringLeft(formatString(%Sinacofi_E01.Correlativo), 5, "0") + "A." + %Sinacofi_E01.CodigoBanco;
%Sinacofi_E01.correlativoPrefijo:= getSubString(getAttribute( "B2BXGIReceive_ConsumptionFilename" ), 5, 8 );
%Sinacofi_E01.MovimientoProcesado:=Sinacofi_E01.InsertMovTBL(%Sinacofi_E01.correlativoPrefijo, %Sinacofi_E01.nombreSalida , null, %Sinacofi_E01.CasillaDestino, "40", formatString(getDateAndTime(), "CCYY'-'MM'-'DD hh':'mm':'ss"));
setDocumentAttributeToOutput( "out", "B2BXGISend_ProductionFilename", %Sinacofi_E01.correlativoPrefijo + "_" + %Sinacofi_E01.CasillaDestino + "_" + "E01FT" + padStringLeft(formatString(%Sinacofi_E01.Correlativo), 5, "0") + "C." + %Sinacofi_E01.CodigoBanco);
setDocumentAttributeToOutput( "out3", "B2BXGISend_ProductionFilename", %Sinacofi_E01.correlativoPrefijo + "_" + %Sinacofi_E01.CasillaDestino + "_" + "E01FT" + padStringLeft(formatString(%Sinacofi_E01.Correlativo), 5, "0") + "A." + %Sinacofi_E01.CodigoBanco);
setDocumentAttributeToOutput( "out1", "B2BXGISend_ProductionFilename", %Sinacofi_E01.correlativoPrefijo + "_" + %Sinacofi_E01.CasillaOrigen + "_" + %Sinacofi_E01.NombreArchivo + ".RES");
setDocumentAttributeToOutput( "out2", "B2BXGISend_ProductionFilename", %Sinacofi_E01.correlativoPrefijo + "_" + %Sinacofi_E01.CasillaDestino + "_"+ %Sinacofi_E01.NombreArchivo + ".AVI" );
setDocumentAttributeToOutput( "out6", "B2BXGISend_ProductionFilename", %Sinacofi_E01.correlativoPrefijo + "_" + %Sinacofi_E01.CasillaDestino + "_"  + trimString(%Sinacofi_E01.NombreArchivo) + ".CTR");
setDocumentAttributeToOutput( "out4", "B2BXGISend_ProductionFilename", %Sinacofi_E01.correlativoPrefijo + "_" + %Sinacofi_E01.CasillaDestino + "_" + %Sinacofi_E01.NombreArchivo);
setDocumentAttributeToOutput( "out5", "B2BXGISend_ProductionFilename", %Sinacofi_E01.correlativoPrefijo + "_" + %Sinacofi_E01.CasillaDestino + "_" + %Sinacofi_E01.NombreArchivo + ".CAR")]]></DmlExpression>
            </StepStep>
         </DecisionPath>
      </DmlMapBroker>
   </MapBroker>
</MapBrokers>
