{
  "born-on" : "2024-09-09T17:17:06-0300",
  "beans" : [ {
    "@class" : "MetadataDocumentService",
    "name" : "Service_D22_FT3",
    "deliveryMethod" : null,
    "enabled" : true,
    "exchangePointId" : null,
    "exchangePoint" : null,
    "componentId" : "776068",
    "component" : null,
    "outputs" : null,
    "documentServiceAttributes" : null,
    "documentServiceAttributesTemplate" : null,
    "@id" : "779516",
    "component-defs" : [ {
      "@class" : "ComponentBean",
      "resourceName" : "MAPSERVICE.Sinacofi_D22.D22_FT3",
      "resourceAbsFilePath" : "",
      "resourceType" : "3",
      "componentId" : "776568",
      "processingStepEnabled" : true,
      "processingStepName" : "Component_D22_FT3",
      "processingStepType" : "Map",
      "processingStepAddOutput" : false,
      "configurations" : "null/779516/configurations",
      "@id" : "776068",
      "configuration-defs" : [ {
        "name" : "Input",
        "type" : "13",
        "description" : "Input format XML",
        "arguments" : null,
        "@id" : "780575",
        "argument-defs" : [ {
          "name" : "Detector mode",
          "type" : "java.lang.Boolean",
          "notEqualTo" : null,
          "value" : null,
          "editable" : true,
          "@id" : "781227"
        }, {
          "name" : "Check facet on input",
          "type" : "java.lang.Boolean",
          "notEqualTo" : null,
          "value" : null,
          "editable" : true,
          "@id" : "781228"
        }, {
          "name" : "Check facet on output",
          "type" : "java.lang.Boolean",
          "notEqualTo" : null,
          "value" : null,
          "editable" : true,
          "@id" : "781229"
        }, {
          "name" : "Accept input documents with errors",
          "type" : "java.lang.Boolean",
          "notEqualTo" : null,
          "value" : null,
          "editable" : true,
          "@id" : "781230"
        }, {
          "name" : "Action when no output created by flow",
          "type" : "b2bx.server.EnumParameter",
          "notEqualTo" : null,
          "value" : "4",
          "editable" : false,
          "@id" : "781231"
        }, {
          "name" : "Debug",
          "type" : "java.lang.Boolean",
          "notEqualTo" : null,
          "value" : null,
          "editable" : true,
          "@id" : "781232"
        } ]
      }, {
        "name" : "AUX",
        "type" : "2",
        "description" : "Output parameters",
        "arguments" : null,
        "@id" : "780576",
        "argument-defs" : [ {
          "name" : "Output Format",
          "type" : "b2bx.server.EnumParameter",
          "notEqualTo" : null,
          "value" : "0",
          "editable" : false,
          "@id" : "781233"
        }, {
          "name" : "Accept output documents with errors",
          "type" : "java.lang.Boolean",
          "notEqualTo" : null,
          "value" : null,
          "editable" : true,
          "@id" : "781234"
        }, {
          "name" : "Action when no output created",
          "type" : "b2bx.server.EnumParameter",
          "notEqualTo" : null,
          "value" : "2",
          "editable" : false,
          "@id" : "781235"
        }, {
          "name" : "Version",
          "type" : "b2bx.server.EnumParameter",
          "notEqualTo" : null,
          "value" : "",
          "editable" : false,
          "@id" : "781236"
        } ]
      }, {
        "name" : "Salida",
        "type" : "2",
        "description" : "Output parameters",
        "arguments" : null,
        "@id" : "780577",
        "argument-defs" : [ {
          "name" : "Output Format",
          "type" : "b2bx.server.EnumParameter",
          "notEqualTo" : null,
          "value" : "0",
          "editable" : false,
          "@id" : "781237"
        }, {
          "name" : "Accept output documents with errors",
          "type" : "java.lang.Boolean",
          "notEqualTo" : null,
          "value" : null,
          "editable" : true,
          "@id" : "781238"
        }, {
          "name" : "Action when no output created",
          "type" : "b2bx.server.EnumParameter",
          "notEqualTo" : null,
          "value" : "2",
          "editable" : false,
          "@id" : "781239"
        }, {
          "name" : "Version",
          "type" : "b2bx.server.EnumParameter",
          "notEqualTo" : null,
          "value" : "",
          "editable" : false,
          "@id" : "781240"
        } ]
      }, {
        "name" : "Backup",
        "type" : "2",
        "description" : "Output parameters",
        "arguments" : null,
        "@id" : "780578",
        "argument-defs" : [ {
          "name" : "Output Format",
          "type" : "b2bx.server.EnumParameter",
          "notEqualTo" : null,
          "value" : "0",
          "editable" : false,
          "@id" : "781241"
        }, {
          "name" : "Accept output documents with errors",
          "type" : "java.lang.Boolean",
          "notEqualTo" : null,
          "value" : null,
          "editable" : true,
          "@id" : "781242"
        }, {
          "name" : "Action when no output created",
          "type" : "b2bx.server.EnumParameter",
          "notEqualTo" : null,
          "value" : "2",
          "editable" : false,
          "@id" : "781243"
        }, {
          "name" : "Version",
          "type" : "b2bx.server.EnumParameter",
          "notEqualTo" : null,
          "value" : "",
          "editable" : false,
          "@id" : "781244"
        } ]
      }, {
        "name" : "Buzon",
        "type" : "2",
        "description" : "Output parameters",
        "arguments" : null,
        "@id" : "780579",
        "argument-defs" : [ {
          "name" : "Output Format",
          "type" : "b2bx.server.EnumParameter",
          "notEqualTo" : null,
          "value" : "0",
          "editable" : false,
          "@id" : "781245"
        }, {
          "name" : "Accept output documents with errors",
          "type" : "java.lang.Boolean",
          "notEqualTo" : null,
          "value" : null,
          "editable" : true,
          "@id" : "781246"
        }, {
          "name" : "Action when no output created",
          "type" : "b2bx.server.EnumParameter",
          "notEqualTo" : null,
          "value" : "2",
          "editable" : false,
          "@id" : "781247"
        }, {
          "name" : "Version",
          "type" : "b2bx.server.EnumParameter",
          "notEqualTo" : null,
          "value" : "",
          "editable" : false,
          "@id" : "781248"
        } ]
      }, {
        "name" : "Channel",
        "type" : "9",
        "description" : "Connection parameters",
        "arguments" : null,
        "@id" : "780580",
        "argument-defs" : [ {
          "name" : "Connection",
          "type" : "b2bx.server.LocalObjectParameter",
          "notEqualTo" : null,
          "value" : "Oracle_MFT",
          "editable" : false,
          "@id" : "781249"
        } ]
      } ]
    } ],
    "output-defs" : [ {
      "name" : "AUX",
      "deliveryMethod" : "DELIVER_TO_APPLICATION",
      "exchangePointId" : "754502",
      "exchangePoint" : null,
      "outputType" : "",
      "components" : null,
      "@id" : "780057",
      "exchangePoint-defs" : [ {
        "@class" : "FileSystemProducer",
        "enabled" : true,
        "businessProtocol" : "Raw",
        "friendlyName" : "Aux",
        "backupMessages" : false,
        "maxConcurrentConnections" : 100,
        "inlineProcessors" : null,
        "inlinePostProcessors" : null,
        "schedule" : null,
        "retries" : 0,
        "useCustomRetryIntervals" : false,
        "customRetryIntervals" : null,
        "postProcessingScript" : null,
        "holdMessagesForPickup" : false,
        "directory" : "/opt/axway/b2bi/shared/common/data/in/aux",
        "preserveFilenameMode" : "SEQUENCE",
        "preserveFilename" : true,
        "metadataHierarchy" : [ ],
        "userDefinedDeliveryFilename" : "",
        "userDefinedDuplicateFilename" : "",
        "url" : "/opt/axway/b2bi/shared/common/data/in/aux",
        "@id" : "754502"
      } ]
    }, {
      "name" : "Salida",
      "deliveryMethod" : "DELIVER_TO_APPLICATION",
      "exchangePointId" : "754506",
      "exchangePoint" : null,
      "outputType" : "",
      "components" : null,
      "@id" : "780058",
      "exchangePoint-defs" : [ {
        "@class" : "FileSystemProducer",
        "enabled" : true,
        "businessProtocol" : "Raw",
        "friendlyName" : "Salida",
        "backupMessages" : false,
        "maxConcurrentConnections" : 100,
        "inlineProcessors" : null,
        "inlinePostProcessors" : null,
        "schedule" : null,
        "retries" : 0,
        "useCustomRetryIntervals" : false,
        "customRetryIntervals" : null,
        "postProcessingScript" : null,
        "holdMessagesForPickup" : false,
        "directory" : "/opt/axway/b2bi/shared/common/data/in/Salida",
        "preserveFilenameMode" : "SEQUENCE",
        "preserveFilename" : true,
        "metadataHierarchy" : [ ],
        "userDefinedDeliveryFilename" : "",
        "userDefinedDuplicateFilename" : "",
        "url" : "/opt/axway/b2bi/shared/common/data/in/Salida",
        "@id" : "754506"
      } ]
    }, {
      "name" : "Backup",
      "deliveryMethod" : "DELIVER_TO_APPLICATION",
      "exchangePointId" : "754504",
      "exchangePoint" : null,
      "outputType" : "",
      "components" : null,
      "@id" : "780059",
      "exchangePoint-defs" : [ {
        "@class" : "FileSystemProducer",
        "enabled" : true,
        "businessProtocol" : "Raw",
        "friendlyName" : "Salida_Backup",
        "backupMessages" : false,
        "maxConcurrentConnections" : 100,
        "inlineProcessors" : null,
        "inlinePostProcessors" : null,
        "schedule" : null,
        "retries" : 0,
        "useCustomRetryIntervals" : false,
        "customRetryIntervals" : null,
        "postProcessingScript" : null,
        "holdMessagesForPickup" : false,
        "directory" : "/opt/axway/b2bi/shared/common/data/in/Backup",
        "preserveFilenameMode" : "SEQUENCE",
        "preserveFilename" : true,
        "metadataHierarchy" : [ ],
        "userDefinedDeliveryFilename" : "",
        "userDefinedDuplicateFilename" : "",
        "url" : "/opt/axway/b2bi/shared/common/data/in/Backup",
        "@id" : "754504"
      } ]
    }, {
      "name" : "Buzon",
      "deliveryMethod" : "DELIVER_TO_APPLICATION",
      "exchangePointId" : "754503",
      "exchangePoint" : null,
      "outputType" : "",
      "components" : null,
      "@id" : "780060",
      "exchangePoint-defs" : [ {
        "@class" : "FileSystemProducer",
        "enabled" : true,
        "businessProtocol" : "Raw",
        "friendlyName" : "Salida_Buzon",
        "backupMessages" : false,
        "maxConcurrentConnections" : 100,
        "inlineProcessors" : null,
        "inlinePostProcessors" : null,
        "schedule" : null,
        "retries" : 0,
        "useCustomRetryIntervals" : false,
        "customRetryIntervals" : null,
        "postProcessingScript" : null,
        "holdMessagesForPickup" : false,
        "directory" : "/opt/axway/b2bi/shared/common/data/in/Buzon",
        "preserveFilenameMode" : "SEQUENCE",
        "preserveFilename" : true,
        "metadataHierarchy" : [ ],
        "userDefinedDeliveryFilename" : "",
        "userDefinedDuplicateFilename" : "",
        "url" : "/opt/axway/b2bi/shared/common/data/in/Buzon",
        "@id" : "754503"
      } ]
    } ],
    "attribute-defs" : [ ],
    "template-defs" : [ ]
  }, {
    "@class" : "MetadataDocumentService",
    "name" : "Service_D24_FT3",
    "deliveryMethod" : null,
    "enabled" : true,
    "exchangePointId" : null,
    "exchangePoint" : null,
    "componentId" : "776080",
    "component" : null,
    "outputs" : null,
    "documentServiceAttributes" : null,
    "documentServiceAttributesTemplate" : null,
    "@id" : "779517",
    "component-defs" : [ {
      "@class" : "ComponentBean",
      "resourceName" : "MAPSERVICE.Sinacofi_D24.D24_FT3",
      "resourceAbsFilePath" : "",
      "resourceType" : "3",
      "componentId" : "776580",
      "processingStepEnabled" : true,
      "processingStepName" : "Component_D24_FT3",
      "processingStepType" : "Map",
      "processingStepAddOutput" : false,
      "configurations" : "null/779517/configurations",
      "@id" : "776080",
      "configuration-defs" : [ {
        "name" : "Input",
        "type" : "13",
        "description" : "Input format XML",
        "arguments" : null,
        "@id" : "780581",
        "argument-defs" : [ {
          "name" : "Detector mode",
          "type" : "java.lang.Boolean",
          "notEqualTo" : null,
          "value" : null,
          "editable" : true,
          "@id" : "781250"
        }, {
          "name" : "Check facet on input",
          "type" : "java.lang.Boolean",
          "notEqualTo" : null,
          "value" : null,
          "editable" : true,
          "@id" : "781251"
        }, {
          "name" : "Check facet on output",
          "type" : "java.lang.Boolean",
          "notEqualTo" : null,
          "value" : null,
          "editable" : true,
          "@id" : "781252"
        }, {
          "name" : "Accept input documents with errors",
          "type" : "java.lang.Boolean",
          "notEqualTo" : null,
          "value" : null,
          "editable" : true,
          "@id" : "781253"
        }, {
          "name" : "Action when no output created by flow",
          "type" : "b2bx.server.EnumParameter",
          "notEqualTo" : null,
          "value" : "4",
          "editable" : false,
          "@id" : "781254"
        }, {
          "name" : "Debug",
          "type" : "java.lang.Boolean",
          "notEqualTo" : null,
          "value" : null,
          "editable" : true,
          "@id" : "781255"
        } ]
      }, {
        "name" : "Buzon",
        "type" : "2",
        "description" : "Output parameters",
        "arguments" : null,
        "@id" : "780582",
        "argument-defs" : [ {
          "name" : "Output Format",
          "type" : "b2bx.server.EnumParameter",
          "notEqualTo" : null,
          "value" : "0",
          "editable" : false,
          "@id" : "781256"
        }, {
          "name" : "Accept output documents with errors",
          "type" : "java.lang.Boolean",
          "notEqualTo" : null,
          "value" : null,
          "editable" : true,
          "@id" : "781257"
        }, {
          "name" : "Action when no output created",
          "type" : "b2bx.server.EnumParameter",
          "notEqualTo" : null,
          "value" : "2",
          "editable" : false,
          "@id" : "781258"
        }, {
          "name" : "Version",
          "type" : "b2bx.server.EnumParameter",
          "notEqualTo" : null,
          "value" : "",
          "editable" : false,
          "@id" : "781259"
        } ]
      }, {
        "name" : "AUX",
        "type" : "2",
        "description" : "Output parameters",
        "arguments" : null,
        "@id" : "780583",
        "argument-defs" : [ {
          "name" : "Output Format",
          "type" : "b2bx.server.EnumParameter",
          "notEqualTo" : null,
          "value" : "0",
          "editable" : false,
          "@id" : "781260"
        }, {
          "name" : "Accept output documents with errors",
          "type" : "java.lang.Boolean",
          "notEqualTo" : null,
          "value" : null,
          "editable" : true,
          "@id" : "781261"
        }, {
          "name" : "Action when no output created",
          "type" : "b2bx.server.EnumParameter",
          "notEqualTo" : null,
          "value" : "2",
          "editable" : false,
          "@id" : "781262"
        }, {
          "name" : "Version",
          "type" : "b2bx.server.EnumParameter",
          "notEqualTo" : null,
          "value" : "",
          "editable" : false,
          "@id" : "781263"
        } ]
      }, {
        "name" : "Salida",
        "type" : "2",
        "description" : "Output parameters",
        "arguments" : null,
        "@id" : "780584",
        "argument-defs" : [ {
          "name" : "Output Format",
          "type" : "b2bx.server.EnumParameter",
          "notEqualTo" : null,
          "value" : "0",
          "editable" : false,
          "@id" : "781264"
        }, {
          "name" : "Accept output documents with errors",
          "type" : "java.lang.Boolean",
          "notEqualTo" : null,
          "value" : null,
          "editable" : true,
          "@id" : "781265"
        }, {
          "name" : "Action when no output created",
          "type" : "b2bx.server.EnumParameter",
          "notEqualTo" : null,
          "value" : "2",
          "editable" : false,
          "@id" : "781266"
        }, {
          "name" : "Version",
          "type" : "b2bx.server.EnumParameter",
          "notEqualTo" : null,
          "value" : "",
          "editable" : false,
          "@id" : "781267"
        } ]
      }, {
        "name" : "Backup",
        "type" : "2",
        "description" : "Output parameters",
        "arguments" : null,
        "@id" : "780585",
        "argument-defs" : [ {
          "name" : "Output Format",
          "type" : "b2bx.server.EnumParameter",
          "notEqualTo" : null,
          "value" : "0",
          "editable" : false,
          "@id" : "781268"
        }, {
          "name" : "Accept output documents with errors",
          "type" : "java.lang.Boolean",
          "notEqualTo" : null,
          "value" : null,
          "editable" : true,
          "@id" : "781269"
        }, {
          "name" : "Action when no output created",
          "type" : "b2bx.server.EnumParameter",
          "notEqualTo" : null,
          "value" : "2",
          "editable" : false,
          "@id" : "781270"
        }, {
          "name" : "Version",
          "type" : "b2bx.server.EnumParameter",
          "notEqualTo" : null,
          "value" : "",
          "editable" : false,
          "@id" : "781271"
        } ]
      }, {
        "name" : "Channel",
        "type" : "9",
        "description" : "Connection parameters",
        "arguments" : null,
        "@id" : "780586",
        "argument-defs" : [ {
          "name" : "Connection",
          "type" : "b2bx.server.LocalObjectParameter",
          "notEqualTo" : null,
          "value" : "Oracle_MFT",
          "editable" : false,
          "@id" : "781272"
        } ]
      } ]
    } ],
    "output-defs" : [ {
      "name" : "Buzon",
      "deliveryMethod" : "DELIVER_TO_APPLICATION",
      "exchangePointId" : "754503",
      "exchangePoint" : null,
      "outputType" : "",
      "components" : null,
      "@id" : "780061",
      "exchangePoint-defs" : [ {
        "@class" : "FileSystemProducer",
        "enabled" : true,
        "businessProtocol" : "Raw",
        "friendlyName" : "Salida_Buzon",
        "backupMessages" : false,
        "maxConcurrentConnections" : 100,
        "inlineProcessors" : null,
        "inlinePostProcessors" : null,
        "schedule" : null,
        "retries" : 0,
        "useCustomRetryIntervals" : false,
        "customRetryIntervals" : null,
        "postProcessingScript" : null,
        "holdMessagesForPickup" : false,
        "directory" : "/opt/axway/b2bi/shared/common/data/in/Buzon",
        "preserveFilenameMode" : "SEQUENCE",
        "preserveFilename" : true,
        "metadataHierarchy" : [ ],
        "userDefinedDeliveryFilename" : "",
        "userDefinedDuplicateFilename" : "",
        "url" : "/opt/axway/b2bi/shared/common/data/in/Buzon",
        "@id" : "754503"
      } ]
    }, {
      "name" : "AUX",
      "deliveryMethod" : "DELIVER_TO_APPLICATION",
      "exchangePointId" : "754502",
      "exchangePoint" : null,
      "outputType" : "",
      "components" : null,
      "@id" : "780062",
      "exchangePoint-defs" : [ {
        "@class" : "FileSystemProducer",
        "enabled" : true,
        "businessProtocol" : "Raw",
        "friendlyName" : "Aux",
        "backupMessages" : false,
        "maxConcurrentConnections" : 100,
        "inlineProcessors" : null,
        "inlinePostProcessors" : null,
        "schedule" : null,
        "retries" : 0,
        "useCustomRetryIntervals" : false,
        "customRetryIntervals" : null,
        "postProcessingScript" : null,
        "holdMessagesForPickup" : false,
        "directory" : "/opt/axway/b2bi/shared/common/data/in/aux",
        "preserveFilenameMode" : "SEQUENCE",
        "preserveFilename" : true,
        "metadataHierarchy" : [ ],
        "userDefinedDeliveryFilename" : "",
        "userDefinedDuplicateFilename" : "",
        "url" : "/opt/axway/b2bi/shared/common/data/in/aux",
        "@id" : "754502"
      } ]
    }, {
      "name" : "Salida",
      "deliveryMethod" : "DELIVER_TO_APPLICATION",
      "exchangePointId" : "754506",
      "exchangePoint" : null,
      "outputType" : "",
      "components" : null,
      "@id" : "780063",
      "exchangePoint-defs" : [ {
        "@class" : "FileSystemProducer",
        "enabled" : true,
        "businessProtocol" : "Raw",
        "friendlyName" : "Salida",
        "backupMessages" : false,
        "maxConcurrentConnections" : 100,
        "inlineProcessors" : null,
        "inlinePostProcessors" : null,
        "schedule" : null,
        "retries" : 0,
        "useCustomRetryIntervals" : false,
        "customRetryIntervals" : null,
        "postProcessingScript" : null,
        "holdMessagesForPickup" : false,
        "directory" : "/opt/axway/b2bi/shared/common/data/in/Salida",
        "preserveFilenameMode" : "SEQUENCE",
        "preserveFilename" : true,
        "metadataHierarchy" : [ ],
        "userDefinedDeliveryFilename" : "",
        "userDefinedDuplicateFilename" : "",
        "url" : "/opt/axway/b2bi/shared/common/data/in/Salida",
        "@id" : "754506"
      } ]
    }, {
      "name" : "Backup",
      "deliveryMethod" : "DELIVER_TO_APPLICATION",
      "exchangePointId" : "754504",
      "exchangePoint" : null,
      "outputType" : "",
      "components" : null,
      "@id" : "780064",
      "exchangePoint-defs" : [ {
        "@class" : "FileSystemProducer",
        "enabled" : true,
        "businessProtocol" : "Raw",
        "friendlyName" : "Salida_Backup",
        "backupMessages" : false,
        "maxConcurrentConnections" : 100,
        "inlineProcessors" : null,
        "inlinePostProcessors" : null,
        "schedule" : null,
        "retries" : 0,
        "useCustomRetryIntervals" : false,
        "customRetryIntervals" : null,
        "postProcessingScript" : null,
        "holdMessagesForPickup" : false,
        "directory" : "/opt/axway/b2bi/shared/common/data/in/Backup",
        "preserveFilenameMode" : "SEQUENCE",
        "preserveFilename" : true,
        "metadataHierarchy" : [ ],
        "userDefinedDeliveryFilename" : "",
        "userDefinedDuplicateFilename" : "",
        "url" : "/opt/axway/b2bi/shared/common/data/in/Backup",
        "@id" : "754504"
      } ]
    } ],
    "attribute-defs" : [ ]
  }, {
    "@class" : "MetadataDocumentService",
    "name" : "Service_D35_FT3",
    "deliveryMethod" : null,
    "enabled" : true,
    "exchangePointId" : null,
    "exchangePoint" : null,
    "componentId" : "776047",
    "component" : null,
    "outputs" : null,
    "documentServiceAttributes" : null,
    "documentServiceAttributesTemplate" : null,
    "@id" : "779518",
    "component-defs" : [ {
      "@class" : "ComponentBean",
      "resourceName" : "MAPSERVICE.Sinacofi_D35.D35_FT3",
      "resourceAbsFilePath" : "",
      "resourceType" : "3",
      "componentId" : "776547",
      "processingStepEnabled" : true,
      "processingStepName" : "Component_D35_FT3",
      "processingStepType" : "Map",
      "processingStepAddOutput" : false,
      "configurations" : "null/779518/configurations",
      "@id" : "776047",
      "configuration-defs" : [ {
        "name" : "Input",
        "type" : "13",
        "description" : "Input format XML",
        "arguments" : null,
        "@id" : "780587",
        "argument-defs" : [ {
          "name" : "Detector mode",
          "type" : "java.lang.Boolean",
          "notEqualTo" : null,
          "value" : null,
          "editable" : true,
          "@id" : "781273"
        }, {
          "name" : "Check facet on input",
          "type" : "java.lang.Boolean",
          "notEqualTo" : null,
          "value" : null,
          "editable" : true,
          "@id" : "781274"
        }, {
          "name" : "Check facet on output",
          "type" : "java.lang.Boolean",
          "notEqualTo" : null,
          "value" : null,
          "editable" : true,
          "@id" : "781275"
        }, {
          "name" : "Accept input documents with errors",
          "type" : "java.lang.Boolean",
          "notEqualTo" : null,
          "value" : null,
          "editable" : true,
          "@id" : "781276"
        }, {
          "name" : "Action when no output created by flow",
          "type" : "b2bx.server.EnumParameter",
          "notEqualTo" : null,
          "value" : "4",
          "editable" : false,
          "@id" : "781277"
        }, {
          "name" : "Debug",
          "type" : "java.lang.Boolean",
          "notEqualTo" : null,
          "value" : null,
          "editable" : true,
          "@id" : "781278"
        } ]
      }, {
        "name" : "Buzon",
        "type" : "2",
        "description" : "Output parameters",
        "arguments" : null,
        "@id" : "780588",
        "argument-defs" : [ {
          "name" : "Output Format",
          "type" : "b2bx.server.EnumParameter",
          "notEqualTo" : null,
          "value" : "0",
          "editable" : false,
          "@id" : "781279"
        }, {
          "name" : "Accept output documents with errors",
          "type" : "java.lang.Boolean",
          "notEqualTo" : null,
          "value" : null,
          "editable" : true,
          "@id" : "781280"
        }, {
          "name" : "Action when no output created",
          "type" : "b2bx.server.EnumParameter",
          "notEqualTo" : null,
          "value" : "2",
          "editable" : false,
          "@id" : "781281"
        }, {
          "name" : "Version",
          "type" : "b2bx.server.EnumParameter",
          "notEqualTo" : null,
          "value" : "",
          "editable" : false,
          "@id" : "781282"
        } ]
      }, {
        "name" : "AUX",
        "type" : "2",
        "description" : "Output parameters",
        "arguments" : null,
        "@id" : "780589",
        "argument-defs" : [ {
          "name" : "Output Format",
          "type" : "b2bx.server.EnumParameter",
          "notEqualTo" : null,
          "value" : "0",
          "editable" : false,
          "@id" : "781283"
        }, {
          "name" : "Accept output documents with errors",
          "type" : "java.lang.Boolean",
          "notEqualTo" : null,
          "value" : null,
          "editable" : true,
          "@id" : "781284"
        }, {
          "name" : "Action when no output created",
          "type" : "b2bx.server.EnumParameter",
          "notEqualTo" : null,
          "value" : "2",
          "editable" : false,
          "@id" : "781285"
        }, {
          "name" : "Version",
          "type" : "b2bx.server.EnumParameter",
          "notEqualTo" : null,
          "value" : "",
          "editable" : false,
          "@id" : "781286"
        } ]
      }, {
        "name" : "Backup",
        "type" : "2",
        "description" : "Output parameters",
        "arguments" : null,
        "@id" : "780590",
        "argument-defs" : [ {
          "name" : "Output Format",
          "type" : "b2bx.server.EnumParameter",
          "notEqualTo" : null,
          "value" : "0",
          "editable" : false,
          "@id" : "781287"
        }, {
          "name" : "Accept output documents with errors",
          "type" : "java.lang.Boolean",
          "notEqualTo" : null,
          "value" : null,
          "editable" : true,
          "@id" : "781288"
        }, {
          "name" : "Action when no output created",
          "type" : "b2bx.server.EnumParameter",
          "notEqualTo" : null,
          "value" : "2",
          "editable" : false,
          "@id" : "781289"
        }, {
          "name" : "Version",
          "type" : "b2bx.server.EnumParameter",
          "notEqualTo" : null,
          "value" : "",
          "editable" : false,
          "@id" : "781290"
        } ]
      }, {
        "name" : "Salida",
        "type" : "2",
        "description" : "Output parameters",
        "arguments" : null,
        "@id" : "780591",
        "argument-defs" : [ {
          "name" : "Accept output documents with errors",
          "type" : "java.lang.Boolean",
          "notEqualTo" : null,
          "value" : null,
          "editable" : true,
          "@id" : "781292"
        }, {
          "name" : "Action when no output created",
          "type" : "b2bx.server.EnumParameter",
          "notEqualTo" : null,
          "value" : "2",
          "editable" : false,
          "@id" : "781293"
        }, {
          "name" : "Version",
          "type" : "b2bx.server.EnumParameter",
          "notEqualTo" : null,
          "value" : "",
          "editable" : false,
          "@id" : "781294"
        }, {
          "name" : "Output Format",
          "type" : "b2bx.server.EnumParameter",
          "notEqualTo" : null,
          "value" : "0",
          "editable" : false,
          "@id" : "781291"
        } ]
      }, {
        "name" : "Channel",
        "type" : "9",
        "description" : "Connection parameters",
        "arguments" : null,
        "@id" : "780592",
        "argument-defs" : [ {
          "name" : "Connection",
          "type" : "b2bx.server.LocalObjectParameter",
          "notEqualTo" : null,
          "value" : "Oracle_MFT",
          "editable" : false,
          "@id" : "781295"
        } ]
      } ]
    } ],
    "output-defs" : [ {
      "name" : "Buzon",
      "deliveryMethod" : "DELIVER_TO_APPLICATION",
      "exchangePointId" : "754503",
      "exchangePoint" : null,
      "outputType" : "",
      "components" : null,
      "@id" : "780065",
      "exchangePoint-defs" : [ {
        "@class" : "FileSystemProducer",
        "enabled" : true,
        "businessProtocol" : "Raw",
        "friendlyName" : "Salida_Buzon",
        "backupMessages" : false,
        "maxConcurrentConnections" : 100,
        "inlineProcessors" : null,
        "inlinePostProcessors" : null,
        "schedule" : null,
        "retries" : 0,
        "useCustomRetryIntervals" : false,
        "customRetryIntervals" : null,
        "postProcessingScript" : null,
        "holdMessagesForPickup" : false,
        "directory" : "/opt/axway/b2bi/shared/common/data/in/Buzon",
        "preserveFilenameMode" : "SEQUENCE",
        "preserveFilename" : true,
        "metadataHierarchy" : [ ],
        "userDefinedDeliveryFilename" : "",
        "userDefinedDuplicateFilename" : "",
        "url" : "/opt/axway/b2bi/shared/common/data/in/Buzon",
        "@id" : "754503"
      } ]
    }, {
      "name" : "AUX",
      "deliveryMethod" : "DELIVER_TO_APPLICATION",
      "exchangePointId" : "754502",
      "exchangePoint" : null,
      "outputType" : "",
      "components" : null,
      "@id" : "780066",
      "exchangePoint-defs" : [ {
        "@class" : "FileSystemProducer",
        "enabled" : true,
        "businessProtocol" : "Raw",
        "friendlyName" : "Aux",
        "backupMessages" : false,
        "maxConcurrentConnections" : 100,
        "inlineProcessors" : null,
        "inlinePostProcessors" : null,
        "schedule" : null,
        "retries" : 0,
        "useCustomRetryIntervals" : false,
        "customRetryIntervals" : null,
        "postProcessingScript" : null,
        "holdMessagesForPickup" : false,
        "directory" : "/opt/axway/b2bi/shared/common/data/in/aux",
        "preserveFilenameMode" : "SEQUENCE",
        "preserveFilename" : true,
        "metadataHierarchy" : [ ],
        "userDefinedDeliveryFilename" : "",
        "userDefinedDuplicateFilename" : "",
        "url" : "/opt/axway/b2bi/shared/common/data/in/aux",
        "@id" : "754502"
      } ]
    }, {
      "name" : "Backup",
      "deliveryMethod" : "DELIVER_TO_APPLICATION",
      "exchangePointId" : "754504",
      "exchangePoint" : null,
      "outputType" : "",
      "components" : null,
      "@id" : "780067",
      "exchangePoint-defs" : [ {
        "@class" : "FileSystemProducer",
        "enabled" : true,
        "businessProtocol" : "Raw",
        "friendlyName" : "Salida_Backup",
        "backupMessages" : false,
        "maxConcurrentConnections" : 100,
        "inlineProcessors" : null,
        "inlinePostProcessors" : null,
        "schedule" : null,
        "retries" : 0,
        "useCustomRetryIntervals" : false,
        "customRetryIntervals" : null,
        "postProcessingScript" : null,
        "holdMessagesForPickup" : false,
        "directory" : "/opt/axway/b2bi/shared/common/data/in/Backup",
        "preserveFilenameMode" : "SEQUENCE",
        "preserveFilename" : true,
        "metadataHierarchy" : [ ],
        "userDefinedDeliveryFilename" : "",
        "userDefinedDuplicateFilename" : "",
        "url" : "/opt/axway/b2bi/shared/common/data/in/Backup",
        "@id" : "754504"
      } ]
    }, {
      "name" : "Salida",
      "deliveryMethod" : "DELIVER_TO_APPLICATION",
      "exchangePointId" : "754506",
      "exchangePoint" : null,
      "outputType" : "",
      "components" : null,
      "@id" : "780068",
      "exchangePoint-defs" : [ {
        "@class" : "FileSystemProducer",
        "enabled" : true,
        "businessProtocol" : "Raw",
        "friendlyName" : "Salida",
        "backupMessages" : false,
        "maxConcurrentConnections" : 100,
        "inlineProcessors" : null,
        "inlinePostProcessors" : null,
        "schedule" : null,
        "retries" : 0,
        "useCustomRetryIntervals" : false,
        "customRetryIntervals" : null,
        "postProcessingScript" : null,
        "holdMessagesForPickup" : false,
        "directory" : "/opt/axway/b2bi/shared/common/data/in/Salida",
        "preserveFilenameMode" : "SEQUENCE",
        "preserveFilename" : true,
        "metadataHierarchy" : [ ],
        "userDefinedDeliveryFilename" : "",
        "userDefinedDuplicateFilename" : "",
        "url" : "/opt/axway/b2bi/shared/common/data/in/Salida",
        "@id" : "754506"
      } ]
    } ],
    "attribute-defs" : [ ]
  }, {
    "@class" : "MetadataDocumentService",
    "name" : "Service_D50_FT3",
    "deliveryMethod" : null,
    "enabled" : true,
    "exchangePointId" : null,
    "exchangePoint" : null,
    "componentId" : "776050",
    "component" : null,
    "outputs" : null,
    "documentServiceAttributes" : null,
    "documentServiceAttributesTemplate" : null,
    "@id" : "779519",
    "component-defs" : [ {
      "@class" : "ComponentBean",
      "resourceName" : "MAPSERVICE.Sinacofi_D50.D50_FT3",
      "resourceAbsFilePath" : "",
      "resourceType" : "3",
      "componentId" : "776550",
      "processingStepEnabled" : true,
      "processingStepName" : "Component_D50_FT3",
      "processingStepType" : "Map",
      "processingStepAddOutput" : false,
      "configurations" : "null/779519/configurations",
      "@id" : "776050",
      "configuration-defs" : [ {
        "name" : "Input",
        "type" : "13",
        "description" : "Input format XML",
        "arguments" : null,
        "@id" : "780593",
        "argument-defs" : [ {
          "name" : "Detector mode",
          "type" : "java.lang.Boolean",
          "notEqualTo" : null,
          "value" : null,
          "editable" : true,
          "@id" : "781296"
        }, {
          "name" : "Check facet on input",
          "type" : "java.lang.Boolean",
          "notEqualTo" : null,
          "value" : null,
          "editable" : true,
          "@id" : "781297"
        }, {
          "name" : "Check facet on output",
          "type" : "java.lang.Boolean",
          "notEqualTo" : null,
          "value" : null,
          "editable" : true,
          "@id" : "781298"
        }, {
          "name" : "Accept input documents with errors",
          "type" : "java.lang.Boolean",
          "notEqualTo" : null,
          "value" : null,
          "editable" : true,
          "@id" : "781299"
        }, {
          "name" : "Action when no output created by flow",
          "type" : "b2bx.server.EnumParameter",
          "notEqualTo" : null,
          "value" : "4",
          "editable" : false,
          "@id" : "781300"
        }, {
          "name" : "Debug",
          "type" : "java.lang.Boolean",
          "notEqualTo" : null,
          "value" : null,
          "editable" : true,
          "@id" : "781301"
        } ]
      }, {
        "name" : "AUX",
        "type" : "2",
        "description" : "Output parameters",
        "arguments" : null,
        "@id" : "780594",
        "argument-defs" : [ {
          "name" : "Output Format",
          "type" : "b2bx.server.EnumParameter",
          "notEqualTo" : null,
          "value" : "0",
          "editable" : false,
          "@id" : "781302"
        }, {
          "name" : "Accept output documents with errors",
          "type" : "java.lang.Boolean",
          "notEqualTo" : null,
          "value" : null,
          "editable" : true,
          "@id" : "781303"
        }, {
          "name" : "Action when no output created",
          "type" : "b2bx.server.EnumParameter",
          "notEqualTo" : null,
          "value" : "2",
          "editable" : false,
          "@id" : "781304"
        }, {
          "name" : "Version",
          "type" : "b2bx.server.EnumParameter",
          "notEqualTo" : null,
          "value" : "",
          "editable" : false,
          "@id" : "781305"
        } ]
      }, {
        "name" : "Buzon",
        "type" : "2",
        "description" : "Output parameters",
        "arguments" : null,
        "@id" : "780595",
        "argument-defs" : [ {
          "name" : "Output Format",
          "type" : "b2bx.server.EnumParameter",
          "notEqualTo" : null,
          "value" : "0",
          "editable" : false,
          "@id" : "781306"
        }, {
          "name" : "Accept output documents with errors",
          "type" : "java.lang.Boolean",
          "notEqualTo" : null,
          "value" : null,
          "editable" : true,
          "@id" : "781307"
        }, {
          "name" : "Action when no output created",
          "type" : "b2bx.server.EnumParameter",
          "notEqualTo" : null,
          "value" : "2",
          "editable" : false,
          "@id" : "781308"
        }, {
          "name" : "Version",
          "type" : "b2bx.server.EnumParameter",
          "notEqualTo" : null,
          "value" : "",
          "editable" : false,
          "@id" : "781309"
        } ]
      }, {
        "name" : "Backup",
        "type" : "2",
        "description" : "Output parameters",
        "arguments" : null,
        "@id" : "780596",
        "argument-defs" : [ {
          "name" : "Output Format",
          "type" : "b2bx.server.EnumParameter",
          "notEqualTo" : null,
          "value" : "0",
          "editable" : false,
          "@id" : "781310"
        }, {
          "name" : "Accept output documents with errors",
          "type" : "java.lang.Boolean",
          "notEqualTo" : null,
          "value" : null,
          "editable" : true,
          "@id" : "781311"
        }, {
          "name" : "Action when no output created",
          "type" : "b2bx.server.EnumParameter",
          "notEqualTo" : null,
          "value" : "2",
          "editable" : false,
          "@id" : "781312"
        }, {
          "name" : "Version",
          "type" : "b2bx.server.EnumParameter",
          "notEqualTo" : null,
          "value" : "",
          "editable" : false,
          "@id" : "781313"
        } ]
      }, {
        "name" : "Salida",
        "type" : "2",
        "description" : "Output parameters",
        "arguments" : null,
        "@id" : "780597",
        "argument-defs" : [ {
          "name" : "Output Format",
          "type" : "b2bx.server.EnumParameter",
          "notEqualTo" : null,
          "value" : "0",
          "editable" : false,
          "@id" : "781314"
        }, {
          "name" : "Accept output documents with errors",
          "type" : "java.lang.Boolean",
          "notEqualTo" : null,
          "value" : null,
          "editable" : true,
          "@id" : "781315"
        }, {
          "name" : "Action when no output created",
          "type" : "b2bx.server.EnumParameter",
          "notEqualTo" : null,
          "value" : "2",
          "editable" : false,
          "@id" : "781316"
        }, {
          "name" : "Version",
          "type" : "b2bx.server.EnumParameter",
          "notEqualTo" : null,
          "value" : "",
          "editable" : false,
          "@id" : "781317"
        } ]
      }, {
        "name" : "Channel",
        "type" : "9",
        "description" : "Connection parameters",
        "arguments" : null,
        "@id" : "780598",
        "argument-defs" : [ {
          "name" : "Connection",
          "type" : "b2bx.server.LocalObjectParameter",
          "notEqualTo" : null,
          "value" : "Oracle_MFT",
          "editable" : false,
          "@id" : "781318"
        } ]
      } ]
    } ],
    "output-defs" : [ {
      "name" : "AUX",
      "deliveryMethod" : "DELIVER_TO_APPLICATION",
      "exchangePointId" : "754502",
      "exchangePoint" : null,
      "outputType" : "",
      "components" : null,
      "@id" : "780069",
      "exchangePoint-defs" : [ {
        "@class" : "FileSystemProducer",
        "enabled" : true,
        "businessProtocol" : "Raw",
        "friendlyName" : "Aux",
        "backupMessages" : false,
        "maxConcurrentConnections" : 100,
        "inlineProcessors" : null,
        "inlinePostProcessors" : null,
        "schedule" : null,
        "retries" : 0,
        "useCustomRetryIntervals" : false,
        "customRetryIntervals" : null,
        "postProcessingScript" : null,
        "holdMessagesForPickup" : false,
        "directory" : "/opt/axway/b2bi/shared/common/data/in/aux",
        "preserveFilenameMode" : "SEQUENCE",
        "preserveFilename" : true,
        "metadataHierarchy" : [ ],
        "userDefinedDeliveryFilename" : "",
        "userDefinedDuplicateFilename" : "",
        "url" : "/opt/axway/b2bi/shared/common/data/in/aux",
        "@id" : "754502"
      } ]
    }, {
      "name" : "Buzon",
      "deliveryMethod" : "DELIVER_TO_APPLICATION",
      "exchangePointId" : "754503",
      "exchangePoint" : null,
      "outputType" : "",
      "components" : null,
      "@id" : "780070",
      "exchangePoint-defs" : [ {
        "@class" : "FileSystemProducer",
        "enabled" : true,
        "businessProtocol" : "Raw",
        "friendlyName" : "Salida_Buzon",
        "backupMessages" : false,
        "maxConcurrentConnections" : 100,
        "inlineProcessors" : null,
        "inlinePostProcessors" : null,
        "schedule" : null,
        "retries" : 0,
        "useCustomRetryIntervals" : false,
        "customRetryIntervals" : null,
        "postProcessingScript" : null,
        "holdMessagesForPickup" : false,
        "directory" : "/opt/axway/b2bi/shared/common/data/in/Buzon",
        "preserveFilenameMode" : "SEQUENCE",
        "preserveFilename" : true,
        "metadataHierarchy" : [ ],
        "userDefinedDeliveryFilename" : "",
        "userDefinedDuplicateFilename" : "",
        "url" : "/opt/axway/b2bi/shared/common/data/in/Buzon",
        "@id" : "754503"
      } ]
    }, {
      "name" : "Backup",
      "deliveryMethod" : "DELIVER_TO_APPLICATION",
      "exchangePointId" : "754504",
      "exchangePoint" : null,
      "outputType" : "",
      "components" : null,
      "@id" : "780071",
      "exchangePoint-defs" : [ {
        "@class" : "FileSystemProducer",
        "enabled" : true,
        "businessProtocol" : "Raw",
        "friendlyName" : "Salida_Backup",
        "backupMessages" : false,
        "maxConcurrentConnections" : 100,
        "inlineProcessors" : null,
        "inlinePostProcessors" : null,
        "schedule" : null,
        "retries" : 0,
        "useCustomRetryIntervals" : false,
        "customRetryIntervals" : null,
        "postProcessingScript" : null,
        "holdMessagesForPickup" : false,
        "directory" : "/opt/axway/b2bi/shared/common/data/in/Backup",
        "preserveFilenameMode" : "SEQUENCE",
        "preserveFilename" : true,
        "metadataHierarchy" : [ ],
        "userDefinedDeliveryFilename" : "",
        "userDefinedDuplicateFilename" : "",
        "url" : "/opt/axway/b2bi/shared/common/data/in/Backup",
        "@id" : "754504"
      } ]
    }, {
      "name" : "Salida",
      "deliveryMethod" : "DELIVER_TO_APPLICATION",
      "exchangePointId" : "754506",
      "exchangePoint" : null,
      "outputType" : "",
      "components" : null,
      "@id" : "780072",
      "exchangePoint-defs" : [ {
        "@class" : "FileSystemProducer",
        "enabled" : true,
        "businessProtocol" : "Raw",
        "friendlyName" : "Salida",
        "backupMessages" : false,
        "maxConcurrentConnections" : 100,
        "inlineProcessors" : null,
        "inlinePostProcessors" : null,
        "schedule" : null,
        "retries" : 0,
        "useCustomRetryIntervals" : false,
        "customRetryIntervals" : null,
        "postProcessingScript" : null,
        "holdMessagesForPickup" : false,
        "directory" : "/opt/axway/b2bi/shared/common/data/in/Salida",
        "preserveFilenameMode" : "SEQUENCE",
        "preserveFilename" : true,
        "metadataHierarchy" : [ ],
        "userDefinedDeliveryFilename" : "",
        "userDefinedDuplicateFilename" : "",
        "url" : "/opt/axway/b2bi/shared/common/data/in/Salida",
        "@id" : "754506"
      } ]
    } ],
    "attribute-defs" : [ ]
  }, {
    "@class" : "MetadataDocumentService",
    "name" : "Service_D51_FT3",
    "deliveryMethod" : null,
    "enabled" : true,
    "exchangePointId" : null,
    "exchangePoint" : null,
    "componentId" : "776071",
    "component" : null,
    "outputs" : null,
    "documentServiceAttributes" : null,
    "documentServiceAttributesTemplate" : null,
    "@id" : "779520",
    "component-defs" : [ {
      "@class" : "ComponentBean",
      "resourceName" : "MAPSERVICE.Sinacofi_D51.D51_FT3",
      "resourceAbsFilePath" : "",
      "resourceType" : "3",
      "componentId" : "776571",
      "processingStepEnabled" : true,
      "processingStepName" : "Component_D51_FT3",
      "processingStepType" : "Map",
      "processingStepAddOutput" : false,
      "configurations" : "null/779520/configurations",
      "@id" : "776071",
      "configuration-defs" : [ {
        "name" : "Input",
        "type" : "13",
        "description" : "Input format XML",
        "arguments" : null,
        "@id" : "780599",
        "argument-defs" : [ {
          "name" : "Detector mode",
          "type" : "java.lang.Boolean",
          "notEqualTo" : null,
          "value" : null,
          "editable" : true,
          "@id" : "781319"
        }, {
          "name" : "Check facet on input",
          "type" : "java.lang.Boolean",
          "notEqualTo" : null,
          "value" : null,
          "editable" : true,
          "@id" : "781320"
        }, {
          "name" : "Check facet on output",
          "type" : "java.lang.Boolean",
          "notEqualTo" : null,
          "value" : null,
          "editable" : true,
          "@id" : "781321"
        }, {
          "name" : "Accept input documents with errors",
          "type" : "java.lang.Boolean",
          "notEqualTo" : null,
          "value" : null,
          "editable" : true,
          "@id" : "781322"
        }, {
          "name" : "Action when no output created by flow",
          "type" : "b2bx.server.EnumParameter",
          "notEqualTo" : null,
          "value" : "4",
          "editable" : false,
          "@id" : "781323"
        }, {
          "name" : "Debug",
          "type" : "java.lang.Boolean",
          "notEqualTo" : null,
          "value" : null,
          "editable" : true,
          "@id" : "781324"
        } ]
      }, {
        "name" : "Buzon",
        "type" : "2",
        "description" : "Output parameters",
        "arguments" : null,
        "@id" : "780600",
        "argument-defs" : [ {
          "name" : "Output Format",
          "type" : "b2bx.server.EnumParameter",
          "notEqualTo" : null,
          "value" : "0",
          "editable" : false,
          "@id" : "781325"
        }, {
          "name" : "Accept output documents with errors",
          "type" : "java.lang.Boolean",
          "notEqualTo" : null,
          "value" : null,
          "editable" : true,
          "@id" : "781326"
        }, {
          "name" : "Action when no output created",
          "type" : "b2bx.server.EnumParameter",
          "notEqualTo" : null,
          "value" : "2",
          "editable" : false,
          "@id" : "781327"
        }, {
          "name" : "Version",
          "type" : "b2bx.server.EnumParameter",
          "notEqualTo" : null,
          "value" : "",
          "editable" : false,
          "@id" : "781328"
        } ]
      }, {
        "name" : "Backup",
        "type" : "2",
        "description" : "Output parameters",
        "arguments" : null,
        "@id" : "780601",
        "argument-defs" : [ {
          "name" : "Output Format",
          "type" : "b2bx.server.EnumParameter",
          "notEqualTo" : null,
          "value" : "0",
          "editable" : false,
          "@id" : "781329"
        }, {
          "name" : "Accept output documents with errors",
          "type" : "java.lang.Boolean",
          "notEqualTo" : null,
          "value" : null,
          "editable" : true,
          "@id" : "781330"
        }, {
          "name" : "Action when no output created",
          "type" : "b2bx.server.EnumParameter",
          "notEqualTo" : null,
          "value" : "2",
          "editable" : false,
          "@id" : "781331"
        }, {
          "name" : "Version",
          "type" : "b2bx.server.EnumParameter",
          "notEqualTo" : null,
          "value" : "",
          "editable" : false,
          "@id" : "781332"
        } ]
      }, {
        "name" : "Salida",
        "type" : "2",
        "description" : "Output parameters",
        "arguments" : null,
        "@id" : "780602",
        "argument-defs" : [ {
          "name" : "Output Format",
          "type" : "b2bx.server.EnumParameter",
          "notEqualTo" : null,
          "value" : "0",
          "editable" : false,
          "@id" : "781333"
        }, {
          "name" : "Accept output documents with errors",
          "type" : "java.lang.Boolean",
          "notEqualTo" : null,
          "value" : null,
          "editable" : true,
          "@id" : "781334"
        }, {
          "name" : "Action when no output created",
          "type" : "b2bx.server.EnumParameter",
          "notEqualTo" : null,
          "value" : "2",
          "editable" : false,
          "@id" : "781335"
        }, {
          "name" : "Version",
          "type" : "b2bx.server.EnumParameter",
          "notEqualTo" : null,
          "value" : "",
          "editable" : false,
          "@id" : "781336"
        } ]
      }, {
        "name" : "AUX",
        "type" : "2",
        "description" : "Output parameters",
        "arguments" : null,
        "@id" : "780603",
        "argument-defs" : [ {
          "name" : "Output Format",
          "type" : "b2bx.server.EnumParameter",
          "notEqualTo" : null,
          "value" : "0",
          "editable" : false,
          "@id" : "781337"
        }, {
          "name" : "Accept output documents with errors",
          "type" : "java.lang.Boolean",
          "notEqualTo" : null,
          "value" : null,
          "editable" : true,
          "@id" : "781338"
        }, {
          "name" : "Action when no output created",
          "type" : "b2bx.server.EnumParameter",
          "notEqualTo" : null,
          "value" : "2",
          "editable" : false,
          "@id" : "781339"
        }, {
          "name" : "Version",
          "type" : "b2bx.server.EnumParameter",
          "notEqualTo" : null,
          "value" : "",
          "editable" : false,
          "@id" : "781340"
        } ]
      }, {
        "name" : "Channel",
        "type" : "9",
        "description" : "Connection parameters",
        "arguments" : null,
        "@id" : "780604",
        "argument-defs" : [ {
          "name" : "Action when no output created",
          "type" : "b2bx.server.EnumParameter",
          "notEqualTo" : null,
          "value" : "2",
          "editable" : false,
          "@id" : "781341"
        }, {
          "name" : "Version",
          "type" : "b2bx.server.EnumParameter",
          "notEqualTo" : null,
          "value" : "",
          "editable" : false,
          "@id" : "781342"
        }, {
          "name" : "Output Format",
          "type" : "b2bx.server.EnumParameter",
          "notEqualTo" : null,
          "value" : "0",
          "editable" : false,
          "@id" : "781343"
        }, {
          "name" : "Connection",
          "type" : "b2bx.server.LocalObjectParameter",
          "notEqualTo" : null,
          "value" : "Oracle_MFT",
          "editable" : false,
          "@id" : "781344"
        } ]
      } ]
    } ],
    "output-defs" : [ {
      "name" : "Buzon",
      "deliveryMethod" : "DELIVER_TO_APPLICATION",
      "exchangePointId" : "754503",
      "exchangePoint" : null,
      "outputType" : "",
      "components" : null,
      "@id" : "780073",
      "exchangePoint-defs" : [ {
        "@class" : "FileSystemProducer",
        "enabled" : true,
        "businessProtocol" : "Raw",
        "friendlyName" : "Salida_Buzon",
        "backupMessages" : false,
        "maxConcurrentConnections" : 100,
        "inlineProcessors" : null,
        "inlinePostProcessors" : null,
        "schedule" : null,
        "retries" : 0,
        "useCustomRetryIntervals" : false,
        "customRetryIntervals" : null,
        "postProcessingScript" : null,
        "holdMessagesForPickup" : false,
        "directory" : "/opt/axway/b2bi/shared/common/data/in/Buzon",
        "preserveFilenameMode" : "SEQUENCE",
        "preserveFilename" : true,
        "metadataHierarchy" : [ ],
        "userDefinedDeliveryFilename" : "",
        "userDefinedDuplicateFilename" : "",
        "url" : "/opt/axway/b2bi/shared/common/data/in/Buzon",
        "@id" : "754503"
      } ]
    }, {
      "name" : "Backup",
      "deliveryMethod" : "DELIVER_TO_APPLICATION",
      "exchangePointId" : "754504",
      "exchangePoint" : null,
      "outputType" : "",
      "components" : null,
      "@id" : "780074",
      "exchangePoint-defs" : [ {
        "@class" : "FileSystemProducer",
        "enabled" : true,
        "businessProtocol" : "Raw",
        "friendlyName" : "Salida_Backup",
        "backupMessages" : false,
        "maxConcurrentConnections" : 100,
        "inlineProcessors" : null,
        "inlinePostProcessors" : null,
        "schedule" : null,
        "retries" : 0,
        "useCustomRetryIntervals" : false,
        "customRetryIntervals" : null,
        "postProcessingScript" : null,
        "holdMessagesForPickup" : false,
        "directory" : "/opt/axway/b2bi/shared/common/data/in/Backup",
        "preserveFilenameMode" : "SEQUENCE",
        "preserveFilename" : true,
        "metadataHierarchy" : [ ],
        "userDefinedDeliveryFilename" : "",
        "userDefinedDuplicateFilename" : "",
        "url" : "/opt/axway/b2bi/shared/common/data/in/Backup",
        "@id" : "754504"
      } ]
    }, {
      "name" : "Salida",
      "deliveryMethod" : "DELIVER_TO_APPLICATION",
      "exchangePointId" : "754506",
      "exchangePoint" : null,
      "outputType" : "",
      "components" : null,
      "@id" : "780075",
      "exchangePoint-defs" : [ {
        "@class" : "FileSystemProducer",
        "enabled" : true,
        "businessProtocol" : "Raw",
        "friendlyName" : "Salida",
        "backupMessages" : false,
        "maxConcurrentConnections" : 100,
        "inlineProcessors" : null,
        "inlinePostProcessors" : null,
        "schedule" : null,
        "retries" : 0,
        "useCustomRetryIntervals" : false,
        "customRetryIntervals" : null,
        "postProcessingScript" : null,
        "holdMessagesForPickup" : false,
        "directory" : "/opt/axway/b2bi/shared/common/data/in/Salida",
        "preserveFilenameMode" : "SEQUENCE",
        "preserveFilename" : true,
        "metadataHierarchy" : [ ],
        "userDefinedDeliveryFilename" : "",
        "userDefinedDuplicateFilename" : "",
        "url" : "/opt/axway/b2bi/shared/common/data/in/Salida",
        "@id" : "754506"
      } ]
    }, {
      "name" : "AUX",
      "deliveryMethod" : "DELIVER_TO_APPLICATION",
      "exchangePointId" : "754502",
      "exchangePoint" : null,
      "outputType" : "",
      "components" : null,
      "@id" : "780076",
      "exchangePoint-defs" : [ {
        "@class" : "FileSystemProducer",
        "enabled" : true,
        "businessProtocol" : "Raw",
        "friendlyName" : "Aux",
        "backupMessages" : false,
        "maxConcurrentConnections" : 100,
        "inlineProcessors" : null,
        "inlinePostProcessors" : null,
        "schedule" : null,
        "retries" : 0,
        "useCustomRetryIntervals" : false,
        "customRetryIntervals" : null,
        "postProcessingScript" : null,
        "holdMessagesForPickup" : false,
        "directory" : "/opt/axway/b2bi/shared/common/data/in/aux",
        "preserveFilenameMode" : "SEQUENCE",
        "preserveFilename" : true,
        "metadataHierarchy" : [ ],
        "userDefinedDeliveryFilename" : "",
        "userDefinedDuplicateFilename" : "",
        "url" : "/opt/axway/b2bi/shared/common/data/in/aux",
        "@id" : "754502"
      } ]
    } ],
    "attribute-defs" : [ ]
  }, {
    "@class" : "MetadataDocumentService",
    "name" : "Service_D52_FT3",
    "deliveryMethod" : null,
    "enabled" : true,
    "exchangePointId" : null,
    "exchangePoint" : null,
    "componentId" : "776081",
    "component" : null,
    "outputs" : null,
    "documentServiceAttributes" : null,
    "documentServiceAttributesTemplate" : null,
    "@id" : "779521",
    "component-defs" : [ {
      "@class" : "ComponentBean",
      "resourceName" : "MAPSERVICE.Sinacofi_D52.D52_FT3",
      "resourceAbsFilePath" : "",
      "resourceType" : "3",
      "componentId" : "776581",
      "processingStepEnabled" : true,
      "processingStepName" : "Component_D52_FT3",
      "processingStepType" : "Map",
      "processingStepAddOutput" : false,
      "configurations" : "null/779521/configurations",
      "@id" : "776081",
      "configuration-defs" : [ {
        "name" : "Input",
        "type" : "13",
        "description" : "Input format XML",
        "arguments" : null,
        "@id" : "780605",
        "argument-defs" : [ {
          "name" : "Detector mode",
          "type" : "java.lang.Boolean",
          "notEqualTo" : null,
          "value" : null,
          "editable" : true,
          "@id" : "781345"
        }, {
          "name" : "Check facet on input",
          "type" : "java.lang.Boolean",
          "notEqualTo" : null,
          "value" : null,
          "editable" : true,
          "@id" : "781346"
        }, {
          "name" : "Check facet on output",
          "type" : "java.lang.Boolean",
          "notEqualTo" : null,
          "value" : null,
          "editable" : true,
          "@id" : "781347"
        }, {
          "name" : "Accept input documents with errors",
          "type" : "java.lang.Boolean",
          "notEqualTo" : null,
          "value" : null,
          "editable" : true,
          "@id" : "781348"
        }, {
          "name" : "Action when no output created by flow",
          "type" : "b2bx.server.EnumParameter",
          "notEqualTo" : null,
          "value" : "4",
          "editable" : false,
          "@id" : "781349"
        }, {
          "name" : "Debug",
          "type" : "java.lang.Boolean",
          "notEqualTo" : null,
          "value" : null,
          "editable" : true,
          "@id" : "781350"
        } ]
      }, {
        "name" : "Backup",
        "type" : "2",
        "description" : "Output parameters",
        "arguments" : null,
        "@id" : "780606",
        "argument-defs" : [ {
          "name" : "Output Format",
          "type" : "b2bx.server.EnumParameter",
          "notEqualTo" : null,
          "value" : "0",
          "editable" : false,
          "@id" : "781351"
        }, {
          "name" : "Accept output documents with errors",
          "type" : "java.lang.Boolean",
          "notEqualTo" : null,
          "value" : null,
          "editable" : true,
          "@id" : "781352"
        }, {
          "name" : "Action when no output created",
          "type" : "b2bx.server.EnumParameter",
          "notEqualTo" : null,
          "value" : "2",
          "editable" : false,
          "@id" : "781353"
        }, {
          "name" : "Version",
          "type" : "b2bx.server.EnumParameter",
          "notEqualTo" : null,
          "value" : "",
          "editable" : false,
          "@id" : "781354"
        } ]
      }, {
        "name" : "Salida",
        "type" : "2",
        "description" : "Output parameters",
        "arguments" : null,
        "@id" : "780607",
        "argument-defs" : [ {
          "name" : "Output Format",
          "type" : "b2bx.server.EnumParameter",
          "notEqualTo" : null,
          "value" : "0",
          "editable" : false,
          "@id" : "781355"
        }, {
          "name" : "Accept output documents with errors",
          "type" : "java.lang.Boolean",
          "notEqualTo" : null,
          "value" : null,
          "editable" : true,
          "@id" : "781356"
        }, {
          "name" : "Action when no output created",
          "type" : "b2bx.server.EnumParameter",
          "notEqualTo" : null,
          "value" : "2",
          "editable" : false,
          "@id" : "781357"
        }, {
          "name" : "Version",
          "type" : "b2bx.server.EnumParameter",
          "notEqualTo" : null,
          "value" : "",
          "editable" : false,
          "@id" : "781358"
        } ]
      }, {
        "name" : "Buzon",
        "type" : "2",
        "description" : "Output parameters",
        "arguments" : null,
        "@id" : "780608",
        "argument-defs" : [ {
          "name" : "Output Format",
          "type" : "b2bx.server.EnumParameter",
          "notEqualTo" : null,
          "value" : "0",
          "editable" : false,
          "@id" : "781359"
        }, {
          "name" : "Accept output documents with errors",
          "type" : "java.lang.Boolean",
          "notEqualTo" : null,
          "value" : null,
          "editable" : true,
          "@id" : "781360"
        }, {
          "name" : "Action when no output created",
          "type" : "b2bx.server.EnumParameter",
          "notEqualTo" : null,
          "value" : "2",
          "editable" : false,
          "@id" : "781361"
        }, {
          "name" : "Version",
          "type" : "b2bx.server.EnumParameter",
          "notEqualTo" : null,
          "value" : "",
          "editable" : false,
          "@id" : "781362"
        } ]
      }, {
        "name" : "AUX",
        "type" : "2",
        "description" : "Output parameters",
        "arguments" : null,
        "@id" : "780609",
        "argument-defs" : [ {
          "name" : "Output Format",
          "type" : "b2bx.server.EnumParameter",
          "notEqualTo" : null,
          "value" : "0",
          "editable" : false,
          "@id" : "781363"
        }, {
          "name" : "Accept output documents with errors",
          "type" : "java.lang.Boolean",
          "notEqualTo" : null,
          "value" : null,
          "editable" : true,
          "@id" : "781364"
        }, {
          "name" : "Action when no output created",
          "type" : "b2bx.server.EnumParameter",
          "notEqualTo" : null,
          "value" : "2",
          "editable" : false,
          "@id" : "781365"
        }, {
          "name" : "Version",
          "type" : "b2bx.server.EnumParameter",
          "notEqualTo" : null,
          "value" : "",
          "editable" : false,
          "@id" : "781366"
        } ]
      }, {
        "name" : "Channel",
        "type" : "9",
        "description" : "Connection parameters",
        "arguments" : null,
        "@id" : "780610",
        "argument-defs" : [ {
          "name" : "Connection",
          "type" : "b2bx.server.LocalObjectParameter",
          "notEqualTo" : null,
          "value" : "Oracle_MFT",
          "editable" : false,
          "@id" : "781367"
        } ]
      } ]
    } ],
    "output-defs" : [ {
      "name" : "Backup",
      "deliveryMethod" : "DELIVER_TO_APPLICATION",
      "exchangePointId" : "754504",
      "exchangePoint" : null,
      "outputType" : "",
      "components" : null,
      "@id" : "780077",
      "exchangePoint-defs" : [ {
        "@class" : "FileSystemProducer",
        "enabled" : true,
        "businessProtocol" : "Raw",
        "friendlyName" : "Salida_Backup",
        "backupMessages" : false,
        "maxConcurrentConnections" : 100,
        "inlineProcessors" : null,
        "inlinePostProcessors" : null,
        "schedule" : null,
        "retries" : 0,
        "useCustomRetryIntervals" : false,
        "customRetryIntervals" : null,
        "postProcessingScript" : null,
        "holdMessagesForPickup" : false,
        "directory" : "/opt/axway/b2bi/shared/common/data/in/Backup",
        "preserveFilenameMode" : "SEQUENCE",
        "preserveFilename" : true,
        "metadataHierarchy" : [ ],
        "userDefinedDeliveryFilename" : "",
        "userDefinedDuplicateFilename" : "",
        "url" : "/opt/axway/b2bi/shared/common/data/in/Backup",
        "@id" : "754504"
      } ]
    }, {
      "name" : "Salida",
      "deliveryMethod" : "DELIVER_TO_APPLICATION",
      "exchangePointId" : "754506",
      "exchangePoint" : null,
      "outputType" : "",
      "components" : null,
      "@id" : "780078",
      "exchangePoint-defs" : [ {
        "@class" : "FileSystemProducer",
        "enabled" : true,
        "businessProtocol" : "Raw",
        "friendlyName" : "Salida",
        "backupMessages" : false,
        "maxConcurrentConnections" : 100,
        "inlineProcessors" : null,
        "inlinePostProcessors" : null,
        "schedule" : null,
        "retries" : 0,
        "useCustomRetryIntervals" : false,
        "customRetryIntervals" : null,
        "postProcessingScript" : null,
        "holdMessagesForPickup" : false,
        "directory" : "/opt/axway/b2bi/shared/common/data/in/Salida",
        "preserveFilenameMode" : "SEQUENCE",
        "preserveFilename" : true,
        "metadataHierarchy" : [ ],
        "userDefinedDeliveryFilename" : "",
        "userDefinedDuplicateFilename" : "",
        "url" : "/opt/axway/b2bi/shared/common/data/in/Salida",
        "@id" : "754506"
      } ]
    }, {
      "name" : "Buzon",
      "deliveryMethod" : "DELIVER_TO_APPLICATION",
      "exchangePointId" : "754503",
      "exchangePoint" : null,
      "outputType" : "",
      "components" : null,
      "@id" : "780079",
      "exchangePoint-defs" : [ {
        "@class" : "FileSystemProducer",
        "enabled" : true,
        "businessProtocol" : "Raw",
        "friendlyName" : "Salida_Buzon",
        "backupMessages" : false,
        "maxConcurrentConnections" : 100,
        "inlineProcessors" : null,
        "inlinePostProcessors" : null,
        "schedule" : null,
        "retries" : 0,
        "useCustomRetryIntervals" : false,
        "customRetryIntervals" : null,
        "postProcessingScript" : null,
        "holdMessagesForPickup" : false,
        "directory" : "/opt/axway/b2bi/shared/common/data/in/Buzon",
        "preserveFilenameMode" : "SEQUENCE",
        "preserveFilename" : true,
        "metadataHierarchy" : [ ],
        "userDefinedDeliveryFilename" : "",
        "userDefinedDuplicateFilename" : "",
        "url" : "/opt/axway/b2bi/shared/common/data/in/Buzon",
        "@id" : "754503"
      } ]
    }, {
      "name" : "AUX",
      "deliveryMethod" : "DELIVER_TO_APPLICATION",
      "exchangePointId" : "754502",
      "exchangePoint" : null,
      "outputType" : "",
      "components" : null,
      "@id" : "780080",
      "exchangePoint-defs" : [ {
        "@class" : "FileSystemProducer",
        "enabled" : true,
        "businessProtocol" : "Raw",
        "friendlyName" : "Aux",
        "backupMessages" : false,
        "maxConcurrentConnections" : 100,
        "inlineProcessors" : null,
        "inlinePostProcessors" : null,
        "schedule" : null,
        "retries" : 0,
        "useCustomRetryIntervals" : false,
        "customRetryIntervals" : null,
        "postProcessingScript" : null,
        "holdMessagesForPickup" : false,
        "directory" : "/opt/axway/b2bi/shared/common/data/in/aux",
        "preserveFilenameMode" : "SEQUENCE",
        "preserveFilename" : true,
        "metadataHierarchy" : [ ],
        "userDefinedDeliveryFilename" : "",
        "userDefinedDuplicateFilename" : "",
        "url" : "/opt/axway/b2bi/shared/common/data/in/aux",
        "@id" : "754502"
      } ]
    } ],
    "attribute-defs" : [ ]
  } ],
  "container-version" : "26.11.1 951d5bfb",
  "count" : 6,
  "version" : "1.0"
}