<?xml version="1.0" encoding="UTF-8" standalone="no"?>
<Variables xmlns:xsi="http://www.w3.org/2001/XMLSchema-instance" xsi:noNamespaceSchemaLocation="Variables.xsd">
   <Variable dmlCompatibility="2.1" id="611fa8e6-e9c4-4ac2-a44b-596b3de5465e" label="" lastModified="2024-08-12T14:32:46.000Z" name="MAPSERVICE_Sinacofi_C18_F1_C18_FRONT::MAPSERVICE.Sinacofi_C18_F1.var_error1" xmlVersion="1.0">
      <DmlClassName>String</DmlClassName>
      <DmlExpression>""</DmlExpression>
   </Variable>
   <Variable dmlCompatibility="2.1" id="bffa50fa-e420-420e-9aba-2e7d84c1I069" label="" lastModified="2024-08-12T14:32:46.000Z" name="MAPSERVICE_Sinacofi_C18_F1_C18_FRONT::MAPSERVICE.Sinacofi_C18_F1.correlativoPrefijo" xmlVersion="1.0">
      <DmlClassName>String</DmlClassName>
      <DmlExpression>""</DmlExpression>
   </Variable>
   <Variable dmlCompatibility="2.1" id="9d7c92bf-6a5b-4732-ba73-2c075c6fe230" label="" lastModified="2024-08-12T14:32:46.000Z" name="MAPSERVICE_Sinacofi_C18_F1_C18_FRONT::MAPSERVICE.Sinacofi_C18_F1.MovimientoProcesado" xmlVersion="1.0">
      <DmlClassName>String</DmlClassName>
      <DmlExpression>""</DmlExpression>
   </Variable>
   <Variable dmlCompatibility="2.1" id="2bf5fc3a-ce1e-460c-aa4d-39dd9151a376" label="" lastModified="2024-08-12T14:32:46.000Z" name="MAPSERVICE_Sinacofi_C18_F1_C18_FRONT::MAPSERVICE.Sinacofi_C18_F1.indice" xmlVersion="1.0">
      <DmlClassName>Integer</DmlClassName>
      <DmlExpression>0</DmlExpression>
   </Variable>
   <Variable dmlCompatibility="2.1" id="64d94ac3-e932-412f-ac04-aa52e6ac4e0a" label="" lastModified="2024-08-12T14:32:46.000Z" name="MAPSERVICE_Sinacofi_C18_F1_C18_FRONT::MAPSERVICE.Sinacofi_C18_F1.indice2" xmlVersion="1.0">
      <DmlClassName>Integer</DmlClassName>
      <DmlExpression>0</DmlExpression>
   </Variable>
   <Variable dmlCompatibility="2.1" id="466e713d-9c27-4748-9af3-5ec2ae20bcfc" label="" lastModified="2024-08-12T14:32:46.000Z" name="MAPSERVICE_Sinacofi_C18_F1_C18_FRONT::MAPSERVICE.Sinacofi_C18_F1.indice3" xmlVersion="1.0">
      <DmlClassName>Integer</DmlClassName>
      <DmlExpression>0</DmlExpression>
   </Variable>
   <Variable dmlCompatibility="2.1" id="39a1f647-5bf9-474b-9625-33cf6f8bf9fe" label="" lastModified="2024-08-12T14:32:46.000Z" name="MAPSERVICE_Sinacofi_C18_F1_C18_FRONT::MAPSERVICE.Sinacofi_C18_F1.tipoDocumentoPrefijo" xmlVersion="1.0">
      <DmlClassName>String</DmlClassName>
      <DmlExpression>""</DmlExpression>
   </Variable>
   <Variable dmlCompatibility="2.1" id="ff84c037-fb9f-49f4-b8f3-b258ed4827dc" label="" lastModified="2024-08-12T14:32:46.000Z" name="MAPSERVICE_Sinacofi_C18_F1_C18_FRONT::MAPSERVICE.Sinacofi_C18_F1.usuarioNAPrefijo" xmlVersion="1.0">
      <DmlClassName>String</DmlClassName>
      <DmlExpression>""</DmlExpression>
   </Variable>
   <Variable dmlCompatibility="2.1" id="9e755733-aafa-493f-a824-605c9ca81a89" label="" lastModified="2024-08-12T14:32:46.000Z" name="MAPSERVICE_Sinacofi_C18_F1_C18_FRONT::MAPSERVICE.Sinacofi_C18_F1.usuarioPrefijo" xmlVersion="1.0">
      <DmlClassName>String</DmlClassName>
      <DmlExpression>""</DmlExpression>
   </Variable>
   <Variable dmlCompatibility="2.1" id="b1d99d97-5a0c-41b2-938f-3c74978fc00b" label="" lastModified="2024-08-12T14:32:46.000Z" name="MAPSERVICE_Sinacofi_C18_F1_C18_FRONT::MAPSERVICE.Sinacofi_C18_F1.TipoArchivo" xmlVersion="1.0">
      <DmlClassName>String</DmlClassName>
      <DmlExpression>""</DmlExpression>
   </Variable>
   <Variable dmlCompatibility="2.1" id="4cd271d9-19f9-4928-a3ec-187a8f2f728f" label="" lastModified="2024-08-12T14:32:46.000Z" name="MAPSERVICE_Sinacofi_C18_F1_C18_FRONT::MAPSERVICE.Sinacofi_C18_F1.CodigoError" xmlVersion="1.0">
      <DmlClassName>String</DmlClassName>
      <DmlExpression>""</DmlExpression>
   </Variable>
   <Variable dmlCompatibility="2.1" id="b9263aa7-cfe0-4f5c-93ed-fc2a625126c2" label="" lastModified="2024-08-12T14:32:46.000Z" name="MAPSERVICE_Sinacofi_C18_F1_C18_FRONT::MAPSERVICE.Sinacofi_C18_F1.Detalles" xmlVersion="1.0">
      <DmlClassName>String</DmlClassName>
      <DmlExpression>""</DmlExpression>
   </Variable>
   <Variable dmlCompatibility="2.1" id="be1abe5b-940e-4e43-8099-40fcba76b305" label="" lastModified="2024-08-12T14:32:46.000Z" name="MAPSERVICE_Sinacofi_C18_F1_C18_FRONT::MAPSERVICE.Sinacofi_C18_F1.Detalles2" xmlVersion="1.0">
      <DmlClassName>String</DmlClassName>
      <DmlExpression>""</DmlExpression>
   </Variable>
   <Variable dmlCompatibility="2.1" id="b6db7a21-3ef3-4fb8-8233-d0654bfebf62" label="" lastModified="2024-08-12T14:32:46.000Z" name="MAPSERVICE_Sinacofi_C18_F1_C18_FRONT::MAPSERVICE.Sinacofi_C18_F1.Detalles3" xmlVersion="1.0">
      <DmlClassName>String</DmlClassName>
      <DmlExpression>""</DmlExpression>
   </Variable>
   <Variable dmlCompatibility="2.1" id="bd2edc22-ccf5-4262-9278-cef983d61675" label="" lastModified="2024-08-12T14:32:46.000Z" name="MAPSERVICE_Sinacofi_C18_F1_C18_FRONT::MAPSERVICE.Sinacofi_C18_F1.indiceLoop" xmlVersion="1.0">
      <DmlClassName>Integer</DmlClassName>
      <DmlExpression>0</DmlExpression>
   </Variable>
   <Variable dmlCompatibility="2.1" id="e6196e1c-bd99-4c11-bd74-7dcf4cd5ee52" label="" lastModified="2024-08-12T14:32:46.000Z" name="MAPSERVICE_Sinacofi_C18_F1_C18_FRONT::MAPSERVICE.Sinacofi_C18_F1.totalCED" xmlVersion="1.0">
      <DmlClassName>Integer</DmlClassName>
      <DmlExpression>0</DmlExpression>
   </Variable>
   <Variable dmlCompatibility="2.1" id="aa5c2bef-630a-4f4c-8f4e-7252357931da" label="" lastModified="2024-08-12T14:32:46.000Z" name="MAPSERVICE_Sinacofi_C18_F1_C18_FRONT::MAPSERVICE.Sinacofi_C18_F1.totalCEE" xmlVersion="1.0">
      <DmlClassName>Integer</DmlClassName>
      <DmlExpression>0</DmlExpression>
   </Variable>
   <Variable dmlCompatibility="2.1" id="fda4c6d8-7f60-4d4f-8dc3-433380b0f01e" label="" lastModified="2024-08-12T14:32:46.000Z" name="MAPSERVICE_Sinacofi_C18_F1_C18_FRONT::MAPSERVICE.Sinacofi_C18_F1.totalCEF" xmlVersion="1.0">
      <DmlClassName>Integer</DmlClassName>
      <DmlExpression>0</DmlExpression>
   </Variable>
   <Variable dmlCompatibility="2.1" id="07214a4e-bcf0-478e-9608-bc7d410ce0a6" label="" lastModified="2024-08-12T14:32:46.000Z" name="MAPSERVICE_Sinacofi_C18_F1_C18_FRONT::MAPSERVICE.Sinacofi_C18_F1.totalCEG" xmlVersion="1.0">
      <DmlClassName>Integer</DmlClassName>
      <DmlExpression>0</DmlExpression>
   </Variable>
   <Variable dmlCompatibility="2.1" id="c7efc3ee-3c52-43fb-9128-db337f2a69a6" label="" lastModified="2024-08-12T14:32:46.000Z" name="MAPSERVICE_Sinacofi_C18_F1_C18_FRONT::MAPSERVICE.Sinacofi_C18_F1.totalCEH" xmlVersion="1.0">
      <DmlClassName>Integer</DmlClassName>
      <DmlExpression>0</DmlExpression>
   </Variable>
   <Variable dmlCompatibility="2.1" id="ea6de417-8dd4-478f-a116-59a2612af288" label="" lastModified="2024-08-12T14:32:46.000Z" name="MAPSERVICE_Sinacofi_C18_F1_C18_FRONT::MAPSERVICE.Sinacofi_C18_F1.totalCEI" xmlVersion="1.0">
      <DmlClassName>Integer</DmlClassName>
      <DmlExpression>0</DmlExpression>
   </Variable>
   <Variable dmlCompatibility="2.1" id="fd1fbfc4-6da0-42f4-9593-e300f628f044" label="" lastModified="2024-08-12T14:32:46.000Z" name="MAPSERVICE_Sinacofi_C18_F1_C18_FRONT::MAPSERVICE.Sinacofi_C18_F1.totalCEK" xmlVersion="1.0">
      <DmlClassName>Integer</DmlClassName>
      <DmlExpression>0</DmlExpression>
   </Variable>
   <Variable dmlCompatibility="2.1" id="0d569f53-b945-416c-bd9f-63056e36475e" label="" lastModified="2024-08-12T14:32:46.000Z" name="MAPSERVICE_Sinacofi_C18_F1_C18_FRONT::MAPSERVICE.Sinacofi_C18_F1.debug" xmlVersion="1.0">
      <DmlClassName>String</DmlClassName>
      <DmlExpression>""</DmlExpression>
   </Variable>
   <Variable dmlCompatibility="2.1" id="68bc84be-17b1-496b-9ec8-fb15e0944690" label="" lastModified="2024-08-12T14:32:46.000Z" name="MAPSERVICE_Sinacofi_C18_F1_C18_FRONT::MAPSERVICE.Sinacofi_C18_F1.var_registro1" xmlVersion="1.0">
      <DmlClassName>Integer</DmlClassName>
      <DmlExpression>null</DmlExpression>
   </Variable>
   <Variable dmlCompatibility="2.1" id="08c5d016-b238-451b-81ec-fc19d7421b79" label="" lastModified="2024-08-12T14:32:46.000Z" name="MAPSERVICE_Sinacofi_C18_F1_C18_FRONT::MAPSERVICE.Sinacofi_C18_F1.resEstructuraValida" xmlVersion="1.0">
      <DmlClassName>String</DmlClassName>
      <DmlExpression>""</DmlExpression>
   </Variable>
   <Variable dmlCompatibility="2.1" id="92bb996d-3ed8-4dcb-bdfd-8bc6f22a2acc" label="" lastModified="2024-08-12T14:32:46.000Z" name="MAPSERVICE_Sinacofi_C18_F1_C18_FRONT::MAPSERVICE.Sinacofi_C18_F1.ValoresConcatenados" xmlVersion="1.0">
      <DmlClassName>String</DmlClassName>
      <DmlExpression>""</DmlExpression>
   </Variable>
   <Variable dmlCompatibility="2.1" id="5ad17385-d4d9-44c7-bda9-41aafc685d09" label="" lastModified="2024-08-12T14:32:46.000Z" name="MAPSERVICE_Sinacofi_C18_F1_C18_FRONT::MAPSERVICE.Sinacofi_C18_F1.resCargarCampos" xmlVersion="1.0">
      <DmlClassName>String</DmlClassName>
      <DmlExpression>""</DmlExpression>
   </Variable>
</Variables>
