<?xml version="1.0" encoding="UTF-8" standalone="no"?>
<MapBrokers xmlns:xsi="http://www.w3.org/2001/XMLSchema-instance" xsi:noNamespaceSchemaLocation="MapBrokers_2.xsd">
   <MapBroker dmlCompatibility="2.1" id="cf0945b0-28c2-4639-a6c9-bddbb3e71ab9" label="" lastModified="2024-05-29T21:44:19.000Z" name="MAPSERVICE_Sinacofi_P30_F1_P30_FRONT::MAPSERVICE.Sinacofi_P30_F1.Calcular_Cam" xmlVersion="1.0">
      <DmlMapBroker>
         <InputBusinessDocuments>
            <InputBusinessDocument>
               <BusinessDocument id="5a26c413-5426-4534-8607-9d23965d6be1">
                  <name>MAPSERVICE_Sinacofi_P30_F1_P30_FRONT::MAPSERVICE.Sinacofi_P30_F1\ArchivosEntrada.P30_Archivo_Datos</name>
                  <lastModified>2024-07-29T21:59:35.000Z</lastModified>
               </BusinessDocument>
               <Alias>in</Alias>
            </InputBusinessDocument>
         </InputBusinessDocuments>
         <DecisionPath>
            <StepMappingRule>
               <MappingRule id="1cb16b97-c668-4742-bf9c-e7da78efdc15" label="" lastModified="2024-07-29T21:59:35.000Z" name="MAPSERVICE_Sinacofi_P30_F1_P30_FRONT::MAPSERVICE.Sinacofi_P30_F1.Calcular_Campos:Calcular_Campos" xmlVersion="1.0">
                  <OutputBusinessDocument id="29b6fc93-a3f5-4ed1-bd2a-a3828141c0b1">
                     <name>MAPSERVICE_Sinacofi_P30_F1_P30_FRONT::MAPSERVICE.Sinacofi_P30_F1\Salida.P30_Caratula_Salida</name>
                     <lastModified>2024-07-29T21:59:35.000Z</lastModified>
                  </OutputBusinessDocument>
                  <MappingElement ElementReferenceId="3">
                     <Expression>
                        <DmlExpression><![CDATA[count(\Details)]]></DmlExpression>
                     </Expression>
                     <Comment/>
                  </MappingElement>
                  <MappingElement ElementReferenceId="4">
                     <Expression>
                        <DmlExpression><![CDATA[%totalPY1:= 0;
%totalPY3:= 0;
%totalPY5:= 0;
%totalPY7:= 0;
%totalPY8:= 0;
loop on \Details {
if(getSubString(this\Contenido, 1, 2) = "01" or getSubString(this\Contenido, 1, 2) = "02" )
    then{	
   		 %totalPY1:=%totalPY1+convertToI(getSubString(this\Contenido, 7,7))+convertToI(getSubString(this\Contenido, 56,7))
   		 };
 if(getSubString(this\Contenido, 1, 2) = "05" or getSubString(this\Contenido, 1, 2) = "06" )
    then{	
   		 %totalPY3:=%totalPY3+convertToI(getSubString(this\Contenido, 7,7))+convertToI(getSubString(this\Contenido, 56,7))
   		 };
  if(getSubString(this\Contenido, 1, 2) ="01"or getSubString(this\Contenido, 1, 2) ="02"or getSubString(this\Contenido, 1, 2) ="05" or getSubString(this\Contenido, 1, 2) ="06" )
    then{	
   		 %totalPY5:=%totalPY5+convertToI(getSubString(this\Contenido, 28,14))+convertToI(getSubString(this\Contenido, 42,14))
   		 };
  if(getSubString(this\Contenido, 1, 2) ="11"or getSubString(this\Contenido, 1, 2) ="12" )
    then{	
   		 %totalPY7:=%totalPY7+convertToI(getSubString(this\Contenido, 7,7))+convertToI(getSubString(this\Contenido, 56,7))
   		 };
  if(getSubString(this\Contenido, 1, 2) ="11"or getSubString(this\Contenido, 1, 2) ="12" )
    then{	
   		 %totalPY8:=%totalPY8+convertToI(getSubString(this\Contenido, 28,14))+convertToI(getSubString(this\Contenido, 42,14))
   		 }
};
%totalPY1
]]></DmlExpression>
                     </Expression>
                     <Comment/>
                  </MappingElement>
                  <MappingElement ElementReferenceId="5">
                     <Expression>
                        <DmlExpression><![CDATA[%totalPY3]]></DmlExpression>
                     </Expression>
                     <Comment/>
                  </MappingElement>
                  <MappingElement ElementReferenceId="6">
                     <Expression>
                        <DmlExpression><![CDATA[%totalPY5]]></DmlExpression>
                     </Expression>
                     <Comment/>
                  </MappingElement>
                  <MappingElement ElementReferenceId="7">
                     <Expression>
                        <DmlExpression><![CDATA[%totalPY7]]></DmlExpression>
                     </Expression>
                     <Comment/>
                  </MappingElement>
                  <MappingElement ElementReferenceId="8">
                     <Expression>
                        <DmlExpression><![CDATA[%totalPY8]]></DmlExpression>
                     </Expression>
                     <Comment/>
                  </MappingElement>
                  <MappingElement ElementReferenceId="2">
                     <Expression>
                        <DmlExpression><![CDATA[getSubString( in:\Header\Datos,7,6 )]]></DmlExpression>
                     </Expression>
                     <Comment/>
                  </MappingElement>
               </MappingRule>
               <StepOutput>
                  <OutputName>out</OutputName>
               </StepOutput>
            </StepMappingRule>
            <StepOutput>
               <OutputName>out1</OutputName>
               <InputBusinessDocumentAlias>in</InputBusinessDocumentAlias>
            </StepOutput>
            <StepOutput>
               <OutputName>out2</OutputName>
               <InputBusinessDocumentAlias>in</InputBusinessDocumentAlias>
            </StepOutput>
            <StepStep>
               <DmlExpression><![CDATA[%correlativoPrefijo:= getSubString(getAttribute( "B2BXGIReceive_ConsumptionFilename" ), 5, 8 );
setDocumentAttributeToOutput( "out1",  "B2BXGISend_ProductionFilename",%correlativoPrefijo &"_datosSalida");
setDocumentAttributeToOutput( "out2",  "B2BXGISend_ProductionFilename",getSubString(getAttribute("B2BXGIReceive_ConsumptionFilename" ), 5, 255) + getAttribute( "B2BXGIReceive_ConsumptionExtension"))]]></DmlExpression>
            </StepStep>
         </DecisionPath>
      </DmlMapBroker>
   </MapBroker>
</MapBrokers>
