<?xml version="1.0" encoding="UTF-8" standalone="no"?>
<Container xmlns:xsi="http://www.w3.org/2001/XMLSchema-instance" id="8bdc10bf-6c2b-4168-a36e-8b21e0f9088c" name="Sinacofi_D51_F1_D51_FRONT" version="8" xsi:noNamespaceSchemaLocation="Container.xsd">
   <longDescription>   </longDescription>
   <generatedBy/>
   <generationDate>2024-09-24T18:36:52.000Z</generationDate>
   <shortDescription/>
   <Contents>
      <Product name="Integrator" version="3.7.0"/>
      <Product name="MapDesigner" version="2.5.0"/>
   </Contents>
</Container>
