<?xml version="1.0" encoding="UTF-8" standalone="no"?>
<MapBrokers xmlns:xsi="http://www.w3.org/2001/XMLSchema-instance" xsi:noNamespaceSchemaLocation="MapBrokers_2.xsd">
   <MapBroker dmlCompatibility="2.1" id="87de3201-fbc0-45c0-b49e-a0db9f2214b4" label="" lastModified="2024-04-03T15:52:15.000Z" name="MAPSERVICE_Sinacofi_MR4_MR4_FT3::MAPSERVICE.Sinacofi_MR4.Main_Block_Entrada" xmlVersion="1.0">
      <DmlMapBroker>
         <InputBusinessDocuments>
            <InputBusinessDocument>
               <BusinessDocument id="1ed15ef0-ddbf-4dd3-a94d-0a1b6ce9f72a">
                  <name>MAPSERVICE_Sinacofi_MR4_MR4_FT3::MAPSERVICE.Sinacofi_MR4.XSD_IN</name>
                  <lastModified>2024-04-05T20:03:30.000Z</lastModified>
               </BusinessDocument>
               <Alias>in1</Alias>
            </InputBusinessDocument>
         </InputBusinessDocuments>
         <DecisionPath>
            <StepStep>
               <DmlExpression><![CDATA[%Sinacofi_MR4.correlativoPrefijo:= getSubString(getAttribute( "B2BXGIReceive_ConsumptionFilename" ), 5, 8 )]]></DmlExpression>
            </StepStep>
            <StepIf>
               <DmlExpression><![CDATA[in1:\inbound\Datos <> null]]></DmlExpression>
               <StepParse>
                  <DmlExpression><![CDATA[convertToV(in1:\inbound\Datos)]]></DmlExpression>
                  <BusinessDocument id="5a26c413-5426-4534-8607-9d23965d6be1">
                     <name>MAPSERVICE_Sinacofi_MR4_MR4_FT3::MAPSERVICE.Sinacofi_MR4\ArchivosEntrada.MR4_Archivo_Datos</name>
                     <lastModified>2024-04-05T20:03:30.000Z</lastModified>
                  </BusinessDocument>
                  <StepOutput>
                     <OutputName>out</OutputName>
                  </StepOutput>
               </StepParse>
            </StepIf>
            <StepElse>
               <StepParse>
                  <DmlExpression><![CDATA[convertToV(in1:\inbound\Datos1&"\n"&in1:\inbound\Datos2&"\n"&in1:\inbound\Datos3&"\n"&in1:\inbound\Datos4&"\n"&in1:\inbound\Datos5&"\n"&in1:\inbound\Datos6)]]></DmlExpression>
                  <BusinessDocument id="5a26c413-5426-4534-8607-9d23965d6be1">
                     <name>MAPSERVICE_Sinacofi_MR4_MR4_FT3::MAPSERVICE.Sinacofi_MR4\ArchivosEntrada.MR4_Archivo_Datos</name>
                     <lastModified>2024-04-05T20:03:30.000Z</lastModified>
                  </BusinessDocument>
                  <StepOutput>
                     <OutputName>out1</OutputName>
                  </StepOutput>
               </StepParse>
            </StepElse>
            <StepParse>
               <DmlExpression><![CDATA[convertToV(in1:\inbound\Caratula)]]></DmlExpression>
               <BusinessDocument id="fec8e594-9782-4831-af7e-6f7245a4cda4">
                  <name>MAPSERVICE_Sinacofi_MR4_MR4_FT3::MAPSERVICE.Sinacofi_MR4\ArchivosMomentaneos.MR4_CAR_Existe_Val</name>
                  <lastModified>2024-04-19T16:05:14.000Z</lastModified>
               </BusinessDocument>
               <StepOutput>
                  <OutputName>out3</OutputName>
               </StepOutput>
            </StepParse>
            <StepParse>
               <DmlExpression><![CDATA[convertToV(in1:\inbound\ControlDatos)]]></DmlExpression>
               <BusinessDocument id="ac9f6858-7478-4b5f-af07-ca8390823f9b">
                  <name>MAPSERVICE_Sinacofi_MR4_MR4_FT3::MAPSERVICE.Sinacofi_MR4\ArchivosMomentaneos.MR4_Control_Datos_Val</name>
                  <lastModified>2024-04-19T16:05:14.000Z</lastModified>
               </BusinessDocument>
               <StepOutput>
                  <OutputName>out4</OutputName>
               </StepOutput>
            </StepParse>
            <StepMappingRule>
               <MappingRule id="5055687b-467a-45bb-bf3d-6f0163b21156" label="" lastModified="2024-04-05T20:03:30.000Z" name="MAPSERVICE_Sinacofi_MR4_MR4_FT3::MAPSERVICE.Sinacofi_MR4.XmlAFlat:XmlAFlat" xmlVersion="1.0">
                  <OutputBusinessDocument id="4f0d7803-30e5-434d-9c86-44f02c2d13f5">
                     <name>MAPSERVICE_Sinacofi_MR4_MR4_FT3::MAPSERVICE.Sinacofi_MR4\ArchivosMomentaneos.Auxiliar</name>
                     <lastModified>2024-04-05T20:03:30.000Z</lastModified>
                  </OutputBusinessDocument>
                  <MappingElement ElementReferenceId="2">
                     <Expression>
                        <DmlExpression><![CDATA[in1:\inbound\NA]]></DmlExpression>
                     </Expression>
                     <Comment/>
                  </MappingElement>
                  <MappingElement ElementReferenceId="3">
                     <Expression>
                        <DmlExpression><![CDATA[in1:\inbound\ControlCaratula]]></DmlExpression>
                     </Expression>
                     <Comment/>
                  </MappingElement>
               </MappingRule>
               <StepOutput>
                  <OutputName>out2</OutputName>
               </StepOutput>
            </StepMappingRule>
         </DecisionPath>
      </DmlMapBroker>
   </MapBroker>
</MapBrokers>
