{
  "born-on" : "2024-09-27T10:52:18-0300",
  "beans" : [ {
    "@class" : "ComponentBean",
    "resourceName" : "MAPSERVICE.Sinacofi_T01_F1.T01_FRONT",
    "resourceAbsFilePath" : "",
    "resourceType" : "3",
    "componentId" : "10209004",
    "processingStepEnabled" : true,
    "processingStepName" : "Component_T01_F1",
    "processingStepType" : "Map",
    "processingStepAddOutput" : false,
    "configurations" : "null/10209004/configurations",
    "@id" : "10210504",
    "configuration-defs" : [ {
      "name" : "Input",
      "type" : "1",
      "description" : "Input parameters",
      "arguments" : null,
      "@id" : "10209517",
      "argument-defs" : [ {
        "name" : "Input Format",
        "type" : "b2bx.server.EnumParameter",
        "notEqualTo" : null,
        "value" : "0",
        "editable" : true,
        "@id" : "10210065"
      }, {
        "name" : "Detector mode",
        "type" : "java.lang.Boolean",
        "notEqualTo" : null,
        "value" : null,
        "editable" : false,
        "@id" : "10210066"
      }, {
        "name" : "Check facet on input",
        "type" : "java.lang.Boolean",
        "notEqualTo" : null,
        "value" : null,
        "editable" : false,
        "@id" : "10210067"
      }, {
        "name" : "Check facet on output",
        "type" : "java.lang.Boolean",
        "notEqualTo" : null,
        "value" : null,
        "editable" : false,
        "@id" : "10210068"
      }, {
        "name" : "Accept input documents with errors",
        "type" : "java.lang.Boolean",
        "notEqualTo" : null,
        "value" : null,
        "editable" : false,
        "@id" : "10210069"
      }, {
        "name" : "Action when no output created by flow",
        "type" : "b2bx.server.EnumParameter",
        "notEqualTo" : null,
        "value" : "4",
        "editable" : true,
        "@id" : "10210070"
      }, {
        "name" : "Debug",
        "type" : "java.lang.Boolean",
        "notEqualTo" : null,
        "value" : null,
        "editable" : false,
        "@id" : "10210071"
      } ]
    }, {
      "name" : "Backup",
      "type" : "2",
      "description" : "Output parameters",
      "arguments" : null,
      "@id" : "10209518",
      "argument-defs" : [ {
        "name" : "Output Format",
        "type" : "b2bx.server.EnumParameter",
        "notEqualTo" : null,
        "value" : "0",
        "editable" : true,
        "@id" : "10210072"
      }, {
        "name" : "Accept output documents with errors",
        "type" : "java.lang.Boolean",
        "notEqualTo" : null,
        "value" : null,
        "editable" : false,
        "@id" : "10210073"
      }, {
        "name" : "Action when no output created",
        "type" : "b2bx.server.EnumParameter",
        "notEqualTo" : null,
        "value" : "2",
        "editable" : true,
        "@id" : "10210074"
      }, {
        "name" : "Version",
        "type" : "b2bx.server.EnumParameter",
        "notEqualTo" : null,
        "value" : "",
        "editable" : true,
        "@id" : "10210075"
      } ]
    }, {
      "name" : "Salida",
      "type" : "2",
      "description" : "Output parameters",
      "arguments" : null,
      "@id" : "10209519",
      "argument-defs" : [ {
        "name" : "Output Format",
        "type" : "b2bx.server.EnumParameter",
        "notEqualTo" : null,
        "value" : "0",
        "editable" : true,
        "@id" : "10210076"
      }, {
        "name" : "Accept output documents with errors",
        "type" : "java.lang.Boolean",
        "notEqualTo" : null,
        "value" : null,
        "editable" : false,
        "@id" : "10210077"
      }, {
        "name" : "Action when no output created",
        "type" : "b2bx.server.EnumParameter",
        "notEqualTo" : null,
        "value" : "2",
        "editable" : true,
        "@id" : "10210078"
      }, {
        "name" : "Version",
        "type" : "b2bx.server.EnumParameter",
        "notEqualTo" : null,
        "value" : "",
        "editable" : true,
        "@id" : "10210079"
      } ]
    }, {
      "name" : "Channel",
      "type" : "9",
      "description" : "Connection parameters",
      "arguments" : null,
      "@id" : "10209520",
      "argument-defs" : [ {
        "name" : "Connection",
        "type" : "b2bx.server.LocalObjectParameter",
        "notEqualTo" : null,
        "value" : "Oracle_MFT",
        "editable" : true,
        "@id" : "10210080"
      } ]
    } ]
  }, {
    "@class" : "ComponentBean",
    "resourceName" : "MAPSERVICE.Sinacofi_P72_F1.P72_FRONT",
    "resourceAbsFilePath" : "",
    "resourceType" : "3",
    "componentId" : "10209003",
    "processingStepEnabled" : true,
    "processingStepName" : "Component_P72_F1",
    "processingStepType" : "Map",
    "processingStepAddOutput" : false,
    "configurations" : "null/10209003/configurations",
    "@id" : "10210503",
    "configuration-defs" : [ {
      "name" : "Input",
      "type" : "1",
      "description" : "Input parameters",
      "arguments" : null,
      "@id" : "10209513",
      "argument-defs" : [ {
        "name" : "Input Format",
        "type" : "b2bx.server.EnumParameter",
        "notEqualTo" : null,
        "value" : "0",
        "editable" : true,
        "@id" : "10210049"
      }, {
        "name" : "Detector mode",
        "type" : "java.lang.Boolean",
        "notEqualTo" : null,
        "value" : null,
        "editable" : false,
        "@id" : "10210050"
      }, {
        "name" : "Check facet on input",
        "type" : "java.lang.Boolean",
        "notEqualTo" : null,
        "value" : null,
        "editable" : false,
        "@id" : "10210051"
      }, {
        "name" : "Check facet on output",
        "type" : "java.lang.Boolean",
        "notEqualTo" : null,
        "value" : null,
        "editable" : false,
        "@id" : "10210052"
      }, {
        "name" : "Accept input documents with errors",
        "type" : "java.lang.Boolean",
        "notEqualTo" : null,
        "value" : null,
        "editable" : false,
        "@id" : "10210053"
      }, {
        "name" : "Action when no output created by flow",
        "type" : "b2bx.server.EnumParameter",
        "notEqualTo" : null,
        "value" : "4",
        "editable" : true,
        "@id" : "10210054"
      }, {
        "name" : "Debug",
        "type" : "java.lang.Boolean",
        "notEqualTo" : null,
        "value" : null,
        "editable" : false,
        "@id" : "10210055"
      } ]
    }, {
      "name" : "Backup",
      "type" : "2",
      "description" : "Output parameters",
      "arguments" : null,
      "@id" : "10209514",
      "argument-defs" : [ {
        "name" : "Output Format",
        "type" : "b2bx.server.EnumParameter",
        "notEqualTo" : null,
        "value" : "0",
        "editable" : true,
        "@id" : "10210056"
      }, {
        "name" : "Accept output documents with errors",
        "type" : "java.lang.Boolean",
        "notEqualTo" : null,
        "value" : null,
        "editable" : false,
        "@id" : "10210057"
      }, {
        "name" : "Action when no output created",
        "type" : "b2bx.server.EnumParameter",
        "notEqualTo" : null,
        "value" : "2",
        "editable" : true,
        "@id" : "10210058"
      }, {
        "name" : "Version",
        "type" : "b2bx.server.EnumParameter",
        "notEqualTo" : null,
        "value" : "",
        "editable" : true,
        "@id" : "10210059"
      } ]
    }, {
      "name" : "Salida",
      "type" : "2",
      "description" : "Output parameters",
      "arguments" : null,
      "@id" : "10209515",
      "argument-defs" : [ {
        "name" : "Output Format",
        "type" : "b2bx.server.EnumParameter",
        "notEqualTo" : null,
        "value" : "0",
        "editable" : true,
        "@id" : "10210060"
      }, {
        "name" : "Accept output documents with errors",
        "type" : "java.lang.Boolean",
        "notEqualTo" : null,
        "value" : null,
        "editable" : false,
        "@id" : "10210061"
      }, {
        "name" : "Action when no output created",
        "type" : "b2bx.server.EnumParameter",
        "notEqualTo" : null,
        "value" : "2",
        "editable" : true,
        "@id" : "10210062"
      }, {
        "name" : "Version",
        "type" : "b2bx.server.EnumParameter",
        "notEqualTo" : null,
        "value" : "",
        "editable" : true,
        "@id" : "10210063"
      } ]
    }, {
      "name" : "Channel",
      "type" : "9",
      "description" : "Connection parameters",
      "arguments" : null,
      "@id" : "10209516",
      "argument-defs" : [ {
        "name" : "Connection",
        "type" : "b2bx.server.LocalObjectParameter",
        "notEqualTo" : null,
        "value" : "Oracle_MFT",
        "editable" : true,
        "@id" : "10210064"
      } ]
    } ]
  } ],
  "container-version" : "26.11.1 951d5bfb",
  "count" : 2,
  "version" : "1.0"
}