<?xml version="1.0" encoding="UTF-8" standalone="no"?>
<Container xmlns:xsi="http://www.w3.org/2001/XMLSchema-instance" id="badf0371-d9d9-4c04-b1b9-8058aeed919b" name="Sinacofi_D10_D10_FT3" version="37" xsi:noNamespaceSchemaLocation="Container.xsd">
   <longDescription/>
   <generatedBy/>
   <generationDate>2024-10-02T14:03:05.000Z</generationDate>
   <shortDescription/>
   <Contents>
      <Product name="Integrator" version="3.7.0"/>
      <Product name="MapDesigner" version="2.5.0"/>
   </Contents>
</Container>
