<?xml version="1.0" encoding="UTF-8" standalone="no"?>
<Variables xmlns:xsi="http://www.w3.org/2001/XMLSchema-instance" xsi:noNamespaceSchemaLocation="Variables.xsd">
   <Variable dmlCompatibility="2.1" id="bffa50fa-e420-420e-9aba-2e7d84c1C469" label="" lastModified="2024-10-01T21:37:42.000Z" name="MAPSERVICE_Sinacofi_D10_D10_FT3::MAPSERVICE.Sinacofi_D10.correlativoPrefijo" xmlVersion="1.0">
      <DmlClassName>String</DmlClassName>
      <DmlExpression>""</DmlExpression>
   </Variable>
   <Variable dmlCompatibility="2.1" id="2bf5fc3a-ce1e-460c-aa4d-39dd9151a376" label="" lastModified="2024-10-01T21:37:42.000Z" name="MAPSERVICE_Sinacofi_D10_D10_FT3::MAPSERVICE.Sinacofi_D10.indice" xmlVersion="1.0">
      <DmlClassName>Integer</DmlClassName>
      <DmlExpression>0</DmlExpression>
   </Variable>
   <Variable dmlCompatibility="2.1" id="64d94ac3-e932-412f-ac04-aa52e6ac4e0a" label="" lastModified="2024-10-01T21:37:42.000Z" name="MAPSERVICE_Sinacofi_D10_D10_FT3::MAPSERVICE.Sinacofi_D10.indice2" xmlVersion="1.0">
      <DmlClassName>Integer</DmlClassName>
      <DmlExpression>0</DmlExpression>
   </Variable>
   <Variable dmlCompatibility="2.1" id="466e713d-9c27-4748-9af3-5ec2ae20bcfc" label="" lastModified="2024-10-01T21:37:42.000Z" name="MAPSERVICE_Sinacofi_D10_D10_FT3::MAPSERVICE.Sinacofi_D10.indice3" xmlVersion="1.0">
      <DmlClassName>Integer</DmlClassName>
      <DmlExpression>0</DmlExpression>
   </Variable>
   <Variable dmlCompatibility="2.1" id="39a1f647-5bf9-474b-9625-33cf6f8bf9fe" label="" lastModified="2024-10-01T21:37:42.000Z" name="MAPSERVICE_Sinacofi_D10_D10_FT3::MAPSERVICE.Sinacofi_D10.tipoDocumentoPrefijo" xmlVersion="1.0">
      <DmlClassName>String</DmlClassName>
      <DmlExpression>""</DmlExpression>
   </Variable>
   <Variable dmlCompatibility="2.1" id="ff84c037-fb9f-49f4-b8f3-b258ed4827dc" label="" lastModified="2024-10-01T21:37:42.000Z" name="MAPSERVICE_Sinacofi_D10_D10_FT3::MAPSERVICE.Sinacofi_D10.usuarioNAPrefijo" xmlVersion="1.0">
      <DmlClassName>String</DmlClassName>
      <DmlExpression>""</DmlExpression>
   </Variable>
   <Variable dmlCompatibility="2.1" id="9e755733-aafa-493f-a824-605c9ca81a89" label="" lastModified="2024-10-01T21:37:42.000Z" name="MAPSERVICE_Sinacofi_D10_D10_FT3::MAPSERVICE.Sinacofi_D10.usuarioPrefijo" xmlVersion="1.0">
      <DmlClassName>String</DmlClassName>
      <DmlExpression>""</DmlExpression>
   </Variable>
   <Variable dmlCompatibility="2.1" id="d1af0226-4bc5-44ba-ac4c-ee0f7a8b1c96" label="" lastModified="2024-10-01T21:37:42.000Z" name="MAPSERVICE_Sinacofi_D10_D10_FT3::MAPSERVICE.Sinacofi_D10.ConcatenarCampos" xmlVersion="1.0">
      <DmlClassName>String</DmlClassName>
      <DmlExpression>""</DmlExpression>
   </Variable>
   <Variable dmlCompatibility="2.1" id="a690416a-810b-4863-b21a-7607120f30fb" label="" lastModified="2024-10-01T21:37:42.000Z" name="MAPSERVICE_Sinacofi_D10_D10_FT3::MAPSERVICE.Sinacofi_D10.NombreArchivo" xmlVersion="1.0">
      <DmlClassName>String</DmlClassName>
      <DmlExpression>""</DmlExpression>
   </Variable>
   <Variable dmlCompatibility="2.1" id="b1d99d97-5a0c-41b2-938f-3c74978fc00b" label="" lastModified="2024-10-01T21:37:42.000Z" name="MAPSERVICE_Sinacofi_D10_D10_FT3::MAPSERVICE.Sinacofi_D10.TipoArchivo" xmlVersion="1.0">
      <DmlClassName>String</DmlClassName>
      <DmlExpression>""</DmlExpression>
   </Variable>
   <Variable dmlCompatibility="2.1" id="bd2edc22-ccf5-4262-9278-cef983d61675" label="" lastModified="2024-10-01T21:37:42.000Z" name="MAPSERVICE_Sinacofi_D10_D10_FT3::MAPSERVICE.Sinacofi_D10.indiceLoop" xmlVersion="1.0">
      <DmlClassName>Integer</DmlClassName>
      <DmlExpression>0</DmlExpression>
   </Variable>
   <Variable dmlCompatibility="2.1" id="924b31a1-5f09-4db5-96a5-ada817c2a2a9" label="" lastModified="2024-10-01T21:37:42.000Z" name="MAPSERVICE_Sinacofi_D10_D10_FT3::MAPSERVICE.Sinacofi_D10.msg2" xmlVersion="1.0">
      <DmlClassName>String</DmlClassName>
      <DmlExpression>""</DmlExpression>
   </Variable>
   <Variable dmlCompatibility="2.1" id="08c5d016-b238-451b-81ec-fc19d7421b79" label="" lastModified="2024-10-01T21:37:42.000Z" name="MAPSERVICE_Sinacofi_D10_D10_FT3::MAPSERVICE.Sinacofi_D10.resEstructuraValida" xmlVersion="1.0">
      <DmlClassName>String</DmlClassName>
      <DmlExpression>""</DmlExpression>
   </Variable>
   <Variable dmlCompatibility="2.1" id="611fa8e6-e9c4-4ac2-a44b-596b3de5465e" label="" lastModified="2024-10-01T21:37:42.000Z" name="MAPSERVICE_Sinacofi_D10_D10_FT3::MAPSERVICE.Sinacofi_D10.var_error1" xmlVersion="1.0">
      <DmlClassName>String</DmlClassName>
      <DmlExpression>""</DmlExpression>
   </Variable>
   <Variable dmlCompatibility="2.1" id="0a8d7589-9080-4C46-a272-fad0fa82bc02" label="" lastModified="2024-10-01T21:37:42.000Z" name="MAPSERVICE_Sinacofi_D10_D10_FT3::MAPSERVICE.Sinacofi_D10.CodigoBanco" xmlVersion="1.0">
      <DmlClassName>String</DmlClassName>
      <DmlExpression>""</DmlExpression>
   </Variable>
   <Variable dmlCompatibility="2.1" id="4cd271d9-19f9-4928-a3ec-187a8f2f728f" label="" lastModified="2024-10-01T21:37:42.000Z" name="MAPSERVICE_Sinacofi_D10_D10_FT3::MAPSERVICE.Sinacofi_D10.CodigoError" xmlVersion="1.0">
      <DmlClassName>String</DmlClassName>
      <DmlExpression>""</DmlExpression>
   </Variable>
   <Variable dmlCompatibility="2.1" id="74f27808-3eb9-403a-a1aa-c07e1b91a652" label="" lastModified="2024-10-01T21:37:42.000Z" name="MAPSERVICE_Sinacofi_D10_D10_FT3::MAPSERVICE.Sinacofi_D10.SizeFile" xmlVersion="1.0">
      <DmlClassName>Integer</DmlClassName>
      <DmlExpression>0</DmlExpression>
   </Variable>
   <Variable dmlCompatibility="2.1" id="91106d0f-b9be-46f9-b21c-0ad1645764dd" label="" lastModified="2024-10-01T21:37:42.000Z" name="MAPSERVICE_Sinacofi_D10_D10_FT3::MAPSERVICE.Sinacofi_D10.CapturaCampoCar" xmlVersion="1.0">
      <DmlClassName>String</DmlClassName>
      <DmlExpression>""</DmlExpression>
   </Variable>
   <Variable dmlCompatibility="2.1" id="6ebaff8d-bd56-4a30-8665-c1eb4e80c4b6" label="" lastModified="2024-10-01T21:37:42.000Z" name="MAPSERVICE_Sinacofi_D10_D10_FT3::MAPSERVICE.Sinacofi_D10.CamposConcatenados" xmlVersion="1.0">
      <DmlClassName>String</DmlClassName>
      <DmlExpression>""</DmlExpression>
   </Variable>
   <Variable dmlCompatibility="2.1" id="d59b9abe-9a0f-4822-83be-7c0cd4dbf022" label="" lastModified="2024-10-01T21:37:42.000Z" name="MAPSERVICE_Sinacofi_D10_D10_FT3::MAPSERVICE.Sinacofi_D10.ValoresConcatenados" xmlVersion="1.0">
      <DmlClassName>String</DmlClassName>
      <DmlExpression>""</DmlExpression>
   </Variable>
   <Variable dmlCompatibility="2.1" id="ed2d344c-db99-42f1-a8a2-30fe9fcf127d" label="" lastModified="2024-10-01T21:37:42.000Z" name="MAPSERVICE_Sinacofi_D10_D10_FT3::MAPSERVICE.Sinacofi_D10.subCampo34" xmlVersion="1.0">
      <DmlClassName>String</DmlClassName>
      <DmlExpression>""</DmlExpression>
   </Variable>
   <Variable dmlCompatibility="2.1" id="e9ddd7ba-93ff-48fe-88f2-d5e7c5f1c365" label="" lastModified="2024-10-01T21:37:42.000Z" name="MAPSERVICE_Sinacofi_D10_D10_FT3::MAPSERVICE.Sinacofi_D10.campoPA1" xmlVersion="1.0">
      <DmlClassName>String</DmlClassName>
      <DmlExpression>""</DmlExpression>
   </Variable>
   <Variable dmlCompatibility="2.1" id="41dcda02-36f0-48f3-b054-aa5be9d176e1" label="" lastModified="2024-10-01T21:37:42.000Z" name="MAPSERVICE_Sinacofi_D10_D10_FT3::MAPSERVICE.Sinacofi_D10.campoCGP" xmlVersion="1.0">
      <DmlClassName>String</DmlClassName>
      <DmlExpression>""</DmlExpression>
   </Variable>
   <Variable dmlCompatibility="2.1" id="c17bf79e-4e08-4c4b-83db-bfdc745f7400" label="" lastModified="2024-10-01T21:37:42.000Z" name="MAPSERVICE_Sinacofi_D10_D10_FT3::MAPSERVICE.Sinacofi_D10.campoCGQ" xmlVersion="1.0">
      <DmlClassName>String</DmlClassName>
      <DmlExpression>""</DmlExpression>
   </Variable>
   <Variable dmlCompatibility="2.1" id="d55c0793-81c1-4ead-8064-560edd389476" label="" lastModified="2024-10-01T21:37:42.000Z" name="MAPSERVICE_Sinacofi_D10_D10_FT3::MAPSERVICE.Sinacofi_D10.campoCGS" xmlVersion="1.0">
      <DmlClassName>String</DmlClassName>
      <DmlExpression>""</DmlExpression>
   </Variable>
   <Variable dmlCompatibility="2.1" id="6c06eca3-e416-4564-a0a4-07bc93266c43" label="" lastModified="2024-10-01T21:37:42.000Z" name="MAPSERVICE_Sinacofi_D10_D10_FT3::MAPSERVICE.Sinacofi_D10.campoCGT" xmlVersion="1.0">
      <DmlClassName>String</DmlClassName>
      <DmlExpression>""</DmlExpression>
   </Variable>
   <Variable dmlCompatibility="2.1" id="fce48ecc-0191-43d1-8a9f-71b6bee363ff" label="" lastModified="2024-10-01T21:37:42.000Z" name="MAPSERVICE_Sinacofi_D10_D10_FT3::MAPSERVICE.Sinacofi_D10.campoCGV" xmlVersion="1.0">
      <DmlClassName>String</DmlClassName>
      <DmlExpression>""</DmlExpression>
   </Variable>
   <Variable dmlCompatibility="2.1" id="df80144f-4a71-45a3-8308-7bde6dca5fad" label="" lastModified="2024-10-01T21:37:42.000Z" name="MAPSERVICE_Sinacofi_D10_D10_FT3::MAPSERVICE.Sinacofi_D10.campoCGW" xmlVersion="1.0">
      <DmlClassName>String</DmlClassName>
      <DmlExpression>""</DmlExpression>
   </Variable>
   <Variable dmlCompatibility="2.1" id="9e08c5e8-4dc6-46c4-b07e-70a0d91e204f" label="" lastModified="2024-10-01T21:37:42.000Z" name="MAPSERVICE_Sinacofi_D10_D10_FT3::MAPSERVICE.Sinacofi_D10.campoCGX" xmlVersion="1.0">
      <DmlClassName>String</DmlClassName>
      <DmlExpression>""</DmlExpression>
   </Variable>
   <Variable dmlCompatibility="2.1" id="8a4a64bf-b8fd-4b7e-a55b-1e757f7acda8" label="" lastModified="2024-10-01T21:37:42.000Z" name="MAPSERVICE_Sinacofi_D10_D10_FT3::MAPSERVICE.Sinacofi_D10.campoCGY" xmlVersion="1.0">
      <DmlClassName>String</DmlClassName>
      <DmlExpression>""</DmlExpression>
   </Variable>
   <Variable dmlCompatibility="2.1" id="0123cbea-f946-49e5-bef1-07b483271219" label="" lastModified="2024-10-01T21:37:42.000Z" name="MAPSERVICE_Sinacofi_D10_D10_FT3::MAPSERVICE.Sinacofi_D10.campoCGZ" xmlVersion="1.0">
      <DmlClassName>String</DmlClassName>
      <DmlExpression>""</DmlExpression>
   </Variable>
   <Variable dmlCompatibility="2.1" id="3bcc8417-5381-4b3a-8a66-3c63b6057f0e" label="" lastModified="2024-10-01T21:37:42.000Z" name="MAPSERVICE_Sinacofi_D10_D10_FT3::MAPSERVICE.Sinacofi_D10.campoCIA" xmlVersion="1.0">
      <DmlClassName>String</DmlClassName>
      <DmlExpression>""</DmlExpression>
   </Variable>
   <Variable dmlCompatibility="2.1" id="7e4fcbcd-df8e-43dd-a166-e9b036cd7558" label="" lastModified="2024-10-01T21:37:42.000Z" name="MAPSERVICE_Sinacofi_D10_D10_FT3::MAPSERVICE.Sinacofi_D10.campoCIB" xmlVersion="1.0">
      <DmlClassName>String</DmlClassName>
      <DmlExpression>""</DmlExpression>
   </Variable>
   <Variable dmlCompatibility="2.1" id="f2cac2dd-8f2d-469f-a5e1-4a583fee00f2" label="" lastModified="2024-10-01T21:37:42.000Z" name="MAPSERVICE_Sinacofi_D10_D10_FT3::MAPSERVICE.Sinacofi_D10.campoCIC" xmlVersion="1.0">
      <DmlClassName>String</DmlClassName>
      <DmlExpression>""</DmlExpression>
   </Variable>
   <Variable dmlCompatibility="2.1" id="d0bf2b28-215f-463f-b62a-8e67149d93fd" label="" lastModified="2024-10-01T21:37:42.000Z" name="MAPSERVICE_Sinacofi_D10_D10_FT3::MAPSERVICE.Sinacofi_D10.campoCID" xmlVersion="1.0">
      <DmlClassName>String</DmlClassName>
      <DmlExpression>""</DmlExpression>
   </Variable>
   <Variable dmlCompatibility="2.1" id="060d8068-51da-48e1-a978-83e791980e0a" label="" lastModified="2024-10-01T21:37:42.000Z" name="MAPSERVICE_Sinacofi_D10_D10_FT3::MAPSERVICE.Sinacofi_D10.campoCHW" xmlVersion="1.0">
      <DmlClassName>String</DmlClassName>
      <DmlExpression>""</DmlExpression>
   </Variable>
   <Variable dmlCompatibility="2.1" id="f3614b3d-b2fa-4191-bc84-5c73b3e765c0" label="" lastModified="2024-10-01T21:37:42.000Z" name="MAPSERVICE_Sinacofi_D10_D10_FT3::MAPSERVICE.Sinacofi_D10.campoCHY" xmlVersion="1.0">
      <DmlClassName>String</DmlClassName>
      <DmlExpression>""</DmlExpression>
   </Variable>
   <Variable dmlCompatibility="2.1" id="0f95342b-ee7a-44ee-a48c-4db2a0d40e6c" label="" lastModified="2024-10-01T21:37:42.000Z" name="MAPSERVICE_Sinacofi_D10_D10_FT3::MAPSERVICE.Sinacofi_D10.CasillaDestino" xmlVersion="1.0">
      <DmlClassName>String</DmlClassName>
      <DmlExpression>""</DmlExpression>
   </Variable>
   <Variable dmlCompatibility="2.1" id="674a2843-0eaf-47ba-95b3-b7f46bbd31f5" label="" lastModified="2024-10-01T21:37:42.000Z" name="MAPSERVICE_Sinacofi_D10_D10_FT3::MAPSERVICE.Sinacofi_D10.Destino" xmlVersion="1.0">
      <DmlClassName>String</DmlClassName>
      <DmlExpression>""</DmlExpression>
   </Variable>
   <Variable dmlCompatibility="2.1" id="9d7c92bf-6a5b-4732-ba73-2c075c6fe230" label="" lastModified="2024-10-01T21:37:42.000Z" name="MAPSERVICE_Sinacofi_D10_D10_FT3::MAPSERVICE.Sinacofi_D10.MovimientoProcesado" xmlVersion="1.0">
      <DmlClassName>String</DmlClassName>
      <DmlExpression>""</DmlExpression>
   </Variable>
   <Variable dmlCompatibility="2.1" id="a0303647-d463-48ec-842f-cfad18ab8726" label="" lastModified="2024-10-01T21:37:42.000Z" name="MAPSERVICE_Sinacofi_D10_D10_FT3::MAPSERVICE.Sinacofi_D10.Correlativo" xmlVersion="1.0">
      <DmlClassName>Integer</DmlClassName>
      <DmlExpression>0</DmlExpression>
   </Variable>
   <Variable dmlCompatibility="2.1" id="6a25112f-e4e2-4f1a-b883-8328764e9f4a" label="" lastModified="2024-10-01T21:37:42.000Z" name="MAPSERVICE_Sinacofi_D10_D10_FT3::MAPSERVICE.Sinacofi_D10.CasillaOrigen" xmlVersion="1.0">
      <DmlClassName>String</DmlClassName>
      <DmlExpression>""</DmlExpression>
   </Variable>
   <Variable dmlCompatibility="2.1" id="be04bed8-fba8-4bb9-a775-eb1df9bf7691" label="" lastModified="2024-10-01T21:37:42.000Z" name="MAPSERVICE_Sinacofi_D10_D10_FT3::MAPSERVICE.Sinacofi_D10.nombreSalida" xmlVersion="1.0">
      <DmlClassName>String</DmlClassName>
      <DmlExpression>""</DmlExpression>
   </Variable>
   <Variable dmlCompatibility="2.1" id="a980b8d2-479d-43da-892d-e78a67999afa" label="" lastModified="2024-10-01T21:37:42.000Z" name="MAPSERVICE_Sinacofi_D10_D10_FT3::MAPSERVICE.Sinacofi_D10.glosa" xmlVersion="1.0">
      <DmlClassName>String</DmlClassName>
      <DmlExpression>""</DmlExpression>
   </Variable>
   <Variable dmlCompatibility="2.1" id="0d569f53-b945-416c-bd9f-63056e36475e" label="" lastModified="2024-10-01T21:37:42.000Z" name="MAPSERVICE_Sinacofi_D10_D10_FT3::MAPSERVICE.Sinacofi_D10.debug" xmlVersion="1.0">
      <DmlClassName>String</DmlClassName>
      <DmlExpression>""</DmlExpression>
   </Variable>
   <Variable dmlCompatibility="2.1" id="68bc84be-17b1-496b-9ec8-fb15e0944690" label="" lastModified="2024-10-01T21:37:42.000Z" name="MAPSERVICE_Sinacofi_D10_D10_FT3::MAPSERVICE.Sinacofi_D10.var_registro1" xmlVersion="1.0">
      <DmlClassName>Integer</DmlClassName>
      <DmlExpression>null</DmlExpression>
   </Variable>
</Variables>
