<?xml version="1.0" encoding="UTF-8" standalone="no"?>
<Variables xmlns:xsi="http://www.w3.org/2001/XMLSchema-instance" xsi:noNamespaceSchemaLocation="Variables.xsd">
   <Variable dmlCompatibility="2.1" id="611fa8e6-e9c4-4ac2-a44b-596b3de5465e" label="" lastModified="2024-08-30T13:25:44.000Z" name="MAPSERVICE_Sinacofi_D10_F1_D10_FRONT::MAPSERVICE.Sinacofi_D10_F1.var_error1" xmlVersion="1.0">
      <DmlClassName>String</DmlClassName>
      <DmlExpression>""</DmlExpression>
   </Variable>
   <Variable dmlCompatibility="2.1" id="bffa50fa-e420-420e-9aba-2e7d84c1I069" label="" lastModified="2024-08-30T13:25:44.000Z" name="MAPSERVICE_Sinacofi_D10_F1_D10_FRONT::MAPSERVICE.Sinacofi_D10_F1.correlativoPrefijo" xmlVersion="1.0">
      <DmlClassName>String</DmlClassName>
      <DmlExpression>""</DmlExpression>
   </Variable>
   <Variable dmlCompatibility="2.1" id="9d7c92bf-6a5b-4732-ba73-2c075c6fe230" label="" lastModified="2024-08-30T13:25:44.000Z" name="MAPSERVICE_Sinacofi_D10_F1_D10_FRONT::MAPSERVICE.Sinacofi_D10_F1.MovimientoProcesado" xmlVersion="1.0">
      <DmlClassName>String</DmlClassName>
      <DmlExpression>""</DmlExpression>
   </Variable>
   <Variable dmlCompatibility="2.1" id="2bf5fc3a-ce1e-460c-aa4d-39dd9151a376" label="" lastModified="2024-08-30T13:25:44.000Z" name="MAPSERVICE_Sinacofi_D10_F1_D10_FRONT::MAPSERVICE.Sinacofi_D10_F1.indice" xmlVersion="1.0">
      <DmlClassName>Integer</DmlClassName>
      <DmlExpression>0</DmlExpression>
   </Variable>
   <Variable dmlCompatibility="2.1" id="64d94ac3-e932-412f-ac04-aa52e6ac4e0a" label="" lastModified="2024-08-30T13:25:44.000Z" name="MAPSERVICE_Sinacofi_D10_F1_D10_FRONT::MAPSERVICE.Sinacofi_D10_F1.indice2" xmlVersion="1.0">
      <DmlClassName>Integer</DmlClassName>
      <DmlExpression>0</DmlExpression>
   </Variable>
   <Variable dmlCompatibility="2.1" id="466e713d-9c27-4748-9af3-5ec2ae20bcfc" label="" lastModified="2024-08-30T13:25:44.000Z" name="MAPSERVICE_Sinacofi_D10_F1_D10_FRONT::MAPSERVICE.Sinacofi_D10_F1.indice3" xmlVersion="1.0">
      <DmlClassName>Integer</DmlClassName>
      <DmlExpression>0</DmlExpression>
   </Variable>
   <Variable dmlCompatibility="2.1" id="39a1f647-5bf9-474b-9625-33cf6f8bf9fe" label="" lastModified="2024-08-30T13:25:44.000Z" name="MAPSERVICE_Sinacofi_D10_F1_D10_FRONT::MAPSERVICE.Sinacofi_D10_F1.tipoDocumentoPrefijo" xmlVersion="1.0">
      <DmlClassName>String</DmlClassName>
      <DmlExpression>""</DmlExpression>
   </Variable>
   <Variable dmlCompatibility="2.1" id="ff84c037-fb9f-49f4-b8f3-b258ed4827dc" label="" lastModified="2024-08-30T13:25:44.000Z" name="MAPSERVICE_Sinacofi_D10_F1_D10_FRONT::MAPSERVICE.Sinacofi_D10_F1.usuarioNAPrefijo" xmlVersion="1.0">
      <DmlClassName>String</DmlClassName>
      <DmlExpression>""</DmlExpression>
   </Variable>
   <Variable dmlCompatibility="2.1" id="9e755733-aafa-493f-a824-605c9ca81a89" label="" lastModified="2024-08-30T13:25:44.000Z" name="MAPSERVICE_Sinacofi_D10_F1_D10_FRONT::MAPSERVICE.Sinacofi_D10_F1.usuarioPrefijo" xmlVersion="1.0">
      <DmlClassName>String</DmlClassName>
      <DmlExpression>""</DmlExpression>
   </Variable>
   <Variable dmlCompatibility="2.1" id="b1d99d97-5a0c-41b2-938f-3c74978fc00b" label="" lastModified="2024-08-30T13:25:44.000Z" name="MAPSERVICE_Sinacofi_D10_F1_D10_FRONT::MAPSERVICE.Sinacofi_D10_F1.TipoArchivo" xmlVersion="1.0">
      <DmlClassName>String</DmlClassName>
      <DmlExpression>""</DmlExpression>
   </Variable>
   <Variable dmlCompatibility="2.1" id="4cd271d9-19f9-4928-a3ec-187a8f2f728f" label="" lastModified="2024-08-30T13:25:44.000Z" name="MAPSERVICE_Sinacofi_D10_F1_D10_FRONT::MAPSERVICE.Sinacofi_D10_F1.CodigoError" xmlVersion="1.0">
      <DmlClassName>String</DmlClassName>
      <DmlExpression>""</DmlExpression>
   </Variable>
   <Variable dmlCompatibility="2.1" id="b9263aa7-cfe0-4f5c-93ed-fc2a625126c2" label="" lastModified="2024-08-30T13:25:44.000Z" name="MAPSERVICE_Sinacofi_D10_F1_D10_FRONT::MAPSERVICE.Sinacofi_D10_F1.Detalles" xmlVersion="1.0">
      <DmlClassName>String</DmlClassName>
      <DmlExpression>""</DmlExpression>
   </Variable>
   <Variable dmlCompatibility="2.1" id="be1abe5b-940e-4e43-8099-40fcba76b305" label="" lastModified="2024-08-30T13:25:44.000Z" name="MAPSERVICE_Sinacofi_D10_F1_D10_FRONT::MAPSERVICE.Sinacofi_D10_F1.Detalles2" xmlVersion="1.0">
      <DmlClassName>String</DmlClassName>
      <DmlExpression>""</DmlExpression>
   </Variable>
   <Variable dmlCompatibility="2.1" id="b6db7a21-3ef3-4fb8-8233-d0654bfebf62" label="" lastModified="2024-08-30T13:25:44.000Z" name="MAPSERVICE_Sinacofi_D10_F1_D10_FRONT::MAPSERVICE.Sinacofi_D10_F1.Detalles3" xmlVersion="1.0">
      <DmlClassName>String</DmlClassName>
      <DmlExpression>""</DmlExpression>
   </Variable>
   <Variable dmlCompatibility="2.1" id="bd2edc22-ccf5-4262-9278-cef983d61675" label="" lastModified="2024-08-30T13:25:44.000Z" name="MAPSERVICE_Sinacofi_D10_F1_D10_FRONT::MAPSERVICE.Sinacofi_D10_F1.indiceLoop" xmlVersion="1.0">
      <DmlClassName>Integer</DmlClassName>
      <DmlExpression>0</DmlExpression>
   </Variable>
   <Variable dmlCompatibility="2.1" id="150c4ab1-9183-4840-9f96-ec31ffe7a7a9" label="" lastModified="2024-08-30T13:25:44.000Z" name="MAPSERVICE_Sinacofi_D10_F1_D10_FRONT::MAPSERVICE.Sinacofi_D10_F1.agno" xmlVersion="1.0">
      <DmlClassName>Real</DmlClassName>
      <DmlExpression>0.0</DmlExpression>
   </Variable>
   <Variable dmlCompatibility="2.1" id="ec685ed4-800b-4512-9e18-d3f1ebd8e9c6" label="" lastModified="2024-08-30T13:25:44.000Z" name="MAPSERVICE_Sinacofi_D10_F1_D10_FRONT::MAPSERVICE.Sinacofi_D10_F1.mes" xmlVersion="1.0">
      <DmlClassName>Integer</DmlClassName>
      <DmlExpression>0</DmlExpression>
   </Variable>
   <Variable dmlCompatibility="2.1" id="64259468-6dca-46ee-88f3-9be1377dfffc" label="" lastModified="2024-08-30T13:25:44.000Z" name="MAPSERVICE_Sinacofi_D10_F1_D10_FRONT::MAPSERVICE.Sinacofi_D10_F1.dia" xmlVersion="1.0">
      <DmlClassName>Integer</DmlClassName>
      <DmlExpression>0</DmlExpression>
   </Variable>
   <Variable dmlCompatibility="2.1" id="7df2653a-55b1-44ca-8370-13be6386fbc5" label="" lastModified="2024-08-30T13:25:44.000Z" name="MAPSERVICE_Sinacofi_D10_F1_D10_FRONT::MAPSERVICE.Sinacofi_D10_F1.rutConcatenadosCGP" xmlVersion="1.0">
      <DmlClassName>String</DmlClassName>
      <DmlExpression>""</DmlExpression>
   </Variable>
   <Variable dmlCompatibility="2.1" id="0578e3d0-f1e6-4140-b333-2135e9776392" label="" lastModified="2024-08-30T13:25:44.000Z" name="MAPSERVICE_Sinacofi_D10_F1_D10_FRONT::MAPSERVICE.Sinacofi_D10_F1.rutConcatenadosCGQ" xmlVersion="1.0">
      <DmlClassName>String</DmlClassName>
      <DmlExpression>""</DmlExpression>
   </Variable>
   <Variable dmlCompatibility="2.1" id="6c8b948b-7602-4033-88d4-53f3f68db8d3" label="" lastModified="2024-08-30T13:25:44.000Z" name="MAPSERVICE_Sinacofi_D10_F1_D10_FRONT::MAPSERVICE.Sinacofi_D10_F1.totalCGS" xmlVersion="1.0">
      <DmlClassName>Integer</DmlClassName>
      <DmlExpression>0</DmlExpression>
   </Variable>
   <Variable dmlCompatibility="2.1" id="9af3e5db-932d-4574-85f0-321e68cd4dee" label="" lastModified="2024-08-30T13:25:44.000Z" name="MAPSERVICE_Sinacofi_D10_F1_D10_FRONT::MAPSERVICE.Sinacofi_D10_F1.totalCGT" xmlVersion="1.0">
      <DmlClassName>Integer</DmlClassName>
      <DmlExpression>0</DmlExpression>
   </Variable>
   <Variable dmlCompatibility="2.1" id="b6f91870-d603-49f1-ba74-2fdbe9427b0d" label="" lastModified="2024-08-30T13:25:44.000Z" name="MAPSERVICE_Sinacofi_D10_F1_D10_FRONT::MAPSERVICE.Sinacofi_D10_F1.totalCGV" xmlVersion="1.0">
      <DmlClassName>Integer</DmlClassName>
      <DmlExpression>0</DmlExpression>
   </Variable>
   <Variable dmlCompatibility="2.1" id="6493ed40-a541-45d6-9e3b-001f40658072" label="" lastModified="2024-08-30T13:25:44.000Z" name="MAPSERVICE_Sinacofi_D10_F1_D10_FRONT::MAPSERVICE.Sinacofi_D10_F1.totalCGW" xmlVersion="1.0">
      <DmlClassName>Integer</DmlClassName>
      <DmlExpression>0</DmlExpression>
   </Variable>
   <Variable dmlCompatibility="2.1" id="8e7cac6c-881d-4d6d-b0d3-1defefec2e15" label="" lastModified="2024-08-30T13:25:44.000Z" name="MAPSERVICE_Sinacofi_D10_F1_D10_FRONT::MAPSERVICE.Sinacofi_D10_F1.totalCGX" xmlVersion="1.0">
      <DmlClassName>Integer</DmlClassName>
      <DmlExpression>0</DmlExpression>
   </Variable>
   <Variable dmlCompatibility="2.1" id="b0844bda-76c1-405f-962d-9869b3bb7d03" label="" lastModified="2024-08-30T13:25:44.000Z" name="MAPSERVICE_Sinacofi_D10_F1_D10_FRONT::MAPSERVICE.Sinacofi_D10_F1.totalCGY" xmlVersion="1.0">
      <DmlClassName>Integer</DmlClassName>
      <DmlExpression>0</DmlExpression>
   </Variable>
   <Variable dmlCompatibility="2.1" id="48e782d6-f769-4e32-9059-834bcd51cdc3" label="" lastModified="2024-08-30T13:25:44.000Z" name="MAPSERVICE_Sinacofi_D10_F1_D10_FRONT::MAPSERVICE.Sinacofi_D10_F1.totalCGZ" xmlVersion="1.0">
      <DmlClassName>Integer</DmlClassName>
      <DmlExpression>0</DmlExpression>
   </Variable>
   <Variable dmlCompatibility="2.1" id="e8bf452c-71cc-4314-95c0-f8ca478772d8" label="" lastModified="2024-08-30T13:25:44.000Z" name="MAPSERVICE_Sinacofi_D10_F1_D10_FRONT::MAPSERVICE.Sinacofi_D10_F1.totalCIA" xmlVersion="1.0">
      <DmlClassName>Integer</DmlClassName>
      <DmlExpression>0</DmlExpression>
   </Variable>
   <Variable dmlCompatibility="2.1" id="abe180ac-a2e9-4f07-81a5-00ad6505646f" label="" lastModified="2024-08-30T13:25:44.000Z" name="MAPSERVICE_Sinacofi_D10_F1_D10_FRONT::MAPSERVICE.Sinacofi_D10_F1.totalCIB" xmlVersion="1.0">
      <DmlClassName>Integer</DmlClassName>
      <DmlExpression>0</DmlExpression>
   </Variable>
   <Variable dmlCompatibility="2.1" id="482ed3f2-c4b3-4888-8c46-b99c15995d99" label="" lastModified="2024-08-30T13:25:44.000Z" name="MAPSERVICE_Sinacofi_D10_F1_D10_FRONT::MAPSERVICE.Sinacofi_D10_F1.totalCIC" xmlVersion="1.0">
      <DmlClassName>Integer</DmlClassName>
      <DmlExpression>0</DmlExpression>
   </Variable>
   <Variable dmlCompatibility="2.1" id="31bbd2e9-0b67-4c61-b762-ede3e960b042" label="" lastModified="2024-08-30T13:25:44.000Z" name="MAPSERVICE_Sinacofi_D10_F1_D10_FRONT::MAPSERVICE.Sinacofi_D10_F1.totalCID" xmlVersion="1.0">
      <DmlClassName>Integer</DmlClassName>
      <DmlExpression>0</DmlExpression>
   </Variable>
   <Variable dmlCompatibility="2.1" id="418c66d3-8a43-4576-b6e8-5f05fcbbfafb" label="" lastModified="2024-08-30T13:25:44.000Z" name="MAPSERVICE_Sinacofi_D10_F1_D10_FRONT::MAPSERVICE.Sinacofi_D10_F1.totalCHW" xmlVersion="1.0">
      <DmlClassName>Integer</DmlClassName>
      <DmlExpression>0</DmlExpression>
   </Variable>
   <Variable dmlCompatibility="2.1" id="00b17516-926a-4853-a0c4-107acd53b3b9" label="" lastModified="2024-08-30T13:25:44.000Z" name="MAPSERVICE_Sinacofi_D10_F1_D10_FRONT::MAPSERVICE.Sinacofi_D10_F1.totalCHY" xmlVersion="1.0">
      <DmlClassName>Integer</DmlClassName>
      <DmlExpression>0</DmlExpression>
   </Variable>
   <Variable dmlCompatibility="2.1" id="0d569f53-b945-416c-bd9f-63056e36475e" label="" lastModified="2024-08-30T13:25:44.000Z" name="MAPSERVICE_Sinacofi_D10_F1_D10_FRONT::MAPSERVICE.Sinacofi_D10_F1.debug" xmlVersion="1.0">
      <DmlClassName>String</DmlClassName>
      <DmlExpression>""</DmlExpression>
   </Variable>
   <Variable dmlCompatibility="2.1" id="68bc84be-17b1-496b-9ec8-fb15e0944690" label="" lastModified="2024-08-30T13:25:44.000Z" name="MAPSERVICE_Sinacofi_D10_F1_D10_FRONT::MAPSERVICE.Sinacofi_D10_F1.var_registro1" xmlVersion="1.0">
      <DmlClassName>Integer</DmlClassName>
      <DmlExpression>null</DmlExpression>
   </Variable>
   <Variable dmlCompatibility="2.1" id="08c5d016-b238-451b-81ec-fc19d7421b79" label="" lastModified="2024-08-30T13:25:44.000Z" name="MAPSERVICE_Sinacofi_D10_F1_D10_FRONT::MAPSERVICE.Sinacofi_D10_F1.resEstructuraValida" xmlVersion="1.0">
      <DmlClassName>String</DmlClassName>
      <DmlExpression>""</DmlExpression>
   </Variable>
   <Variable dmlCompatibility="2.1" id="92bb996d-3ed8-4dcb-bdfd-8bc6f22a2acc" label="" lastModified="2024-08-30T13:25:44.000Z" name="MAPSERVICE_Sinacofi_D10_F1_D10_FRONT::MAPSERVICE.Sinacofi_D10_F1.ValoresConcatenados" xmlVersion="1.0">
      <DmlClassName>String</DmlClassName>
      <DmlExpression>""</DmlExpression>
   </Variable>
   <Variable dmlCompatibility="2.1" id="5ad17385-d4d9-44c7-bda9-41aafc685d09" label="" lastModified="2024-08-30T13:25:44.000Z" name="MAPSERVICE_Sinacofi_D10_F1_D10_FRONT::MAPSERVICE.Sinacofi_D10_F1.resCargarCampos" xmlVersion="1.0">
      <DmlClassName>String</DmlClassName>
      <DmlExpression>""</DmlExpression>
   </Variable>
</Variables>
