<?xml version="1.0" encoding="UTF-8" standalone="no"?>
<Container xmlns:xsi="http://www.w3.org/2001/XMLSchema-instance" id="ee119c97-bbea-4577-84df-f80bdd828126" name="Sinacofi_I09_F1_I09_FRONT" version="17" xsi:noNamespaceSchemaLocation="Container.xsd">
   <longDescription>   </longDescription>
   <generatedBy/>
   <generationDate>2024-09-02T21:14:09.000Z</generationDate>
   <shortDescription/>
   <Contents>
      <Product name="Integrator" version="3.7.0"/>
      <Product name="MapDesigner" version="2.5.0"/>
   </Contents>
</Container>
