<?xml version="1.0" encoding="UTF-8" standalone="no"?>
<MapBrokers xmlns:xsi="http://www.w3.org/2001/XMLSchema-instance" xsi:noNamespaceSchemaLocation="MapBrokers_2.xsd">
   <MapBroker dmlCompatibility="2.1" id="191bc478-a7a4-4d58-abe5-afce77adc2e5" label="" lastModified="2024-04-25T16:20:34.000Z" name="MAPSERVICE_Sinacofi_D50_D50_FT3::MAPSERVICE.Sinacofi_D50.Main_Block_Validacion" xmlVersion="1.0">
      <DmlMapBroker>
         <InputBusinessDocuments>
            <InputBusinessDocument>
               <BusinessDocument id="ac9f6858-7478-4b5f-af07-ca8390823f9b">
                  <name>MAPSERVICE_Sinacofi_D50_D50_FT3::MAPSERVICE.Sinacofi_D50\ArchivosMomentaneos.D50_Control_Datos_Val</name>
                  <lastModified>2024-06-04T15:36:08.000Z</lastModified>
               </BusinessDocument>
               <Alias>in2</Alias>
            </InputBusinessDocument>
            <InputBusinessDocument>
               <BusinessDocument id="fec8e594-9782-4831-af7e-6f7245a4cda4">
                  <name>MAPSERVICE_Sinacofi_D50_D50_FT3::MAPSERVICE.Sinacofi_D50\ArchivosMomentaneos.D50_CAR_Existe_Val</name>
                  <lastModified>2024-06-04T15:36:08.000Z</lastModified>
               </BusinessDocument>
               <Alias>in1</Alias>
            </InputBusinessDocument>
         </InputBusinessDocuments>
         <DecisionPath>
            <StepMappingRule>
               <MappingRule id="b84f59f3-9277-46cb-9aeb-c444738fa5bb" label="" lastModified="2024-06-04T15:36:08.000Z" name="MAPSERVICE_Sinacofi_D50_D50_FT3::MAPSERVICE.Sinacofi_D50.CarExiste_a_CarVal:CarExiste_a_CarVal" xmlVersion="1.0">
                  <OutputBusinessDocument id="fec8e594-9782-4831-af7e-6f7245a4cda4">
                     <name>MAPSERVICE_Sinacofi_D50_D50_FT3::MAPSERVICE.Sinacofi_D50\ArchivosMomentaneos.D50_CAR_Val</name>
                     <lastModified>2024-06-04T15:36:08.000Z</lastModified>
                  </OutputBusinessDocument>
                  <MappingElement ElementReferenceId="2">
                     <Expression>
                        <DmlExpression><![CDATA[getSubString(in1:\Caratula[1]\Campos, 1, 255)]]></DmlExpression>
                     </Expression>
                     <Comment/>
                  </MappingElement>
                  <MappingElement ElementReferenceId="3">
                     <Expression>
                        <DmlExpression><![CDATA[getSubString(in1:\Caratula[2]\Campos, 1, 255)]]></DmlExpression>
                     </Expression>
                     <Comment/>
                  </MappingElement>
                  <MappingElement ElementReferenceId="4">
                     <Expression>
                        <DmlExpression><![CDATA[getSubString(in1:\Caratula[3]\Campos, 1, 255)]]></DmlExpression>
                     </Expression>
                     <Comment/>
                  </MappingElement>
                  <MappingElement ElementReferenceId="5">
                     <Expression>
                        <DmlExpression><![CDATA[getSubString(in1:\Caratula[4]\Campos, 1, 255)]]></DmlExpression>
                     </Expression>
                     <Comment/>
                  </MappingElement>
                  <MappingElement ElementReferenceId="6">
                     <Expression>
                        <DmlExpression><![CDATA[getSubString(in1:\Caratula[5]\Campos, 1, 255)]]></DmlExpression>
                     </Expression>
                     <Comment/>
                  </MappingElement>
                  <MappingElement ElementReferenceId="7">
                     <Expression>
                        <DmlExpression><![CDATA[getSubString(in1:\Caratula[6]\Campos, 1, 255)]]></DmlExpression>
                     </Expression>
                     <Comment/>
                  </MappingElement>
                  <MappingElement ElementReferenceId="8">
                     <Expression>
                        <DmlExpression><![CDATA[getSubString(in1:\Caratula[7]\Campos, 1, 255)]]></DmlExpression>
                     </Expression>
                     <Comment/>
                  </MappingElement>
                  <MappingElement ElementReferenceId="9">
                     <Expression>
                        <DmlExpression><![CDATA[getSubString(in1:\Caratula[8]\Campos, 1, 255)]]></DmlExpression>
                     </Expression>
                     <Comment/>
                  </MappingElement>
                  <MappingElement ElementReferenceId="10">
                     <Expression>
                        <DmlExpression><![CDATA[getSubString(in1:\Caratula[9]\Campos, 1, 255)]]></DmlExpression>
                     </Expression>
                     <Comment/>
                  </MappingElement>
                  <MappingElement ElementReferenceId="11">
                     <Expression>
                        <DmlExpression><![CDATA[getSubString(in1:\Caratula[10]\Campos, 1, 255)]]></DmlExpression>
                     </Expression>
                     <Comment/>
                  </MappingElement>
                  <MappingElement ElementReferenceId="12">
                     <Expression>
                        <DmlExpression><![CDATA[getSubString(in1:\Caratula[11]\Campos, 1, 255)]]></DmlExpression>
                     </Expression>
                     <Comment/>
                  </MappingElement>
                  <MappingElement ElementReferenceId="13">
                     <Expression>
                        <DmlExpression><![CDATA[getSubString(in1:\Caratula[12]\Campos, 1, 255)]]></DmlExpression>
                     </Expression>
                     <Comment/>
                  </MappingElement>
                  <MappingElement ElementReferenceId="14">
                     <Expression>
                        <DmlExpression><![CDATA[getSubString(in1:\Caratula[13]\Campos, 1, 255)]]></DmlExpression>
                     </Expression>
                     <Comment/>
                  </MappingElement>
                  <MappingElement ElementReferenceId="15">
                     <Expression>
                        <DmlExpression><![CDATA[getSubString(in1:\Caratula[14]\Campos, 1, 255)]]></DmlExpression>
                     </Expression>
                     <Comment/>
                  </MappingElement>
                  <MappingElement ElementReferenceId="16">
                     <Expression>
                        <DmlExpression><![CDATA[getSubString(in1:\Caratula[15]\Campos, 1, 255)]]></DmlExpression>
                     </Expression>
                     <Comment/>
                  </MappingElement>
                  <MappingElement ElementReferenceId="17">
                     <Expression>
                        <DmlExpression><![CDATA[getSubString(in1:\Caratula[16]\Campos, 1, 255)]]></DmlExpression>
                     </Expression>
                     <Comment/>
                  </MappingElement>
                  <MappingElement ElementReferenceId="18">
                     <Expression>
                        <DmlExpression><![CDATA[getSubString(in1:\Caratula[17]\Campos, 1, 255)]]></DmlExpression>
                     </Expression>
                     <Comment/>
                  </MappingElement>
                  <MappingElement ElementReferenceId="19">
                     <Expression>
                        <DmlExpression><![CDATA[getSubString(in1:\Caratula[18]\Campos, 1, 255)]]></DmlExpression>
                     </Expression>
                     <Comment/>
                  </MappingElement>
               </MappingRule>
               <StepOutput>
                  <OutputName>out</OutputName>
               </StepOutput>
            </StepMappingRule>
            <StepMappingRule>
               <MappingRule id="65164788-ec63-4597-a9ad-5833593765ae" label="" lastModified="2024-06-04T15:36:08.000Z" name="MAPSERVICE_Sinacofi_D50_D50_FT3::MAPSERVICE.Sinacofi_D50.ControlDatosVal_A_ControlDatos:ControlDatosVal_A_ControlDatos" xmlVersion="1.0">
                  <OutputBusinessDocument id="ac9f6858-7478-4b5f-af07-ca8390823f9b">
                     <name>MAPSERVICE_Sinacofi_D50_D50_FT3::MAPSERVICE.Sinacofi_D50\ArchivosEntrada.D50_Control_Datos</name>
                     <lastModified>2024-06-04T15:36:08.000Z</lastModified>
                  </OutputBusinessDocument>
                  <MappingElement ElementReferenceId="2">
                     <Expression>
                        <DmlExpression><![CDATA[in2:\Header\Inicio]]></DmlExpression>
                     </Expression>
                     <Comment/>
                  </MappingElement>
                  <MappingElement ElementReferenceId="4">
                     <Expression>
                        <DmlExpression><![CDATA[in2:\Details\Detalles]]></DmlExpression>
                     </Expression>
                     <Comment/>
                  </MappingElement>
                  <MappingElement ElementReferenceId="6">
                     <Expression>
                        <DmlExpression><![CDATA[in2:\Footer\Fin]]></DmlExpression>
                     </Expression>
                     <Comment/>
                  </MappingElement>
               </MappingRule>
               <StepOutput>
                  <OutputName>out4</OutputName>
               </StepOutput>
            </StepMappingRule>
            <StepOutput>
               <OutputName>out2</OutputName>
               <InputBusinessDocumentAlias>in1</InputBusinessDocumentAlias>
            </StepOutput>
            <StepOutput>
               <OutputName>out3</OutputName>
               <InputBusinessDocumentAlias>in2</InputBusinessDocumentAlias>
            </StepOutput>
         </DecisionPath>
      </DmlMapBroker>
   </MapBroker>
</MapBrokers>
