<?xml version="1.0" encoding="UTF-8" standalone="no"?>
<Export>
   <Specification-Title>Synchrony Integrator Export file</Specification-Title>
   <Component-Vendor>Axway Software</Component-Vendor>
   <Creation-Date>2024-09-09T20:50:35.000Z</Creation-Date>
   <Specification-Version>
      <![CDATA[26.10.0-1]]>
   </Specification-Version>
   <Component-Name>MAPSERVICE</Component-Name>
   <Component-Version>3.1.2</Component-Version>
   <Component-Host-Name>DESKTOP-FSE9076</Component-Host-Name>
   <Audit-Id>86964b6d-c0b7-47c9-a05d-299be3aac1d2</Audit-Id>
   <Action-Type>Export-Object-Set</Action-Type>
   <Origin>Map-Designer</Origin>
   <UsedNamespaces>true</UsedNamespaces>
</Export>
