<?xml version="1.0" encoding="UTF-8" standalone="no"?>
<Container xmlns:xsi="http://www.w3.org/2001/XMLSchema-instance" id="5c58446d-d732-4635-bcf5-a28725a2d6f7" name="Sinacofi_MR1_F1_MR1_FRONT" version="4" xsi:noNamespaceSchemaLocation="Container.xsd">
   <longDescription>  </longDescription>
   <generatedBy/>
   <generationDate>2024-09-27T18:53:29.000Z</generationDate>
   <shortDescription/>
   <Contents>
      <Product name="Integrator" version="3.7.0"/>
      <Product name="MapDesigner" version="2.5.0"/>
   </Contents>
</Container>
