<?xml version="1.0" encoding="UTF-8" standalone="no"?>
<MapBrokers xmlns:xsi="http://www.w3.org/2001/XMLSchema-instance" xsi:noNamespaceSchemaLocation="MapBrokers_2.xsd">
   <MapBroker dmlCompatibility="2.1" id="cf0945b0-28c2-4639-a6c9-bddbb3e71ab9" label="" lastModified="2024-07-11T21:51:45.000Z" name="MAPSERVICE_Sinacofi_MB1_F1_MB1_FRONT::MAPSERVICE.Sinacofi_MB1_F1.Calcular_Cam" xmlVersion="1.0">
      <DmlMapBroker>
         <InputBusinessDocuments>
            <InputBusinessDocument>
               <BusinessDocument id="5a26c413-5426-4534-8607-9d23965d6be1">
                  <name>MAPSERVICE_Sinacofi_MB1_F1_MB1_FRONT::MAPSERVICE.Sinacofi_MB1_F1\ArchivosEntrada.MB1_Archivo_Datos</name>
                  <lastModified>2024-08-12T23:40:17.000Z</lastModified>
               </BusinessDocument>
               <Alias>in</Alias>
            </InputBusinessDocument>
         </InputBusinessDocuments>
         <DecisionPath>
            <StepMappingRule>
               <MappingRule id="1cb16b97-c668-4742-bf9c-e7da78efdc15" label="" lastModified="2024-08-12T23:40:17.000Z" name="MAPSERVICE_Sinacofi_MB1_F1_MB1_FRONT::MAPSERVICE.Sinacofi_MB1_F1.Calcular_Campos:Calcular_Campos" xmlVersion="1.0">
                  <OutputBusinessDocument id="29b6fc93-a3f5-4ed1-bd2a-a3828141c0b1">
                     <name>MAPSERVICE_Sinacofi_MB1_F1_MB1_FRONT::MAPSERVICE.Sinacofi_MB1_F1\Salida.MB1_Caratula_Salida</name>
                     <lastModified>2024-08-12T23:40:17.000Z</lastModified>
                  </OutputBusinessDocument>
                  <MappingElement ElementReferenceId="3">
                     <Expression>
                        <DmlExpression><![CDATA[count(\Details)]]></DmlExpression>
                     </Expression>
                     <Comment/>
                  </MappingElement>
                  <MappingElement ElementReferenceId="4">
                     <Expression>
                        <DmlExpression><![CDATA[%Total_MOA:= 0;
%Total_MOB:= 0;
%Total_MOC:= 0;
%Total_MOD:= 0;
%Total_MOE:= 0;
loop on \Details  {
    if( getSubString( this\Contenido, 24,1 ) = "-" ) then{
        %Total_MOA:= %Total_MOA - convertToI(getSubString(this\Contenido, 10, 14))
    }else{
        %Total_MOA:= %Total_MOA + convertToI(getSubString(this\Contenido, 10, 14))
    };
    if( getSubString( this\Contenido, 39,1 ) = "-" ) then{
        %Total_MOB:= %Total_MOB - convertToI(getSubString(this\Contenido, 25, 14))
    }else{
        %Total_MOB:= %Total_MOB + convertToI(getSubString(this\Contenido, 25, 14))
    };
    if( getSubString( this\Contenido, 54,1 ) = "-" ) then{
        %Total_MOC:= %Total_MOC - convertToI(getSubString(this\Contenido, 40, 14))
    }else{
        %Total_MOC:= %Total_MOC + convertToI(getSubString(this\Contenido, 40, 14))
    };
    if( getSubString( this\Contenido, 69,1 ) = "-" ) then{
        %Total_MOD:= %Total_MOD - convertToI(getSubString(this\Contenido, 55, 14))
    }else{
        %Total_MOD:= %Total_MOD + convertToI(getSubString(this\Contenido, 55, 14))
    };
    if( getSubString( this\Contenido, 84,1 ) = "-" ) then{
        %Total_MOE:= %Total_MOE - convertToI(getSubString(this\Contenido, 70, 14))
    }else{
        %Total_MOE:= %Total_MOE + convertToI(getSubString(this\Contenido, 70, 14))
    }
};
%Total_MOA]]></DmlExpression>
                     </Expression>
                     <Comment/>
                  </MappingElement>
                  <MappingElement ElementReferenceId="5">
                     <Expression>
                        <DmlExpression><![CDATA[%Total_MOB]]></DmlExpression>
                     </Expression>
                     <Comment/>
                  </MappingElement>
                  <MappingElement ElementReferenceId="6">
                     <Expression>
                        <DmlExpression><![CDATA[%Total_MOC]]></DmlExpression>
                     </Expression>
                     <Comment/>
                  </MappingElement>
                  <MappingElement ElementReferenceId="7">
                     <Expression>
                        <DmlExpression><![CDATA[%Total_MOD]]></DmlExpression>
                     </Expression>
                     <Comment/>
                  </MappingElement>
                  <MappingElement ElementReferenceId="8">
                     <Expression>
                        <DmlExpression><![CDATA[%Total_MOE]]></DmlExpression>
                     </Expression>
                     <Comment/>
                  </MappingElement>
                  <MappingElement ElementReferenceId="2">
                     <Expression>
                        <DmlExpression><![CDATA[getSubString( \Header\Datos, 8,6 )]]></DmlExpression>
                     </Expression>
                     <Comment/>
                  </MappingElement>
               </MappingRule>
               <StepOutput>
                  <OutputName>out</OutputName>
               </StepOutput>
            </StepMappingRule>
            <StepOutput>
               <OutputName>out1</OutputName>
               <InputBusinessDocumentAlias>in</InputBusinessDocumentAlias>
            </StepOutput>
            <StepOutput>
               <OutputName>out2</OutputName>
               <InputBusinessDocumentAlias>in</InputBusinessDocumentAlias>
            </StepOutput>
            <StepStep>
               <DmlExpression><![CDATA[%correlativoPrefijo:= getSubString(getAttribute( "B2BXGIReceive_ConsumptionFilename" ), 5, 8 );
setDocumentAttributeToOutput( "out1",  "B2BXGISend_ProductionFilename",%correlativoPrefijo &"_datosSalida");
setDocumentAttributeToOutput( "out2",  "B2BXGISend_ProductionFilename",getSubString(getAttribute("B2BXGIReceive_ConsumptionFilename" ), 5, 255) + getAttribute( "B2BXGIReceive_ConsumptionExtension"))]]></DmlExpression>
            </StepStep>
         </DecisionPath>
      </DmlMapBroker>
   </MapBroker>
</MapBrokers>
