<?xml version="1.0" encoding="UTF-8" standalone="no"?>
<Export>
   <Specification-Title>Synchrony Integrator Export file</Specification-Title>
   <Component-Vendor>Axway Software</Component-Vendor>
   <Creation-Date>2024-09-23T19:39:15.000Z</Creation-Date>
   <Specification-Version>
      <![CDATA[26.10.0-1]]>
   </Specification-Version>
   <Component-Name>MAPSERVICE</Component-Name>
   <Component-Version>3.1.2</Component-Version>
   <Component-Host-Name>DESKTOP-FSE9076</Component-Host-Name>
   <Audit-Id>aae80d2a-8fe8-4ec1-9699-5b4e54db3372</Audit-Id>
   <Action-Type>Export-Object-Set</Action-Type>
   <Origin>Map-Designer</Origin>
   <UsedNamespaces>true</UsedNamespaces>
</Export>
