<?xml version="1.0" encoding="UTF-8" standalone="no"?>
<MapStages xmlns:xsi="http://www.w3.org/2001/XMLSchema-instance" xsi:noNamespaceSchemaLocation="MapStages_1.xsd">
   <MapStage dmlCompatibility="2.1" id="43e16ae2-9af8-4647-a2bc-9b3e57bc9298" label="" lastModified="2024-04-25T15:17:44.000Z" name="MAPSERVICE.Sinacofi_D04.D04_FT3" xmlVersion="1.0">
      <Input id="c6b9be7c-0c20-4da3-a058-2f4a1574d5f7" label="" name="MAPSERVICE.Sinacofi_D04.D04_FT3:Input" xmlVersion="1.1">
         <Properties>
            <Property name="split" type="String">
               <SimpleValue>false</SimpleValue>
            </Property>
         </Properties>
      </Input>
      <Outputs>
         <Output id="9746242c-b4ca-4e8e-b9a7-029202cc6e76" label="" name="MAPSERVICE.Sinacofi_D04.D04_FT3:Buzon" xmlVersion="1.1">
            <Properties>
               <Property name="group" type="String">
                  <SimpleValue>false</SimpleValue>
               </Property>
            </Properties>
         </Output>
         <Output id="b45563e0-9b09-460c-9081-b7e794b8f6da" label="" name="MAPSERVICE.Sinacofi_D04.D04_FT3:AUX" xmlVersion="1.1">
            <Properties>
               <Property name="group" type="String">
                  <SimpleValue>false</SimpleValue>
               </Property>
            </Properties>
         </Output>
         <Output id="9e2ba975-9a87-4af3-9eb9-58e7b2466acd" label="" name="MAPSERVICE.Sinacofi_D04.D04_FT3:Salida" xmlVersion="1.1">
            <Properties>
               <Property name="group" type="String">
                  <SimpleValue>false</SimpleValue>
               </Property>
            </Properties>
         </Output>
         <Output id="34078042-4f6a-4761-a04e-82de3b5c9fd9" label="" name="MAPSERVICE.Sinacofi_D04.D04_FT3:Backup" xmlVersion="1.1">
            <Properties>
               <Property name="group" type="String">
                  <SimpleValue>false</SimpleValue>
               </Property>
            </Properties>
         </Output>
      </Outputs>
      <DataProcess>
         <Node id="1" label="" name="MAPSERVICE.Sinacofi_D04.D04_FT3:Buzon" type="Output" x="2050.0" xmlVersion="1.0" y="122.0">
            <Object id="9746242c-b4ca-4e8e-b9a7-029202cc6e76">
               <name>MAPSERVICE.Sinacofi_D04.D04_FT3:Buzon</name>
            </Object>
         </Node>
         <Node id="2" label="" name="MAPSERVICE_Sinacofi_D04_D04_FT3::MAPSERVICE.Sinacofi_D04\Mensajeria.Aviso" type="BusinessDocument" x="1910.0" xmlVersion="1.0" y="176.0">
            <Object id="7422d2f4-35a3-4ffb-938f-240200fa7981">
               <name>MAPSERVICE_Sinacofi_D04_D04_FT3::MAPSERVICE.Sinacofi_D04\Mensajeria.Aviso</name>
               <lastModified>2024-04-25T15:17:44.000Z</lastModified>
            </Object>
         </Node>
         <Node id="3" label="" name="MAPSERVICE_Sinacofi_D04_D04_FT3::MAPSERVICE.Sinacofi_D04\Mensajeria.Resultado" type="BusinessDocument" x="1910.0" xmlVersion="1.0" y="109.0">
            <Object id="7422d2f4-35a3-4ffb-938f-240200fa7981">
               <name>MAPSERVICE_Sinacofi_D04_D04_FT3::MAPSERVICE.Sinacofi_D04\Mensajeria.Resultado</name>
               <lastModified>2024-04-25T15:17:44.000Z</lastModified>
            </Object>
         </Node>
         <Node id="4" label="" name="MAPSERVICE_Sinacofi_D04_D04_FT3::MAPSERVICE.Sinacofi_D04.Main_Block_Control_Caratula" type="MapBroker" x="2075.0" xmlVersion="1.0" y="564.0">
            <Object id="fd8f5994-d9b3-43d7-a4d0-cfa45e6c83de">
               <name>MAPSERVICE_Sinacofi_D04_D04_FT3::MAPSERVICE.Sinacofi_D04.Main_Block_Control_Caratula</name>
               <lastModified>2024-04-25T15:17:44.000Z</lastModified>
            </Object>
         </Node>
         <Node id="5" label="" name="MAPSERVICE_Sinacofi_D04_D04_FT3::MAPSERVICE.Sinacofi_D04\ArchivosMomentaneos.Auxiliar" type="BusinessDocument" x="1935.0" xmlVersion="1.0" y="534.0">
            <Object id="4f0d7803-30e5-434d-9c86-44f02c2d13f5">
               <name>MAPSERVICE_Sinacofi_D04_D04_FT3::MAPSERVICE.Sinacofi_D04\ArchivosMomentaneos.Auxiliar</name>
               <lastModified>2024-04-25T15:17:44.000Z</lastModified>
            </Object>
         </Node>
         <Node id="6" label="" name="MAPSERVICE_Sinacofi_D04_D04_FT3::MAPSERVICE.Sinacofi_D04.XSD_IN" type="BusinessDocument" x="142.0" xmlVersion="1.0" y="33.0">
            <Object id="1ed15ef0-ddbf-4dd3-a94d-0a1b6ce9f72a">
               <name>MAPSERVICE_Sinacofi_D04_D04_FT3::MAPSERVICE.Sinacofi_D04.XSD_IN</name>
               <lastModified>2024-04-25T15:17:44.000Z</lastModified>
            </Object>
         </Node>
         <Node id="7" label="" name="MAPSERVICE.Sinacofi_D04.D04_FT3:Input" type="Input" x="2.0" xmlVersion="1.0" y="0.0">
            <Object id="c6b9be7c-0c20-4da3-a058-2f4a1574d5f7">
               <name>MAPSERVICE.Sinacofi_D04.D04_FT3:Input</name>
            </Object>
         </Node>
         <Node id="8" label="" name="MAPSERVICE_Sinacofi_D04_D04_FT3::MAPSERVICE.Sinacofi_D04.Main_Block_Entrada" type="MapBroker" x="317.0" xmlVersion="1.0" y="63.0">
            <Object id="87de3201-fbc0-45c0-b49e-a0db9f2214b4">
               <name>MAPSERVICE_Sinacofi_D04_D04_FT3::MAPSERVICE.Sinacofi_D04.Main_Block_Entrada</name>
               <lastModified>2024-04-25T15:17:44.000Z</lastModified>
            </Object>
         </Node>
         <Node id="9" label="" name="MAPSERVICE_Sinacofi_D04_D04_FT3::MAPSERVICE.Sinacofi_D04\ArchivosMomentaneos.D04_Control_Datos_Val" type="BusinessDocument" x="690.0" xmlVersion="1.0" y="503.0">
            <Object id="ac9f6858-7478-4b5f-af07-ca8390823f9b">
               <name>MAPSERVICE_Sinacofi_D04_D04_FT3::MAPSERVICE.Sinacofi_D04\ArchivosMomentaneos.D04_Control_Datos_Val</name>
               <lastModified>2024-04-25T15:17:44.000Z</lastModified>
            </Object>
         </Node>
         <Node id="10" label="" name="MAPSERVICE_Sinacofi_D04_D04_FT3::MAPSERVICE.Sinacofi_D04\ArchivosMomentaneos.D04_CAR_Val" type="BusinessDocument" x="1468.0" xmlVersion="1.0" y="406.0">
            <Object id="fec8e594-9782-4831-af7e-6f7245a4cda4">
               <name>MAPSERVICE_Sinacofi_D04_D04_FT3::MAPSERVICE.Sinacofi_D04\ArchivosMomentaneos.D04_CAR_Val</name>
               <lastModified>2024-04-25T15:17:44.000Z</lastModified>
            </Object>
         </Node>
         <Node id="11" label="" name="MAPSERVICE.Sinacofi_D04.D04_FT3:AUX" type="Output" x="1328.0" xmlVersion="1.0" y="457.0">
            <Object id="b45563e0-9b09-460c-9081-b7e794b8f6da">
               <name>MAPSERVICE.Sinacofi_D04.D04_FT3:AUX</name>
            </Object>
         </Node>
         <Node id="12" label="" name="MAPSERVICE_Sinacofi_D04_D04_FT3::MAPSERVICE.Sinacofi_D04.Main_Block_D04_Salida" type="MapBroker" x="1653.0" xmlVersion="1.0" y="3.0">
            <Object id="a98f242e-a9f3-4105-a7a7-c6e8bded1adf">
               <name>MAPSERVICE_Sinacofi_D04_D04_FT3::MAPSERVICE.Sinacofi_D04.Main_Block_D04_Salida</name>
               <lastModified>2024-04-25T15:17:44.000Z</lastModified>
            </Object>
         </Node>
         <Node id="13" label="" name="MAPSERVICE_Sinacofi_D04_D04_FT3::MAPSERVICE.Sinacofi_D04\ArchivosEntrada.D04_Archivo_Datos" type="BusinessDocument" x="837.0" xmlVersion="1.0" y="29.0">
            <Object id="5a26c413-5426-4534-8607-9d23965d6be1">
               <name>MAPSERVICE_Sinacofi_D04_D04_FT3::MAPSERVICE.Sinacofi_D04\ArchivosEntrada.D04_Archivo_Datos</name>
               <lastModified>2024-04-25T15:17:44.000Z</lastModified>
            </Object>
         </Node>
         <Node id="14" label="" name="MAPSERVICE_Sinacofi_D04_D04_FT3::MAPSERVICE.Sinacofi_D04\ArchivosEntrada.D04_CAR" type="BusinessDocument" x="1444.0" xmlVersion="1.0" y="104.0">
            <Object id="fec8e594-9782-4831-af7e-6f7245a4cda4">
               <name>MAPSERVICE_Sinacofi_D04_D04_FT3::MAPSERVICE.Sinacofi_D04\ArchivosEntrada.D04_CAR</name>
               <lastModified>2024-04-25T15:17:44.000Z</lastModified>
            </Object>
         </Node>
         <Node id="15" label="" name="MAPSERVICE.Sinacofi_D04.D04_FT3:Salida" type="Output" x="2156.0" xmlVersion="1.0" y="44.0">
            <Object id="9e2ba975-9a87-4af3-9eb9-58e7b2466acd">
               <name>MAPSERVICE.Sinacofi_D04.D04_FT3:Salida</name>
            </Object>
         </Node>
         <Node id="16" label="" name="MAPSERVICE_Sinacofi_D04_D04_FT3::MAPSERVICE.Sinacofi_D04\Salida.D04_Caratula_Salida" type="BusinessDocument" x="1977.0" xmlVersion="1.0" y="44.0">
            <Object id="29b6fc93-a3f5-4ed1-bd2a-a3828141c0b1">
               <name>MAPSERVICE_Sinacofi_D04_D04_FT3::MAPSERVICE.Sinacofi_D04\Salida.D04_Caratula_Salida</name>
               <lastModified>2024-04-25T15:17:44.000Z</lastModified>
            </Object>
         </Node>
         <Node id="17" label="" name="MAPSERVICE_Sinacofi_D04_D04_FT3::MAPSERVICE.Sinacofi_D04\ArchivosEntrada.D04_Control_Caratula" type="BusinessDocument" x="2160.0" xmlVersion="1.0" y="463.0">
            <Object id="ac9f6858-7478-4b5f-af07-ca8390823f9b">
               <name>MAPSERVICE_Sinacofi_D04_D04_FT3::MAPSERVICE.Sinacofi_D04\ArchivosEntrada.D04_Control_Caratula</name>
               <lastModified>2024-04-25T15:17:44.000Z</lastModified>
            </Object>
         </Node>
         <Node id="18" label="" name="MAPSERVICE_Sinacofi_D04_D04_FT3::MAPSERVICE.Sinacofi_D04.Main_Block_Validacion" type="MapBroker" x="872.0" xmlVersion="1.0" y="256.0">
            <Object id="191bc478-a7a4-4d58-abe5-afce77adc2e5">
               <name>MAPSERVICE_Sinacofi_D04_D04_FT3::MAPSERVICE.Sinacofi_D04.Main_Block_Validacion</name>
               <lastModified>2024-04-25T15:17:44.000Z</lastModified>
            </Object>
         </Node>
         <Node id="19" label="" name="MAPSERVICE_Sinacofi_D04_D04_FT3::MAPSERVICE.Sinacofi_D04\ArchivosMomentaneos.D04_CAR_Existe_Val" type="BusinessDocument" x="1188.0" xmlVersion="1.0" y="449.0">
            <Object id="fec8e594-9782-4831-af7e-6f7245a4cda4">
               <name>MAPSERVICE_Sinacofi_D04_D04_FT3::MAPSERVICE.Sinacofi_D04\ArchivosMomentaneos.D04_CAR_Existe_Val</name>
               <lastModified>2024-04-25T15:17:44.000Z</lastModified>
            </Object>
         </Node>
         <Node id="20" label="" name="MAPSERVICE_Sinacofi_D04_D04_FT3::MAPSERVICE.Sinacofi_D04\ArchivosMomentaneos.D04_Control_Datos_Val" type="BusinessDocument" x="1178.0" xmlVersion="1.0" y="514.0">
            <Object id="ac9f6858-7478-4b5f-af07-ca8390823f9b">
               <name>MAPSERVICE_Sinacofi_D04_D04_FT3::MAPSERVICE.Sinacofi_D04\ArchivosMomentaneos.D04_Control_Datos_Val</name>
               <lastModified>2024-04-25T15:17:44.000Z</lastModified>
            </Object>
         </Node>
         <Node id="21" label="" name="MAPSERVICE_Sinacofi_D04_D04_FT3::MAPSERVICE.Sinacofi_D04\ArchivosEntrada.D04_Control_Datos" type="BusinessDocument" x="1400.0" xmlVersion="1.0" y="260.0">
            <Object id="ac9f6858-7478-4b5f-af07-ca8390823f9b">
               <name>MAPSERVICE_Sinacofi_D04_D04_FT3::MAPSERVICE.Sinacofi_D04\ArchivosEntrada.D04_Control_Datos</name>
               <lastModified>2024-04-25T15:17:44.000Z</lastModified>
            </Object>
         </Node>
         <Node id="22" label="" name="MAPSERVICE_Sinacofi_D04_D04_FT3::MAPSERVICE.Sinacofi_D04\ArchivosMomentaneos.Auxiliar" type="BusinessDocument" x="908.0" xmlVersion="1.0" y="656.0">
            <Object id="4f0d7803-30e5-434d-9c86-44f02c2d13f5">
               <name>MAPSERVICE_Sinacofi_D04_D04_FT3::MAPSERVICE.Sinacofi_D04\ArchivosMomentaneos.Auxiliar</name>
               <lastModified>2024-04-25T15:17:44.000Z</lastModified>
            </Object>
         </Node>
         <Node id="23" label="" name="MAPSERVICE_Sinacofi_D04_D04_FT3::MAPSERVICE.Sinacofi_D04\ArchivosMomentaneos.D04_CAR_Val" type="BusinessDocument" x="1229.0" xmlVersion="1.0" y="290.0">
            <Object id="fec8e594-9782-4831-af7e-6f7245a4cda4">
               <name>MAPSERVICE_Sinacofi_D04_D04_FT3::MAPSERVICE.Sinacofi_D04\ArchivosMomentaneos.D04_CAR_Val</name>
               <lastModified>2024-04-25T15:17:44.000Z</lastModified>
            </Object>
         </Node>
         <Node id="24" label="" name="MAPSERVICE_Sinacofi_D04_D04_FT3::MAPSERVICE.Sinacofi_D04.Main_Block_Validacion_2" type="MapBroker" x="1224.0" xmlVersion="1.0" y="55.0">
            <Object id="1df679c6-3703-4e7b-8048-96f9b40277f5">
               <name>MAPSERVICE_Sinacofi_D04_D04_FT3::MAPSERVICE.Sinacofi_D04.Main_Block_Validacion_2</name>
               <lastModified>2024-04-25T15:17:44.000Z</lastModified>
            </Object>
         </Node>
         <Node id="25" label="" name="MAPSERVICE_Sinacofi_D04_D04_FT3::MAPSERVICE.Sinacofi_D04\ArchivosMomentaneos.D04_CAR_Existe_Val" type="BusinessDocument" x="677.0" xmlVersion="1.0" y="424.0">
            <Object id="fec8e594-9782-4831-af7e-6f7245a4cda4">
               <name>MAPSERVICE_Sinacofi_D04_D04_FT3::MAPSERVICE.Sinacofi_D04\ArchivosMomentaneos.D04_CAR_Existe_Val</name>
               <lastModified>2024-04-25T15:17:44.000Z</lastModified>
            </Object>
         </Node>
         <Node id="26" label="" name="MAPSERVICE_Sinacofi_D04_D04_FT3::MAPSERVICE.Sinacofi_D04\ArchivosEntrada.D04_Archivo_Datos" type="BusinessDocument" x="2046.0" xmlVersion="1.0" y="230.0">
            <Object id="5a26c413-5426-4534-8607-9d23965d6be1">
               <name>MAPSERVICE_Sinacofi_D04_D04_FT3::MAPSERVICE.Sinacofi_D04\ArchivosEntrada.D04_Archivo_Datos</name>
               <lastModified>2024-04-25T15:17:44.000Z</lastModified>
            </Object>
         </Node>
         <Node id="27" label="" name="MAPSERVICE.Sinacofi_D04.D04_FT3:Backup" type="Output" x="2184.0" xmlVersion="1.0" y="364.0">
            <Object id="34078042-4f6a-4761-a04e-82de3b5c9fd9">
               <name>MAPSERVICE.Sinacofi_D04.D04_FT3:Backup</name>
            </Object>
         </Node>
         <Node id="28" label="" name="MAPSERVICE_Sinacofi_D04_D04_FT3::MAPSERVICE.Sinacofi_D04\ArchivosEntrada.D04_Archivo_Datos" type="BusinessDocument" x="1936.0" xmlVersion="1.0" y="310.0">
            <Object id="5a26c413-5426-4534-8607-9d23965d6be1">
               <name>MAPSERVICE_Sinacofi_D04_D04_FT3::MAPSERVICE.Sinacofi_D04\ArchivosEntrada.D04_Archivo_Datos</name>
               <lastModified>2024-04-25T15:17:44.000Z</lastModified>
            </Object>
         </Node>
         <Node id="29" label="" name="MAPSERVICE_Sinacofi_D04_D04_FT3::MAPSERVICE.Sinacofi_D04\ArchivosEntrada.D04_CAR" type="BusinessDocument" x="1944.0" xmlVersion="1.0" y="375.0">
            <Object id="fec8e594-9782-4831-af7e-6f7245a4cda4">
               <name>MAPSERVICE_Sinacofi_D04_D04_FT3::MAPSERVICE.Sinacofi_D04\ArchivosEntrada.D04_CAR</name>
               <lastModified>2024-04-25T15:17:44.000Z</lastModified>
            </Object>
         </Node>
         <Node id="30" label="" name="MAPSERVICE_Sinacofi_D04_D04_FT3::MAPSERVICE.Sinacofi_D04\ArchivosEntrada.D04_Control_Datos" type="BusinessDocument" x="1945.0" xmlVersion="1.0" y="446.0">
            <Object id="ac9f6858-7478-4b5f-af07-ca8390823f9b">
               <name>MAPSERVICE_Sinacofi_D04_D04_FT3::MAPSERVICE.Sinacofi_D04\ArchivosEntrada.D04_Control_Datos</name>
               <lastModified>2024-04-25T15:17:44.000Z</lastModified>
            </Object>
         </Node>
         <Node id="31" label="" name="MAPSERVICE_Sinacofi_D04_D04_FT3::MAPSERVICE.Sinacofi_D04\Mensajeria.Resultado" type="BusinessDocument" x="2776.0" xmlVersion="1.0" y="277.0">
            <Object id="7422d2f4-35a3-4ffb-938f-240200fa7981">
               <name>MAPSERVICE_Sinacofi_D04_D04_FT3::MAPSERVICE.Sinacofi_D04\Mensajeria.Resultado</name>
               <lastModified>2024-04-25T15:17:44.000Z</lastModified>
            </Object>
         </Node>
         <Node id="32" label="" name="MAPSERVICE_Sinacofi_D04_D04_FT3::MAPSERVICE.Sinacofi_D04\Validacion_y_Error.LOG" type="BusinessDocument" x="3221.0" xmlVersion="1.0" y="191.0">
            <Object id="71f44ac7-e0fc-43a2-a5e8-b4e4f19e3968">
               <name>MAPSERVICE_Sinacofi_D04_D04_FT3::MAPSERVICE.Sinacofi_D04\Validacion_y_Error.LOG</name>
               <lastModified>2024-04-25T15:17:44.000Z</lastModified>
            </Object>
         </Node>
         <Node id="33" label="" name="MAPSERVICE_Sinacofi_D04_D04_FT3::MAPSERVICE.Sinacofi_D04.Main_Block_Evento" type="MapBroker" x="2979.0" xmlVersion="1.0" y="158.0">
            <Object id="ee134739-5160-48cd-a370-c23d36424b2d">
               <name>MAPSERVICE_Sinacofi_D04_D04_FT3::MAPSERVICE.Sinacofi_D04.Main_Block_Evento</name>
               <lastModified>2024-04-25T15:17:44.000Z</lastModified>
            </Object>
         </Node>
         <Node id="34" label="" name="MAPSERVICE.Sinacofi_D04.D04_FT3:Event1" type="Event" x="3009.0" xmlVersion="1.0" y="10.0">
            <Object id="1b057f77-5fb3-4012-9675-80b3edb7a957">
               <name>MAPSERVICE.Sinacofi_D04.D04_FT3:Event1</name>
               <lastModified>2024-04-19T16:04:48.000Z</lastModified>
            </Object>
         </Node>
         <Node id="35" label="" name="MAPSERVICE_Sinacofi_D04_D04_FT3::MAPSERVICE.Sinacofi_D04.Main_Block_Evento_2" type="MapBroker" x="2421.0" xmlVersion="1.0" y="3.0">
            <Object id="05c7e882-12f2-4c19-9cf1-ebdb9bde1650">
               <name>MAPSERVICE_Sinacofi_D04_D04_FT3::MAPSERVICE.Sinacofi_D04.Main_Block_Evento_2</name>
               <lastModified>2024-04-25T15:17:44.000Z</lastModified>
            </Object>
         </Node>
         <Node id="36" label="" name="MAPSERVICE_Sinacofi_D04_D04_FT3::MAPSERVICE.Sinacofi_D04\Mensajeria.Resultado" type="BusinessDocument" x="2250.0" xmlVersion="1.0" y="192.0">
            <Object id="7422d2f4-35a3-4ffb-938f-240200fa7981">
               <name>MAPSERVICE_Sinacofi_D04_D04_FT3::MAPSERVICE.Sinacofi_D04\Mensajeria.Resultado</name>
               <lastModified>2024-04-25T15:17:44.000Z</lastModified>
            </Object>
         </Node>
         <Node id="37" label="" name="MAPSERVICE_Sinacofi_D04_D04_FT3::MAPSERVICE.Sinacofi_D04.Main_Block_D04_FT31" type="MapBroker" x="3319.0" xmlVersion="1.0" y="305.0">
            <Object id="23f1ad29-5b18-45ed-8431-7be28fafaa07">
               <name>MAPSERVICE_Sinacofi_D04_D04_FT3::MAPSERVICE.Sinacofi_D04.Main_Block_D04_FT31</name>
               <lastModified>2024-04-25T15:17:44.000Z</lastModified>
            </Object>
         </Node>
         <Node channelType="SQL" id="38" label="" name="MAPSERVICE.Sinacofi_D04.D04_FT3:Channel" type="Channel" x="1140.0" xmlVersion="1.0" y="100.0">
            <Object id="154f9d9c-66b5-468f-a992-9c0b1497ebca">
               <name>MAPSERVICE.Sinacofi_D04.D04_FT3:Channel</name>
               <lastModified>2024-04-19T16:04:48.000Z</lastModified>
            </Object>
         </Node>
         <Link from="2" id="39" label="" name="MAPSERVICE.Sinacofi_D04.D04_FT3:Link23" to="1" xmlVersion="1.0"/>
         <Link from="3" id="40" label="" name="MAPSERVICE.Sinacofi_D04.D04_FT3:Link24" to="1" xmlVersion="1.0"/>
         <Link from="5" id="41" label="" name="in1" to="4" xmlVersion="1.0">
            <Object id="ec9a490d-c705-4ffa-bbb4-8ebae3880318">
               <name>MAPSERVICE.Sinacofi_D04.D04_FT3:in1</name>
            </Object>
         </Link>
         <Link from="7" id="42" label="" name="MAPSERVICE.Sinacofi_D04.D04_FT3:Link1" to="6" xmlVersion="1.0"/>
         <Link from="6" id="43" label="" name="in1" to="8" xmlVersion="1.0">
            <Object id="d3e63afe-e32f-45ec-8599-ceb8eaf64488">
               <name>MAPSERVICE.Sinacofi_D04.D04_FT3:in1</name>
            </Object>
         </Link>
         <Link from="8" id="44" label="" mapBrokerOutput="out4" name="MAPSERVICE.Sinacofi_D04.D04_FT3:out4" to="9" xmlVersion="1.0">
            <Object id="55475386-551f-486a-85c1-f390f2a0b28d">
               <name>MAPSERVICE.Sinacofi_D04.D04_FT3:out4</name>
            </Object>
         </Link>
         <Link from="24" id="45" label="" mapBrokerOutput="out1" name="MAPSERVICE.Sinacofi_D04.D04_FT3:out1" to="10" xmlVersion="1.0">
            <Object id="a79a4729-0cab-4703-bb4e-987cf91ebe82">
               <name>MAPSERVICE.Sinacofi_D04.D04_FT3:out1</name>
            </Object>
         </Link>
         <Link from="10" id="46" label="" name="MAPSERVICE.Sinacofi_D04.D04_FT3:Link16" to="11" xmlVersion="1.0"/>
         <Link from="13" id="47" label="" name="in3" to="12" xmlVersion="1.0">
            <Object id="c65d8bb2-8d13-4f2e-a1d4-515730aa42a1">
               <name>MAPSERVICE.Sinacofi_D04.D04_FT3:in3</name>
            </Object>
         </Link>
         <Link from="14" id="48" label="" name="in4" to="12" xmlVersion="1.0">
            <Object id="536eda47-50ab-4037-8b27-118dc7cdcd5c">
               <name>MAPSERVICE.Sinacofi_D04.D04_FT3:in4</name>
            </Object>
         </Link>
         <Link from="16" id="49" label="" name="MAPSERVICE.Sinacofi_D04.D04_FT3:Link32" to="15" xmlVersion="1.0"/>
         <Link from="4" id="50" label="" mapBrokerOutput="out" name="MAPSERVICE.Sinacofi_D04.D04_FT3:out" to="17" xmlVersion="1.0">
            <Object id="c844a791-f246-4df9-8739-952dee0924a1">
               <name>MAPSERVICE.Sinacofi_D04.D04_FT3:out</name>
            </Object>
         </Link>
         <Link from="9" id="51" label="" name="in2" to="18" xmlVersion="1.0">
            <Object id="1cd521d9-95d0-47d0-858b-a41e7ffa810e">
               <name>MAPSERVICE.Sinacofi_D04.D04_FT3:in2</name>
            </Object>
         </Link>
         <Link from="18" id="52" label="" mapBrokerOutput="out2" name="MAPSERVICE.Sinacofi_D04.D04_FT3:out2" to="19" xmlVersion="1.0">
            <Object id="c80c3b7c-d7c1-4733-89f8-f55806a7a194">
               <name>MAPSERVICE.Sinacofi_D04.D04_FT3:out2</name>
            </Object>
         </Link>
         <Link from="18" id="53" label="" mapBrokerOutput="out3" name="MAPSERVICE.Sinacofi_D04.D04_FT3:out3" to="20" xmlVersion="1.0">
            <Object id="aca48b68-f741-4d04-b3d3-0942fa925488">
               <name>MAPSERVICE.Sinacofi_D04.D04_FT3:out3</name>
            </Object>
         </Link>
         <Link from="19" id="54" label="" name="MAPSERVICE.Sinacofi_D04.D04_FT3:Link17" to="11" xmlVersion="1.0"/>
         <Link from="20" id="55" label="" name="MAPSERVICE.Sinacofi_D04.D04_FT3:Link18" to="11" xmlVersion="1.0"/>
         <Link from="18" id="56" label="" mapBrokerOutput="out4" name="MAPSERVICE.Sinacofi_D04.D04_FT3:out4" to="21" xmlVersion="1.0">
            <Object id="f823fe1a-9aa0-46da-a2e3-9767ae878ee0">
               <name>MAPSERVICE.Sinacofi_D04.D04_FT3:out4</name>
            </Object>
         </Link>
         <Link from="21" id="57" label="" name="in5" to="12" xmlVersion="1.0">
            <Object id="b301d020-ba6f-4c00-96df-036650ac138a">
               <name>MAPSERVICE.Sinacofi_D04.D04_FT3:in5</name>
            </Object>
         </Link>
         <Link from="22" id="58" label="" name="in6" to="12" xmlVersion="1.0">
            <Object id="9bfc87af-1a6c-4697-8328-e4902ddb6a3e">
               <name>MAPSERVICE.Sinacofi_D04.D04_FT3:in6</name>
            </Object>
         </Link>
         <Link from="18" id="59" label="" mapBrokerOutput="out" name="MAPSERVICE.Sinacofi_D04.D04_FT3:out" to="23" xmlVersion="1.0">
            <Object id="31ca4773-1d16-49c2-8667-a58492faed85">
               <name>MAPSERVICE.Sinacofi_D04.D04_FT3:out</name>
            </Object>
         </Link>
         <Link from="23" id="60" label="" name="in" to="24" xmlVersion="1.0">
            <Object id="39b04e9f-33a8-4e25-b005-aacd1879f37b">
               <name>MAPSERVICE.Sinacofi_D04.D04_FT3:in</name>
            </Object>
         </Link>
         <Link from="8" id="61" label="" mapBrokerOutput="out3" name="MAPSERVICE.Sinacofi_D04.D04_FT3:out3" to="25" xmlVersion="1.0">
            <Object id="40c838c1-9853-4f25-94eb-a3ef10ed3831">
               <name>MAPSERVICE.Sinacofi_D04.D04_FT3:out3</name>
            </Object>
         </Link>
         <Link from="25" id="62" label="" name="in1" to="18" xmlVersion="1.0">
            <Object id="bc57425b-0433-422b-9759-98416c517eb7">
               <name>MAPSERVICE.Sinacofi_D04.D04_FT3:in1</name>
            </Object>
         </Link>
         <Link from="26" id="63" label="" name="MAPSERVICE.Sinacofi_D04.D04_FT3:Link31" to="15" xmlVersion="1.0"/>
         <Link from="28" id="64" label="" name="MAPSERVICE.Sinacofi_D04.D04_FT3:Link33" to="27" xmlVersion="1.0"/>
         <Link from="29" id="65" label="" name="MAPSERVICE.Sinacofi_D04.D04_FT3:Link34" to="27" xmlVersion="1.0"/>
         <Link from="30" id="66" label="" name="MAPSERVICE.Sinacofi_D04.D04_FT3:Link35" to="27" xmlVersion="1.0"/>
         <Link from="17" id="67" label="" name="MAPSERVICE.Sinacofi_D04.D04_FT3:Link36" to="27" xmlVersion="1.0"/>
         <Link from="12" id="68" label="" mapBrokerOutput="out" name="MAPSERVICE.Sinacofi_D04.D04_FT3:out" to="16" xmlVersion="1.0">
            <Object id="4daa9cec-5d58-4407-afef-f8b369c5880d">
               <name>MAPSERVICE.Sinacofi_D04.D04_FT3:out</name>
            </Object>
         </Link>
         <Link from="12" id="69" label="" mapBrokerOutput="out1" name="MAPSERVICE.Sinacofi_D04.D04_FT3:out1" to="3" xmlVersion="1.0">
            <Object id="7a7ba12a-5f2d-4086-b222-15f931a23289">
               <name>MAPSERVICE.Sinacofi_D04.D04_FT3:out1</name>
            </Object>
         </Link>
         <Link from="12" id="70" label="" mapBrokerOutput="out2" name="MAPSERVICE.Sinacofi_D04.D04_FT3:out2" to="2" xmlVersion="1.0">
            <Object id="be90e51a-350c-4af3-8164-071c6ac49145">
               <name>MAPSERVICE.Sinacofi_D04.D04_FT3:out2</name>
            </Object>
         </Link>
         <Link from="12" id="71" label="" mapBrokerOutput="out3" name="MAPSERVICE.Sinacofi_D04.D04_FT3:out3" to="26" xmlVersion="1.0">
            <Object id="4ce6070f-33c6-4271-8d9e-4fbfed50f3a8">
               <name>MAPSERVICE.Sinacofi_D04.D04_FT3:out3</name>
            </Object>
         </Link>
         <Link from="12" id="72" label="" mapBrokerOutput="out4" name="MAPSERVICE.Sinacofi_D04.D04_FT3:out4" to="28" xmlVersion="1.0">
            <Object id="929b1eb7-abed-4f7f-9d9e-ae6c82292916">
               <name>MAPSERVICE.Sinacofi_D04.D04_FT3:out4</name>
            </Object>
         </Link>
         <Link from="12" id="73" label="" mapBrokerOutput="out5" name="MAPSERVICE.Sinacofi_D04.D04_FT3:out5" to="29" xmlVersion="1.0">
            <Object id="760cae38-c976-4ece-8448-d197e5c0cccd">
               <name>MAPSERVICE.Sinacofi_D04.D04_FT3:out5</name>
            </Object>
         </Link>
         <Link from="12" id="74" label="" mapBrokerOutput="out6" name="MAPSERVICE.Sinacofi_D04.D04_FT3:out6" to="30" xmlVersion="1.0">
            <Object id="1a06fd5c-dfda-4674-bc8e-1f32ec651e61">
               <name>MAPSERVICE.Sinacofi_D04.D04_FT3:out6</name>
            </Object>
         </Link>
         <Link from="12" id="75" label="" mapBrokerOutput="out7" name="MAPSERVICE.Sinacofi_D04.D04_FT3:out7" to="5" xmlVersion="1.0">
            <Object id="870c326a-5551-48ab-8655-b6d05ecb682a">
               <name>MAPSERVICE.Sinacofi_D04.D04_FT3:out7</name>
            </Object>
         </Link>
         <Link from="33" id="76" label="" mapBrokerOutput="out1" name="MAPSERVICE.Sinacofi_D04.D04_FT3:out1" to="31" xmlVersion="1.0">
            <Object id="02a33240-7f57-4be3-969f-9eb6b73b9b17">
               <name>MAPSERVICE.Sinacofi_D04.D04_FT3:out1</name>
            </Object>
         </Link>
         <Link from="33" id="78" label="" mapBrokerOutput="out" name="MAPSERVICE.Sinacofi_D04.D04_FT3:out" to="32" xmlVersion="1.0">
            <Object id="35ffb868-2b85-40ba-be7b-e2c65a0a2859">
               <name>MAPSERVICE.Sinacofi_D04.D04_FT3:out</name>
            </Object>
         </Link>
         <Link from="34" id="79" label="" name="MAPSERVICE.Sinacofi_D04.D04_FT3:Link38" to="33" xmlVersion="1.0">
            <Object id="3a7ffc05-2672-4d1d-ba26-06409865daa2">
               <name>MAPSERVICE.Sinacofi_D04.D04_FT3:Link38</name>
            </Object>
         </Link>
         <Link from="31" id="80" label="" name="in1" to="35" xmlVersion="1.0">
            <Object id="50ce74da-5cc4-4486-9fc9-755c3b88b2d1">
               <name>MAPSERVICE.Sinacofi_D04.D04_FT3:in1</name>
            </Object>
         </Link>
         <Link from="35" id="81" label="" mapBrokerOutput="out" name="MAPSERVICE.Sinacofi_D04.D04_FT3:out" to="36" xmlVersion="1.0">
            <Object id="122b9b5b-7f33-4770-a150-96a08553bf9f">
               <name>MAPSERVICE.Sinacofi_D04.D04_FT3:out</name>
            </Object>
         </Link>
         <Link from="36" id="82" label="" name="MAPSERVICE.Sinacofi_D04.D04_FT3:Link41" to="1" xmlVersion="1.0"/>
         <Link from="24" id="83" label="" mapBrokerOutput="out" name="MAPSERVICE.Sinacofi_D04.D04_FT3:out" to="14" xmlVersion="1.0">
            <Object id="583568c6-a649-4b96-b4bf-c477cc555ef1">
               <name>MAPSERVICE.Sinacofi_D04.D04_FT3:out</name>
            </Object>
         </Link>
         <Link from="32" id="84" label="" name="in1" to="37" xmlVersion="1.0">
            <Object id="ca12c853-4e21-45ba-a20e-d64e3f586575">
               <name>MAPSERVICE.Sinacofi_D04.D04_FT3:in1</name>
            </Object>
         </Link>
         <Link from="8" id="85" label="" mapBrokerOutput="out2" name="MAPSERVICE.Sinacofi_D04.D04_FT3:out2" to="22" xmlVersion="1.0">
            <Object id="3c6a3aca-68e2-4a90-bee0-7b7a0852c673">
               <name>MAPSERVICE.Sinacofi_D04.D04_FT3:out2</name>
            </Object>
         </Link>
         <Link from="8" id="86" label="" mapBrokerOutput="out" name="MAPSERVICE.Sinacofi_D04.D04_FT3:out" to="13" xmlVersion="1.0">
            <Object id="0418b3af-d8ee-4966-9bea-50c9eecc60ab">
               <name>MAPSERVICE.Sinacofi_D04.D04_FT3:out</name>
            </Object>
         </Link>
         <Link from="8" id="87" label="" mapBrokerOutput="out1" name="MAPSERVICE.Sinacofi_D04.D04_FT3:out1" to="13" xmlVersion="1.0">
            <Object id="0ff5d9d6-af0f-491e-b885-26831aaead37">
               <name>MAPSERVICE.Sinacofi_D04.D04_FT3:out1</name>
            </Object>
         </Link>
         <Link from="18" id="88" label="" name="MAPSERVICE.Sinacofi_D04.D04_FT3:Link1_88" to="38" xmlVersion="1.0">
            <FunctionList>
               <Function>MAPSERVICE.Sinacofi_D04.InsertErrorTBL</Function>
               <Function>MAPSERVICE.Sinacofi_D04.GetMSGbyTD</Function>
               <Function>MAPSERVICE.Sinacofi_D04.ValidarEstructuraCAR</Function>
               <Function>MAPSERVICE.Sinacofi_D04.GetCodigoMSGbyMSG</Function>
               <Function>MAPSERVICE.Sinacofi_D04.ValidarLargos</Function>
               <Function>MAPSERVICE.Sinacofi_D04.GetEntidadByCasilla</Function>
               <Function>MAPSERVICE.Sinacofi_D04.GetTamanoByCorrelativo</Function>
               <Function>MAPSERVICE.Sinacofi_D04.CountCasillaByCasilla</Function>
            </FunctionList>
         </Link>
         <Link from="35" id="89" label="" name="MAPSERVICE.Sinacofi_D04.D04_FT3:Link1_89" to="38" xmlVersion="1.0">
            <FunctionList>
               <Function>MAPSERVICE.Sinacofi_D04.InsertMovTBL</Function>
               <Function>MAPSERVICE.Sinacofi_D04.InsertErrorTBL</Function>
            </FunctionList>
         </Link>
         <Link from="12" id="90" label="" name="MAPSERVICE.Sinacofi_D04.D04_FT3:Link1_90" to="38" xmlVersion="1.0">
            <FunctionList>
               <Function>MAPSERVICE.Sinacofi_D04.InsertMovTBL</Function>
               <Function>MAPSERVICE.Sinacofi_D04.Correlativo</Function>
               <Function>MAPSERVICE.Sinacofi_D04.GetEntidadByCasilla</Function>
            </FunctionList>
         </Link>
         <Link from="24" id="91" label="" name="MAPSERVICE.Sinacofi_D04.D04_FT3:Link1_91" to="38" xmlVersion="1.0">
            <FunctionList>
               <Function>MAPSERVICE.Sinacofi_D04.InsertErrorTBL</Function>
               <Function>MAPSERVICE.Sinacofi_D04.GetCodigoMSGbyMSG</Function>
               <Function>MAPSERVICE.Sinacofi_D04.ValidarLargos</Function>
            </FunctionList>
         </Link>
         <Link from="10" id="97" label="" name="MAPSERVICE.Sinacofi_D04.D04_FT3:Channel_10_38" to="38" xmlVersion="1.0">
            <FunctionList>
               <Function>MAPSERVICE.Sinacofi_D04.GetCodigoMSGbyMSG</Function>
               <Function>MAPSERVICE.Sinacofi_D04.InsertErrorTBL</Function>
               <Function>MAPSERVICE.Sinacofi_D04.ValidarLargos</Function>
            </FunctionList>
         </Link>
         <Link from="19" id="102" label="" name="MAPSERVICE.Sinacofi_D04.D04_FT3:Channel_19_38" to="38" xmlVersion="1.0">
            <FunctionList>
               <Function>MAPSERVICE.Sinacofi_D04.GetMSGbyTD</Function>
               <Function>MAPSERVICE.Sinacofi_D04.ValidarEstructuraCAR</Function>
               <Function>MAPSERVICE.Sinacofi_D04.InsertErrorTBL</Function>
            </FunctionList>
         </Link>
         <Link from="20" id="103" label="" name="MAPSERVICE.Sinacofi_D04.D04_FT3:Channel_20_38" to="38" xmlVersion="1.0">
            <FunctionList>
               <Function>MAPSERVICE.Sinacofi_D04.GetEntidadByCasilla</Function>
               <Function>MAPSERVICE.Sinacofi_D04.CountCasillaByCasilla</Function>
               <Function>MAPSERVICE.Sinacofi_D04.InsertErrorTBL</Function>
               <Function>MAPSERVICE.Sinacofi_D04.GetTamanoByCorrelativo</Function>
            </FunctionList>
         </Link>
      </DataProcess>
      <Events>
         <Event id="1b057f77-5fb3-4012-9675-80b3edb7a957" label="" lastModified="2024-04-19T16:04:48.000Z" level="error" name="MAPSERVICE.Sinacofi_D04.D04_FT3" xmlVersion="1.0"/>
      </Events>
      <DynamicMapBrokers/>
      <Configuration>
         <checkInputFacet>true</checkInputFacet>
         <stopOnFirstInputFacetCheckError>false</stopOnFirstInputFacetCheckError>
         <checkInputCheckConstraints>false</checkInputCheckConstraints>
         <stopOnFirstInputCheckConstraintsError>false</stopOnFirstInputCheckConstraintsError>
         <checkOutputFacet>true</checkOutputFacet>
         <stopOnFirstOutputFacetCheckError>false</stopOnFirstOutputFacetCheckError>
         <checkOutputCheckConstraints>true</checkOutputCheckConstraints>
         <stopOnFirstOutputCheckConstraintsError>true</stopOnFirstOutputCheckConstraintsError>
         <continueMessageProcessingOnError>false</continueMessageProcessingOnError>
         <groupAllResultingInstances>false</groupAllResultingInstances>
         <keepExactValue>true</keepExactValue>
         <copyAttributes>true</copyAttributes>
      </Configuration>
   </MapStage>
</MapStages>
