<?xml version="1.0" encoding="UTF-8" standalone="no"?>
<MapBrokers xmlns:xsi="http://www.w3.org/2001/XMLSchema-instance" xsi:noNamespaceSchemaLocation="MapBrokers_2.xsd">
   <MapBroker dmlCompatibility="2.1" id="cf0945b0-28c2-4639-a6c9-bddbb3e71ab9" label="" lastModified="2024-05-29T20:12:27.000Z" name="MAPSERVICE_Sinacofi_P19_F1_P19_FRONT::MAPSERVICE.Sinacofi_P19_F1.Calcular_Cam" xmlVersion="1.0">
      <DmlMapBroker>
         <InputBusinessDocuments>
            <InputBusinessDocument>
               <BusinessDocument id="5a26c413-5426-4534-8607-9d23965d6be1">
                  <name>MAPSERVICE_Sinacofi_P19_F1_P19_FRONT::MAPSERVICE.Sinacofi_P19_F1\ArchivosEntrada.P19_Archivo_Datos</name>
                  <lastModified>2024-08-20T20:04:32.000Z</lastModified>
               </BusinessDocument>
               <Alias>in</Alias>
            </InputBusinessDocument>
         </InputBusinessDocuments>
         <DecisionPath>
            <StepMappingRule>
               <MappingRule id="1cb16b97-c668-4742-bf9c-e7da78efdc15" label="" lastModified="2024-08-20T20:04:32.000Z" name="MAPSERVICE_Sinacofi_P19_F1_P19_FRONT::MAPSERVICE.Sinacofi_P19_F1.Calcular_Campos:Calcular_Campos" xmlVersion="1.0">
                  <OutputBusinessDocument id="29b6fc93-a3f5-4ed1-bd2a-a3828141c0b1">
                     <name>MAPSERVICE_Sinacofi_P19_F1_P19_FRONT::MAPSERVICE.Sinacofi_P19_F1\Salida.P19_Caratula_Salida</name>
                     <lastModified>2024-08-20T20:04:32.000Z</lastModified>
                  </OutputBusinessDocument>
                  <MappingElement ElementReferenceId="3">
                     <Expression>
                        <DmlExpression><![CDATA[count( \Details )
]]></DmlExpression>
                     </Expression>
                     <Comment/>
                  </MappingElement>
                  <MappingElement ElementReferenceId="4">
                     <Expression>
                        <DmlExpression><![CDATA[%comunasConcatenadas:= "|";
%totalPB7A:=0;
%totalPB7B:=0;
%totalPB9:=0;
%totalPBA:=0;
%totalPBB:=0;
loop on \Details {
	if ( countString( %comunasConcatenadas, "|" & getSubString( this\Contenido, 4, 6 ) & "|" ) = 0 ) then {
		%comunasConcatenadas:= %comunasConcatenadas & getSubString( this\Contenido, 4, 6 ) & "|"
  	};
  	%totalPB7A:=%totalPB7A+convertToI( getSubString( this\Contenido, 11, 7 ) )+convertToI( getSubString( this\Contenido, 53, 7 ) )+convertToI( getSubString( this\Contenido, 95, 7 ) )+convertToI( getSubString( this\Contenido, 137, 7 ) );
  	%totalPB7B:=%totalPB7B+convertToI( getSubString( this\Contenido, 18, 7 ) )+convertToI( getSubString( this\Contenido, 60, 7 ) )+convertToI( getSubString( this\Contenido, 102, 7 ) )+convertToI( getSubString( this\Contenido, 144, 7 ) );
  	%totalPB9:=%totalPB9+convertToI( getSubString( this\Contenido, 179, 5 ) );
  	%totalPBA:=%totalPBA+convertToI( getSubString( this\Contenido, 194, 5 ) )+convertToI( getSubString( this\Contenido, 199, 5 ) )+convertToI( getSubString( this\Contenido, 204, 5 ) );
  	%totalPBB:=%totalPBB+convertToI( getSubString( this\Contenido, 25, 14 ) )+convertToI( getSubString( this\Contenido, 67, 14 ) )+convertToI( getSubString( this\Contenido, 109, 14 ) )+convertToI( getSubString( this\Contenido, 151, 14 ) )  	
};
%comunasDistintas:= countString( %comunasConcatenadas, "|" ) -1 ;
%comunasDistintas]]></DmlExpression>
                     </Expression>
                     <Comment/>
                  </MappingElement>
                  <MappingElement ElementReferenceId="6">
                     <Expression>
                        <DmlExpression><![CDATA[%totalPB7A]]></DmlExpression>
                     </Expression>
                     <Comment/>
                  </MappingElement>
                  <MappingElement ElementReferenceId="7">
                     <Expression>
                        <DmlExpression><![CDATA[""]]></DmlExpression>
                     </Expression>
                     <Comment/>
                  </MappingElement>
                  <MappingElement ElementReferenceId="5">
                     <Expression>
                        <DmlExpression><![CDATA[""]]></DmlExpression>
                     </Expression>
                     <Comment/>
                  </MappingElement>
                  <MappingElement ElementReferenceId="8">
                     <Expression>
                        <DmlExpression><![CDATA[%totalPB7B]]></DmlExpression>
                     </Expression>
                     <Comment/>
                  </MappingElement>
                  <MappingElement ElementReferenceId="9">
                     <Expression>
                        <DmlExpression><![CDATA[%totalPB9]]></DmlExpression>
                     </Expression>
                     <Comment/>
                  </MappingElement>
                  <MappingElement ElementReferenceId="10">
                     <Expression>
                        <DmlExpression><![CDATA[%totalPBA]]></DmlExpression>
                     </Expression>
                     <Comment/>
                  </MappingElement>
                  <MappingElement ElementReferenceId="11">
                     <Expression>
                        <DmlExpression><![CDATA[%totalPBB]]></DmlExpression>
                     </Expression>
                     <Comment/>
                  </MappingElement>
                  <MappingElement ElementReferenceId="2">
                     <Expression>
                        <DmlExpression><![CDATA[getSubString( in:\Header\Datos,7,6 )]]></DmlExpression>
                     </Expression>
                     <Comment/>
                  </MappingElement>
               </MappingRule>
               <StepOutput>
                  <OutputName>out</OutputName>
               </StepOutput>
            </StepMappingRule>
            <StepOutput>
               <OutputName>out1</OutputName>
               <InputBusinessDocumentAlias>in</InputBusinessDocumentAlias>
            </StepOutput>
            <StepOutput>
               <OutputName>out2</OutputName>
               <InputBusinessDocumentAlias>in</InputBusinessDocumentAlias>
            </StepOutput>
            <StepStep>
               <DmlExpression><![CDATA[%correlativoPrefijo:= getSubString(getAttribute( "B2BXGIReceive_ConsumptionFilename" ), 5, 8 );
setDocumentAttributeToOutput( "out1",  "B2BXGISend_ProductionFilename",%correlativoPrefijo &"_datosSalida");
setDocumentAttributeToOutput( "out2",  "B2BXGISend_ProductionFilename",getSubString(getAttribute("B2BXGIReceive_ConsumptionFilename" ), 5, 255) + getAttribute( "B2BXGIReceive_ConsumptionExtension"))]]></DmlExpression>
            </StepStep>
         </DecisionPath>
      </DmlMapBroker>
   </MapBroker>
</MapBrokers>
