{
  "born-on" : "2024-09-11T15:30:09-0300",
  "beans" : [ {
    "@class" : "ComponentBean",
    "resourceName" : "MAPSERVICE.Sinacofi_A02.A02_FT3",
    "resourceAbsFilePath" : "",
    "resourceType" : "3",
    "componentId" : "11992501",
    "processingStepEnabled" : true,
    "processingStepName" : "Component_A02_FT3",
    "processingStepType" : "Map",
    "processingStepAddOutput" : false,
    "configurations" : "null/11992501/configurations",
    "@id" : "11992001",
    "configuration-defs" : [ {
      "name" : "Input",
      "type" : "13",
      "description" : "Input format XML",
      "arguments" : null,
      "@id" : "11993001",
      "argument-defs" : [ {
        "name" : "Detector mode",
        "type" : "java.lang.Boolean",
        "notEqualTo" : null,
        "value" : null,
        "editable" : false,
        "@id" : "11993501"
      }, {
        "name" : "Check facet on input",
        "type" : "java.lang.Boolean",
        "notEqualTo" : null,
        "value" : null,
        "editable" : false,
        "@id" : "11993502"
      }, {
        "name" : "Check facet on output",
        "type" : "java.lang.Boolean",
        "notEqualTo" : null,
        "value" : null,
        "editable" : false,
        "@id" : "11993503"
      }, {
        "name" : "Accept input documents with errors",
        "type" : "java.lang.Boolean",
        "notEqualTo" : null,
        "value" : null,
        "editable" : false,
        "@id" : "11993504"
      }, {
        "name" : "Action when no output created by flow",
        "type" : "b2bx.server.EnumParameter",
        "notEqualTo" : null,
        "value" : "4",
        "editable" : true,
        "@id" : "11993505"
      }, {
        "name" : "Debug",
        "type" : "java.lang.Boolean",
        "notEqualTo" : null,
        "value" : null,
        "editable" : false,
        "@id" : "11993506"
      } ]
    }, {
      "name" : "Buzon",
      "type" : "2",
      "description" : "Output parameters",
      "arguments" : null,
      "@id" : "11993002",
      "argument-defs" : [ {
        "name" : "Output Format",
        "type" : "b2bx.server.EnumParameter",
        "notEqualTo" : null,
        "value" : "0",
        "editable" : true,
        "@id" : "11993507"
      }, {
        "name" : "Accept output documents with errors",
        "type" : "java.lang.Boolean",
        "notEqualTo" : null,
        "value" : null,
        "editable" : false,
        "@id" : "11993508"
      }, {
        "name" : "Action when no output created",
        "type" : "b2bx.server.EnumParameter",
        "notEqualTo" : null,
        "value" : "2",
        "editable" : true,
        "@id" : "11993509"
      }, {
        "name" : "Version",
        "type" : "b2bx.server.EnumParameter",
        "notEqualTo" : null,
        "value" : "",
        "editable" : true,
        "@id" : "11993510"
      } ]
    }, {
      "name" : "Backup",
      "type" : "2",
      "description" : "Output parameters",
      "arguments" : null,
      "@id" : "11993003",
      "argument-defs" : [ {
        "name" : "Output Format",
        "type" : "b2bx.server.EnumParameter",
        "notEqualTo" : null,
        "value" : "0",
        "editable" : true,
        "@id" : "11993511"
      }, {
        "name" : "Accept output documents with errors",
        "type" : "java.lang.Boolean",
        "notEqualTo" : null,
        "value" : null,
        "editable" : false,
        "@id" : "11993512"
      }, {
        "name" : "Action when no output created",
        "type" : "b2bx.server.EnumParameter",
        "notEqualTo" : null,
        "value" : "2",
        "editable" : true,
        "@id" : "11993513"
      }, {
        "name" : "Version",
        "type" : "b2bx.server.EnumParameter",
        "notEqualTo" : null,
        "value" : "",
        "editable" : true,
        "@id" : "11993514"
      } ]
    }, {
      "name" : "Salida",
      "type" : "2",
      "description" : "Output parameters",
      "arguments" : null,
      "@id" : "11993004",
      "argument-defs" : [ {
        "name" : "Output Format",
        "type" : "b2bx.server.EnumParameter",
        "notEqualTo" : null,
        "value" : "0",
        "editable" : true,
        "@id" : "11993515"
      }, {
        "name" : "Accept output documents with errors",
        "type" : "java.lang.Boolean",
        "notEqualTo" : null,
        "value" : null,
        "editable" : false,
        "@id" : "11993516"
      }, {
        "name" : "Action when no output created",
        "type" : "b2bx.server.EnumParameter",
        "notEqualTo" : null,
        "value" : "2",
        "editable" : true,
        "@id" : "11993517"
      }, {
        "name" : "Version",
        "type" : "b2bx.server.EnumParameter",
        "notEqualTo" : null,
        "value" : "",
        "editable" : true,
        "@id" : "11993518"
      } ]
    }, {
      "name" : "AUX",
      "type" : "2",
      "description" : "Output parameters",
      "arguments" : null,
      "@id" : "11993005",
      "argument-defs" : [ {
        "name" : "Output Format",
        "type" : "b2bx.server.EnumParameter",
        "notEqualTo" : null,
        "value" : "0",
        "editable" : true,
        "@id" : "11993519"
      }, {
        "name" : "Accept output documents with errors",
        "type" : "java.lang.Boolean",
        "notEqualTo" : null,
        "value" : null,
        "editable" : false,
        "@id" : "11993520"
      }, {
        "name" : "Action when no output created",
        "type" : "b2bx.server.EnumParameter",
        "notEqualTo" : null,
        "value" : "2",
        "editable" : true,
        "@id" : "11993521"
      }, {
        "name" : "Version",
        "type" : "b2bx.server.EnumParameter",
        "notEqualTo" : null,
        "value" : "",
        "editable" : true,
        "@id" : "11993522"
      } ]
    }, {
      "name" : "Channel",
      "type" : "9",
      "description" : "Connection parameters",
      "arguments" : null,
      "@id" : "11993006",
      "argument-defs" : [ {
        "name" : "Connection",
        "type" : "b2bx.server.LocalObjectParameter",
        "notEqualTo" : null,
        "value" : "Oracle_MFT",
        "editable" : true,
        "@id" : "11993523"
      } ]
    } ]
  }, {
    "@class" : "ComponentBean",
    "resourceName" : "MAPSERVICE.Sinacofi_A01.A01_FT3",
    "resourceAbsFilePath" : "",
    "resourceType" : "3",
    "componentId" : "11870502",
    "processingStepEnabled" : true,
    "processingStepName" : "Component_A01_FT3",
    "processingStepType" : "Map",
    "processingStepAddOutput" : false,
    "configurations" : "null/11870502/configurations",
    "@id" : "11870002",
    "configuration-defs" : [ {
      "name" : "Input",
      "type" : "13",
      "description" : "Input format XML",
      "arguments" : null,
      "@id" : "11871007",
      "argument-defs" : [ {
        "name" : "Detector mode",
        "type" : "java.lang.Boolean",
        "notEqualTo" : null,
        "value" : null,
        "editable" : false,
        "@id" : "11871524"
      }, {
        "name" : "Check facet on input",
        "type" : "java.lang.Boolean",
        "notEqualTo" : null,
        "value" : null,
        "editable" : false,
        "@id" : "11871525"
      }, {
        "name" : "Check facet on output",
        "type" : "java.lang.Boolean",
        "notEqualTo" : null,
        "value" : null,
        "editable" : false,
        "@id" : "11871526"
      }, {
        "name" : "Accept input documents with errors",
        "type" : "java.lang.Boolean",
        "notEqualTo" : null,
        "value" : null,
        "editable" : false,
        "@id" : "11871527"
      }, {
        "name" : "Action when no output created by flow",
        "type" : "b2bx.server.EnumParameter",
        "notEqualTo" : null,
        "value" : "4",
        "editable" : true,
        "@id" : "11871528"
      }, {
        "name" : "Debug",
        "type" : "java.lang.Boolean",
        "notEqualTo" : null,
        "value" : null,
        "editable" : false,
        "@id" : "11871529"
      } ]
    }, {
      "name" : "Salida",
      "type" : "2",
      "description" : "Output parameters",
      "arguments" : null,
      "@id" : "11871008",
      "argument-defs" : [ {
        "name" : "Output Format",
        "type" : "b2bx.server.EnumParameter",
        "notEqualTo" : null,
        "value" : "0",
        "editable" : true,
        "@id" : "11871530"
      }, {
        "name" : "Accept output documents with errors",
        "type" : "java.lang.Boolean",
        "notEqualTo" : null,
        "value" : null,
        "editable" : false,
        "@id" : "11871531"
      }, {
        "name" : "Action when no output created",
        "type" : "b2bx.server.EnumParameter",
        "notEqualTo" : null,
        "value" : "2",
        "editable" : true,
        "@id" : "11871532"
      }, {
        "name" : "Version",
        "type" : "b2bx.server.EnumParameter",
        "notEqualTo" : null,
        "value" : "",
        "editable" : true,
        "@id" : "11871533"
      } ]
    }, {
      "name" : "Backup",
      "type" : "2",
      "description" : "Output parameters",
      "arguments" : null,
      "@id" : "11871009",
      "argument-defs" : [ {
        "name" : "Output Format",
        "type" : "b2bx.server.EnumParameter",
        "notEqualTo" : null,
        "value" : "0",
        "editable" : true,
        "@id" : "11871534"
      }, {
        "name" : "Accept output documents with errors",
        "type" : "java.lang.Boolean",
        "notEqualTo" : null,
        "value" : null,
        "editable" : false,
        "@id" : "11871535"
      }, {
        "name" : "Action when no output created",
        "type" : "b2bx.server.EnumParameter",
        "notEqualTo" : null,
        "value" : "2",
        "editable" : true,
        "@id" : "11871536"
      }, {
        "name" : "Version",
        "type" : "b2bx.server.EnumParameter",
        "notEqualTo" : null,
        "value" : "",
        "editable" : true,
        "@id" : "11871537"
      } ]
    }, {
      "name" : "AUX",
      "type" : "2",
      "description" : "Output parameters",
      "arguments" : null,
      "@id" : "11871010",
      "argument-defs" : [ {
        "name" : "Output Format",
        "type" : "b2bx.server.EnumParameter",
        "notEqualTo" : null,
        "value" : "0",
        "editable" : true,
        "@id" : "11871538"
      }, {
        "name" : "Accept output documents with errors",
        "type" : "java.lang.Boolean",
        "notEqualTo" : null,
        "value" : null,
        "editable" : false,
        "@id" : "11871539"
      }, {
        "name" : "Action when no output created",
        "type" : "b2bx.server.EnumParameter",
        "notEqualTo" : null,
        "value" : "2",
        "editable" : true,
        "@id" : "11871540"
      }, {
        "name" : "Version",
        "type" : "b2bx.server.EnumParameter",
        "notEqualTo" : null,
        "value" : "",
        "editable" : true,
        "@id" : "11871541"
      } ]
    }, {
      "name" : "Buzon",
      "type" : "2",
      "description" : "Output parameters",
      "arguments" : null,
      "@id" : "11871011",
      "argument-defs" : [ {
        "name" : "Output Format",
        "type" : "b2bx.server.EnumParameter",
        "notEqualTo" : null,
        "value" : "0",
        "editable" : true,
        "@id" : "11871542"
      }, {
        "name" : "Accept output documents with errors",
        "type" : "java.lang.Boolean",
        "notEqualTo" : null,
        "value" : null,
        "editable" : false,
        "@id" : "11871543"
      }, {
        "name" : "Action when no output created",
        "type" : "b2bx.server.EnumParameter",
        "notEqualTo" : null,
        "value" : "2",
        "editable" : true,
        "@id" : "11871544"
      }, {
        "name" : "Version",
        "type" : "b2bx.server.EnumParameter",
        "notEqualTo" : null,
        "value" : "",
        "editable" : true,
        "@id" : "11871545"
      } ]
    }, {
      "name" : "Channel",
      "type" : "9",
      "description" : "Connection parameters",
      "arguments" : null,
      "@id" : "11871012",
      "argument-defs" : [ {
        "name" : "Connection",
        "type" : "b2bx.server.LocalObjectParameter",
        "notEqualTo" : null,
        "value" : "Oracle_MFT",
        "editable" : true,
        "@id" : "11871546"
      } ]
    } ]
  }, {
    "@class" : "ComponentBean",
    "resourceName" : "MAPSERVICE.Sinacofi_C45.C45_FT3",
    "resourceAbsFilePath" : "",
    "resourceType" : "3",
    "componentId" : "11870514",
    "processingStepEnabled" : true,
    "processingStepName" : "Component_C45_FT3",
    "processingStepType" : "Map",
    "processingStepAddOutput" : false,
    "configurations" : "null/11870514/configurations",
    "@id" : "11870014",
    "configuration-defs" : [ {
      "name" : "Input",
      "type" : "13",
      "description" : "Input format XML",
      "arguments" : null,
      "@id" : "11871057",
      "argument-defs" : [ {
        "name" : "Detector mode",
        "type" : "java.lang.Boolean",
        "notEqualTo" : null,
        "value" : null,
        "editable" : false,
        "@id" : "11871723"
      }, {
        "name" : "Check facet on input",
        "type" : "java.lang.Boolean",
        "notEqualTo" : null,
        "value" : null,
        "editable" : false,
        "@id" : "11871724"
      }, {
        "name" : "Check facet on output",
        "type" : "java.lang.Boolean",
        "notEqualTo" : null,
        "value" : null,
        "editable" : false,
        "@id" : "11871725"
      }, {
        "name" : "Accept input documents with errors",
        "type" : "java.lang.Boolean",
        "notEqualTo" : null,
        "value" : null,
        "editable" : false,
        "@id" : "11871726"
      }, {
        "name" : "Action when no output created by flow",
        "type" : "b2bx.server.EnumParameter",
        "notEqualTo" : null,
        "value" : "4",
        "editable" : true,
        "@id" : "11871727"
      }, {
        "name" : "Debug",
        "type" : "java.lang.Boolean",
        "notEqualTo" : null,
        "value" : null,
        "editable" : false,
        "@id" : "11871728"
      } ]
    }, {
      "name" : "AUX",
      "type" : "2",
      "description" : "Output parameters",
      "arguments" : null,
      "@id" : "11871058",
      "argument-defs" : [ {
        "name" : "Output Format",
        "type" : "b2bx.server.EnumParameter",
        "notEqualTo" : null,
        "value" : "0",
        "editable" : true,
        "@id" : "11871729"
      }, {
        "name" : "Accept output documents with errors",
        "type" : "java.lang.Boolean",
        "notEqualTo" : null,
        "value" : null,
        "editable" : false,
        "@id" : "11871730"
      }, {
        "name" : "Action when no output created",
        "type" : "b2bx.server.EnumParameter",
        "notEqualTo" : null,
        "value" : "2",
        "editable" : true,
        "@id" : "11871731"
      }, {
        "name" : "Version",
        "type" : "b2bx.server.EnumParameter",
        "notEqualTo" : null,
        "value" : "",
        "editable" : true,
        "@id" : "11871732"
      } ]
    }, {
      "name" : "Buzon",
      "type" : "2",
      "description" : "Output parameters",
      "arguments" : null,
      "@id" : "11871059",
      "argument-defs" : [ {
        "name" : "Output Format",
        "type" : "b2bx.server.EnumParameter",
        "notEqualTo" : null,
        "value" : "0",
        "editable" : true,
        "@id" : "11871733"
      }, {
        "name" : "Accept output documents with errors",
        "type" : "java.lang.Boolean",
        "notEqualTo" : null,
        "value" : null,
        "editable" : false,
        "@id" : "11871734"
      }, {
        "name" : "Action when no output created",
        "type" : "b2bx.server.EnumParameter",
        "notEqualTo" : null,
        "value" : "2",
        "editable" : true,
        "@id" : "11871735"
      }, {
        "name" : "Version",
        "type" : "b2bx.server.EnumParameter",
        "notEqualTo" : null,
        "value" : "",
        "editable" : true,
        "@id" : "11871736"
      } ]
    }, {
      "name" : "Backup",
      "type" : "2",
      "description" : "Output parameters",
      "arguments" : null,
      "@id" : "11871060",
      "argument-defs" : [ {
        "name" : "Output Format",
        "type" : "b2bx.server.EnumParameter",
        "notEqualTo" : null,
        "value" : "0",
        "editable" : true,
        "@id" : "11871737"
      }, {
        "name" : "Accept output documents with errors",
        "type" : "java.lang.Boolean",
        "notEqualTo" : null,
        "value" : null,
        "editable" : false,
        "@id" : "11871738"
      }, {
        "name" : "Action when no output created",
        "type" : "b2bx.server.EnumParameter",
        "notEqualTo" : null,
        "value" : "2",
        "editable" : true,
        "@id" : "11871739"
      }, {
        "name" : "Version",
        "type" : "b2bx.server.EnumParameter",
        "notEqualTo" : null,
        "value" : "",
        "editable" : true,
        "@id" : "11871740"
      } ]
    }, {
      "name" : "Salida",
      "type" : "2",
      "description" : "Output parameters",
      "arguments" : null,
      "@id" : "11871061",
      "argument-defs" : [ {
        "name" : "Output Format",
        "type" : "b2bx.server.EnumParameter",
        "notEqualTo" : null,
        "value" : "0",
        "editable" : true,
        "@id" : "11871741"
      }, {
        "name" : "Accept output documents with errors",
        "type" : "java.lang.Boolean",
        "notEqualTo" : null,
        "value" : null,
        "editable" : false,
        "@id" : "11871742"
      }, {
        "name" : "Action when no output created",
        "type" : "b2bx.server.EnumParameter",
        "notEqualTo" : null,
        "value" : "2",
        "editable" : true,
        "@id" : "11871743"
      }, {
        "name" : "Version",
        "type" : "b2bx.server.EnumParameter",
        "notEqualTo" : null,
        "value" : "",
        "editable" : true,
        "@id" : "11871744"
      } ]
    }, {
      "name" : "Channel",
      "type" : "9",
      "description" : "Connection parameters",
      "arguments" : null,
      "@id" : "11871062",
      "argument-defs" : [ {
        "name" : "Connection",
        "type" : "b2bx.server.LocalObjectParameter",
        "notEqualTo" : null,
        "value" : "Oracle_MFT",
        "editable" : true,
        "@id" : "11871745"
      } ]
    } ]
  } ],
  "container-version" : "26.11.1 951d5bfb",
  "count" : 3,
  "version" : "1.0"
}