<?xml version="1.0" encoding="UTF-8" standalone="no"?>
<Container xmlns:xsi="http://www.w3.org/2001/XMLSchema-instance" id="97a6dd0b-a0ea-4cd5-b7c0-313db69b255e" name="Sinacofi_A01_A01_FT3" version="2" xsi:noNamespaceSchemaLocation="Container.xsd">
   <longDescription> </longDescription>
   <generatedBy/>
   <generationDate>2024-09-11T20:49:33.000Z</generationDate>
   <shortDescription/>
   <Contents>
      <Product name="Integrator" version="3.7.0"/>
      <Product name="MapDesigner" version="2.5.0"/>
   </Contents>
</Container>
