<?xml version="1.0" encoding="UTF-8" standalone="no"?>
<MapStages xmlns:xsi="http://www.w3.org/2001/XMLSchema-instance" xsi:noNamespaceSchemaLocation="MapStages_1.xsd">
   <MapStage dmlCompatibility="2.1" id="f37bd1e2-d9b0-4c14-8405-77bc25894470" label="" lastModified="2024-07-31T15:19:28.000Z" name="MAPSERVICE.Sinacofi_C49_F1.C49_FRONT" xmlVersion="1.0">
      <Input id="b597a79c-7d3b-47b0-b972-e65bc9facfa4" label="" name="MAPSERVICE.Sinacofi_C49_F1.C49_FRONT:Input" xmlVersion="1.1">
         <Properties>
            <Property name="split" type="String">
               <SimpleValue>false</SimpleValue>
            </Property>
         </Properties>
      </Input>
      <Outputs>
         <Output id="1b1ee5cb-9bbc-4d4c-8c13-ec9075604fb8" label="" name="MAPSERVICE.Sinacofi_C49_F1.C49_FRONT:Backup" xmlVersion="1.1">
            <Properties>
               <Property name="group" type="String">
                  <SimpleValue>false</SimpleValue>
               </Property>
            </Properties>
         </Output>
         <Output id="0efec2ae-9ba1-4e25-92c6-2fdb08338c20" label="" name="MAPSERVICE.Sinacofi_C49_F1.C49_FRONT:Salida" xmlVersion="1.1">
            <Properties>
               <Property name="group" type="String">
                  <SimpleValue>false</SimpleValue>
               </Property>
            </Properties>
         </Output>
      </Outputs>
      <DataProcess>
         <Node id="1" label="" name="MAPSERVICE_Sinacofi_C49_F1_C49_FRONT::MAPSERVICE.Sinacofi_C49_F1\ArchivosEntrada.C49_Archivo_Datos" type="BusinessDocument" x="511.0" xmlVersion="1.0" y="31.0">
            <Object id="5a26c413-5426-4534-8607-9d23965d6be1">
               <name>MAPSERVICE_Sinacofi_C49_F1_C49_FRONT::MAPSERVICE.Sinacofi_C49_F1\ArchivosEntrada.C49_Archivo_Datos</name>
               <lastModified>2024-07-31T15:19:28.000Z</lastModified>
            </Object>
         </Node>
         <Node id="2" label="" name="MAPSERVICE_Sinacofi_C49_F1_C49_FRONT::MAPSERVICE.Sinacofi_C49_F1.Calcular_Cam" type="MapBroker" x="663.0" xmlVersion="1.0" y="10.0">
            <Object id="cf0945b0-28c2-4639-a6c9-bddbb3e71ab9">
               <name>MAPSERVICE_Sinacofi_C49_F1_C49_FRONT::MAPSERVICE.Sinacofi_C49_F1.Calcular_Cam</name>
               <lastModified>2024-07-31T15:19:28.000Z</lastModified>
            </Object>
         </Node>
         <Node id="3" label="" name="MAPSERVICE_Sinacofi_C49_F1_C49_FRONT::MAPSERVICE.Sinacofi_C49_F1.Evento_Error" type="MapBroker" x="229.0" xmlVersion="1.0" y="247.0">
            <Object id="ddec0d24-706a-4db5-a7ac-a14fde47f3f3">
               <name>MAPSERVICE_Sinacofi_C49_F1_C49_FRONT::MAPSERVICE.Sinacofi_C49_F1.Evento_Error</name>
               <lastModified>2024-07-31T15:19:28.000Z</lastModified>
            </Object>
         </Node>
         <Node id="4" label="" name="MAPSERVICE.Sinacofi_C49_F1.C49_FRONT:ERROR" type="Event" x="30.0" xmlVersion="1.0" y="261.0">
            <Object id="ea9bc5c0-4d63-4fb9-9808-997c8d85dcaf">
               <name>MAPSERVICE.Sinacofi_C49_F1.C49_FRONT:ERROR</name>
               <lastModified>2024-07-31T15:16:27.000Z</lastModified>
            </Object>
         </Node>
         <Node id="5" label="" name="MAPSERVICE_Sinacofi_C49_F1_C49_FRONT::MAPSERVICE.Sinacofi_C49_F1\ArchivosEntrada.C49_Archivo_Datos" type="BusinessDocument" x="860.0" xmlVersion="1.0" y="207.0">
            <Object id="5a26c413-5426-4534-8607-9d23965d6be1">
               <name>MAPSERVICE_Sinacofi_C49_F1_C49_FRONT::MAPSERVICE.Sinacofi_C49_F1\ArchivosEntrada.C49_Archivo_Datos</name>
               <lastModified>2024-07-31T15:19:28.000Z</lastModified>
            </Object>
         </Node>
         <Node id="6" label="" name="MAPSERVICE.Sinacofi_C49_F1.C49_FRONT:Backup" type="Output" x="1006.0" xmlVersion="1.0" y="340.0">
            <Object id="1b1ee5cb-9bbc-4d4c-8c13-ec9075604fb8">
               <name>MAPSERVICE.Sinacofi_C49_F1.C49_FRONT:Backup</name>
            </Object>
         </Node>
         <Node id="7" label="" name="MAPSERVICE_Sinacofi_C49_F1_C49_FRONT::MAPSERVICE.Sinacofi_C49_F1\ArchivosMomentaneos.C49_Archivo_Datos_Val" type="BusinessDocument" x="162.0" xmlVersion="1.0" y="10.0">
            <Object id="5c9869f5-0ef5-4ee5-86c9-f734af6e5774">
               <name>MAPSERVICE_Sinacofi_C49_F1_C49_FRONT::MAPSERVICE.Sinacofi_C49_F1\ArchivosMomentaneos.C49_Archivo_Datos_Val</name>
               <lastModified>2024-07-31T15:19:28.000Z</lastModified>
            </Object>
         </Node>
         <Node id="8" label="" name="MAPSERVICE.Sinacofi_C49_F1.C49_FRONT:Input" type="Input" x="10.0" xmlVersion="1.0" y="10.0">
            <Object id="b597a79c-7d3b-47b0-b972-e65bc9facfa4">
               <name>MAPSERVICE.Sinacofi_C49_F1.C49_FRONT:Input</name>
            </Object>
         </Node>
         <Node id="9" label="" name="MAPSERVICE_Sinacofi_C49_F1_C49_FRONT::MAPSERVICE.Sinacofi_C49_F1.Validar_Datos" type="MapBroker" x="314.0" xmlVersion="1.0" y="10.0">
            <Object id="02a18ed3-71eb-431e-a139-72784f94f3c4">
               <name>MAPSERVICE_Sinacofi_C49_F1_C49_FRONT::MAPSERVICE.Sinacofi_C49_F1.Validar_Datos</name>
               <lastModified>2024-07-31T15:19:28.000Z</lastModified>
            </Object>
         </Node>
         <Node id="10" label="" name="MAPSERVICE_Sinacofi_C49_F1_C49_FRONT::MAPSERVICE.Sinacofi_C49_F1\Salida.C49_Caratula_Salida" type="BusinessDocument" x="860.0" xmlVersion="1.0" y="31.0">
            <Object id="29b6fc93-a3f5-4ed1-bd2a-a3828141c0b1">
               <name>MAPSERVICE_Sinacofi_C49_F1_C49_FRONT::MAPSERVICE.Sinacofi_C49_F1\Salida.C49_Caratula_Salida</name>
               <lastModified>2024-07-31T15:19:28.000Z</lastModified>
            </Object>
         </Node>
         <Node id="11" label="" name="MAPSERVICE_Sinacofi_C49_F1_C49_FRONT::MAPSERVICE.Sinacofi_C49_F1\ArchivosEntrada.C49_Archivo_Datos" type="BusinessDocument" x="860.0" xmlVersion="1.0" y="117.0">
            <Object id="5a26c413-5426-4534-8607-9d23965d6be1">
               <name>MAPSERVICE_Sinacofi_C49_F1_C49_FRONT::MAPSERVICE.Sinacofi_C49_F1\ArchivosEntrada.C49_Archivo_Datos</name>
               <lastModified>2024-07-31T15:19:28.000Z</lastModified>
            </Object>
         </Node>
         <Node id="12" label="" name="MAPSERVICE.Sinacofi_C49_F1.C49_FRONT:Salida" type="Output" x="1075.0" xmlVersion="1.0" y="235.0">
            <Object id="0efec2ae-9ba1-4e25-92c6-2fdb08338c20">
               <name>MAPSERVICE.Sinacofi_C49_F1.C49_FRONT:Salida</name>
            </Object>
         </Node>
         <Node id="13" label="" name="MAPSERVICE_Sinacofi_C49_F1_C49_FRONT::MAPSERVICE.Sinacofi_C49_F1.Insertar_Campos" type="MapBroker" x="1053.0" xmlVersion="1.0" y="10.0">
            <Object id="4015b54a-c649-4e47-b9f7-d41e3e8b10e8">
               <name>MAPSERVICE_Sinacofi_C49_F1_C49_FRONT::MAPSERVICE.Sinacofi_C49_F1.Insertar_Campos</name>
               <lastModified>2024-07-31T15:19:28.000Z</lastModified>
            </Object>
         </Node>
         <Node channelType="SQL" id="14" label="" name="MAPSERVICE.Sinacofi_C49_F1.C49_FRONT:Channel" type="Channel" x="420.0" xmlVersion="1.0" y="100.0">
            <Object id="b4242f14-a443-4db5-89a2-fbc08d2dd579">
               <name>MAPSERVICE.Sinacofi_C49_F1.C49_FRONT:Channel</name>
               <lastModified>2024-07-31T15:16:27.000Z</lastModified>
            </Object>
         </Node>
         <Link from="9" id="15" label="" mapBrokerOutput="out" name="MAPSERVICE.Sinacofi_C49_F1.C49_FRONT:out" to="1" xmlVersion="1.0">
            <Object id="856e2279-d2be-439d-85c5-772df9fcbd61">
               <name>MAPSERVICE.Sinacofi_C49_F1.C49_FRONT:out</name>
            </Object>
         </Link>
         <Link from="1" id="16" label="" name="in" to="2" xmlVersion="1.0">
            <Object id="22b1e4d5-1b79-4253-b05b-82f683780dd6">
               <name>MAPSERVICE.Sinacofi_C49_F1.C49_FRONT:in</name>
            </Object>
         </Link>
         <Link from="4" id="17" label="" name="MAPSERVICE.Sinacofi_C49_F1.C49_FRONT:Link2" to="3" xmlVersion="1.0">
            <Object id="457695dd-c49b-4564-8454-c6445e28dc80">
               <name>MAPSERVICE.Sinacofi_C49_F1.C49_FRONT:Link2</name>
            </Object>
         </Link>
         <Link from="2" id="18" label="" mapBrokerOutput="out2" name="MAPSERVICE.Sinacofi_C49_F1.C49_FRONT:out2" to="5" xmlVersion="1.0">
            <Object id="4453e784-07d4-4003-b8c1-ee7b2f50fdff">
               <name>MAPSERVICE.Sinacofi_C49_F1.C49_FRONT:out2</name>
            </Object>
         </Link>
         <Link from="5" id="19" label="" name="MAPSERVICE.Sinacofi_C49_F1.C49_FRONT:Link9" to="6" xmlVersion="1.0"/>
         <Link from="8" id="20" label="" name="MAPSERVICE.Sinacofi_C49_F1.C49_FRONT:Link1" to="7" xmlVersion="1.0"/>
         <Link from="7" id="21" label="" name="in" to="9" xmlVersion="1.0">
            <Object id="f222b79c-6c7b-403d-9c34-e8e4dddd8dd3">
               <name>MAPSERVICE.Sinacofi_C49_F1.C49_FRONT:in</name>
            </Object>
         </Link>
         <Link from="2" id="22" label="" mapBrokerOutput="out" name="MAPSERVICE.Sinacofi_C49_F1.C49_FRONT:out" to="10" xmlVersion="1.0">
            <Object id="beaf7da8-0b5b-40f8-a13b-015252e3f5b6">
               <name>MAPSERVICE.Sinacofi_C49_F1.C49_FRONT:out</name>
            </Object>
         </Link>
         <Link from="2" id="23" label="" mapBrokerOutput="out1" name="MAPSERVICE.Sinacofi_C49_F1.C49_FRONT:out1" to="11" xmlVersion="1.0">
            <Object id="793def93-bc75-4a56-8ff6-9920f02728a7">
               <name>MAPSERVICE.Sinacofi_C49_F1.C49_FRONT:out1</name>
            </Object>
         </Link>
         <Link from="11" id="24" label="" name="MAPSERVICE.Sinacofi_C49_F1.C49_FRONT:Link7" to="12" xmlVersion="1.0"/>
         <Link from="10" id="25" label="" name="in1" to="13" xmlVersion="1.0">
            <Object id="b00c24ad-aeda-4dea-81d5-cf37762799f5">
               <name>MAPSERVICE.Sinacofi_C49_F1.C49_FRONT:in1</name>
            </Object>
         </Link>
         <Link from="9" id="26" label="" name="MAPSERVICE.Sinacofi_C49_F1.C49_FRONT:Link1_26" to="14" xmlVersion="1.0">
            <FunctionList>
               <Function>MAPSERVICE.Sinacofi_C49_F1.GetLargoRegistroByTD</Function>
               <Function>MAPSERVICE.Sinacofi_C49_F1.InsertErrorTBL</Function>
               <Function>MAPSERVICE.Sinacofi_C49_F1.GetEntidadByCasilla</Function>
               <Function>MAPSERVICE.Sinacofi_C49_F1.InsertMovTBL</Function>
            </FunctionList>
         </Link>
         <Link from="13" id="27" label="" name="MAPSERVICE.Sinacofi_C49_F1.C49_FRONT:Link1_27" to="14" xmlVersion="1.0">
            <FunctionList>
               <Function>MAPSERVICE.Sinacofi_C49_F1.ValidarEstructuraCAR</Function>
               <Function>MAPSERVICE.Sinacofi_C49_F1.InsertMovTBL</Function>
               <Function>MAPSERVICE.Sinacofi_C49_F1.InsertErrorTBL</Function>
               <Function>MAPSERVICE.Sinacofi_C49_F1.CargarCampos</Function>
            </FunctionList>
         </Link>
         <Link from="3" id="28" label="" name="MAPSERVICE.Sinacofi_C49_F1.C49_FRONT:Link1_28" to="14" xmlVersion="1.0">
            <FunctionList>
               <Function>MAPSERVICE.Sinacofi_C49_F1.InsertMovTBL</Function>
               <Function>MAPSERVICE.Sinacofi_C49_F1.InsertErrorTBL</Function>
            </FunctionList>
         </Link>
         <Link from="7" id="31" label="" name="MAPSERVICE.Sinacofi_C49_F1.C49_FRONT:Channel_7_14" to="14" xmlVersion="1.0">
            <FunctionList>
               <Function>MAPSERVICE.Sinacofi_C49_F1.GetLargoRegistroByTD</Function>
               <Function>MAPSERVICE.Sinacofi_C49_F1.InsertErrorTBL</Function>
               <Function>MAPSERVICE.Sinacofi_C49_F1.GetEntidadByCasilla</Function>
            </FunctionList>
         </Link>
      </DataProcess>
      <Events>
         <Event id="ea9bc5c0-4d63-4fb9-9808-997c8d85dcaf" label="" lastModified="2024-07-31T15:16:27.000Z" level="error" name="MAPSERVICE.Sinacofi_C49_F1.C49_FRONT" xmlVersion="1.0"/>
      </Events>
      <DynamicMapBrokers/>
      <Configuration>
         <checkInputFacet>true</checkInputFacet>
         <stopOnFirstInputFacetCheckError>false</stopOnFirstInputFacetCheckError>
         <checkInputCheckConstraints>true</checkInputCheckConstraints>
         <stopOnFirstInputCheckConstraintsError>false</stopOnFirstInputCheckConstraintsError>
         <checkOutputFacet>false</checkOutputFacet>
         <stopOnFirstOutputFacetCheckError>false</stopOnFirstOutputFacetCheckError>
         <checkOutputCheckConstraints>false</checkOutputCheckConstraints>
         <stopOnFirstOutputCheckConstraintsError>false</stopOnFirstOutputCheckConstraintsError>
         <continueMessageProcessingOnError>false</continueMessageProcessingOnError>
         <groupAllResultingInstances>false</groupAllResultingInstances>
         <keepExactValue>true</keepExactValue>
         <copyAttributes>true</copyAttributes>
      </Configuration>
   </MapStage>
</MapStages>
