<?xml version="1.0" encoding="UTF-8" standalone="no"?>
<BusinessDocuments xmlns:xsi="http://www.w3.org/2001/XMLSchema-instance" xsi:noNamespaceSchemaLocation="BusinessDocuments.xsd">
   <BusinessDocument businessDocumentType="Inhouse" dmlCompatibility="2.1" encoding="iso8859" id="5a26c413-5426-4534-8607-9d23965d6be1" label="" lastModified="2024-04-22T14:30:57.000Z" name="MAPSERVICE_Sinacofi_I03_I03_FT3::MAPSERVICE.Sinacofi_I03\ArchivosMomentaneos.I03_Archivo_Datos_Val" xmlVersion="1.0">
      <Configuration>
         <decimalSeparator>true</decimalSeparator>
         <keepPresenceOfPlusSign>false</keepPresenceOfPlusSign>
         <keepPresenceOfDecimalSeparator>true</keepPresenceOfDecimalSeparator>
         <keepInputNumberOfFractionDigits>true</keepInputNumberOfFractionDigits>
         <keepInputNumberOfDateDigits>true</keepInputNumberOfDateDigits>
         <keepPresenceOfIntegerPlusSign>false</keepPresenceOfIntegerPlusSign>
      </Configuration>
      <Properties>
         <Property name="enableFixedFieldTruncation" value="false"/>
         <Property name="realFormatBehavior" value="false"/>
         <Property name="truncate" value="false"/>
         <Property name="trim" value="none"/>
         <Property name="decimalChar"/>
         <Property name="escapeChar"/>
         <Property name="closeQuote"/>
         <Property name="openQuote"/>
         <Property name="leafElmtDelimiterValue"/>
         <Property name="leafElmtDelimiterType" value="FIXED"/>
         <Property name="parentElmtDelimiterValue"/>
         <Property name="parentElmtDelimiterType" value="FIXED"/>
      </Properties>
      <Elements>
         <ParentElement cargoImpEndSepMandatory="false" cargoImpPreSepMandatory="false" delimiterType="implicit" delimiterValue="" elementType="InhouseParent" label="" maxCard="0" minCard="0" name="Contenido" order="1" swiftErrorCode="" xmlNamespace="-1" xmlNamespaceParentOrder="-1">
            <LeafElement cargoImpPreSepMandatory="false" cargoImpReference="" defaultValue="" definition="99999" definitionType="Length" delimiterType="string" delimiterValue="0x0a" dmlClassName="String" elementType="InhouseLeaf" label="" leafElementPhysicalType="string (len)" maxCard="1" minCard="0" name="Contenido" order="2" xmlNamespace="-1" xmlNamespaceParentOrder="-1">
               <Facet allowDistortion="true" alternativeDelimiterValue="!EOF!" cargoImpPattern="" closeQuote="" cobolDependingOn="-1" cobolDependingOnParentOrder="-1" decimalChar="" decimalSeparator="false" encoding="iso8859" escapeChar="" exponentialChar="" keepInputNumberOfDateDigits="false" keepInputNumberOfFractionDigits="false" keepPresenceOfDecimalSeparator="true" keepPresenceOfPlusSign="false" maxInclusiveValue="false" maxValue="" minInclusiveValue="false" minValue="" nullable="true" openQuote="" paddingChar=" " paddingPos="1" pattern="" signMinusChar="" signMinusPos="0" signPlusChar="" signPlusPos="0" validCharset="">
                  <Enumerations/>
               </Facet>
            </LeafElement>
            <Facet alternativeDelimiterValue=""/>
         </ParentElement>
      </Elements>
      <CheckConstraints>
         <CheckConstraint name="InstanciarVariables" order="0">
            <DmlExpression><![CDATA[%Sinacofi_I03.indice:=index(getAttribute( "B2BXGIReceive_ConsumptionFilename" ), "_");
%Sinacofi_I03.indice2:=index(getAttribute( "B2BXGIReceive_ConsumptionFilename"), "_", %Sinacofi_I03.indice + 1);
%Sinacofi_I03.indice3:= index(getAttribute( "B2BXGIReceive_ConsumptionFilename"), "_", %Sinacofi_I03.indice2 + 1);
%Sinacofi_I03.tipoDocumentoPrefijo:= getSubString(getAttribute( "B2BXGIReceive_ConsumptionFilename" ), 1, 3 );
%Sinacofi_I03.correlativoPrefijo:= getSubString(getAttribute( "B2BXGIReceive_ConsumptionFilename" ), 5, 8 );
%Sinacofi_I03.usuarioNAPrefijo:= getSubString(getAttribute( "B2BXGIReceive_ConsumptionFilename" ), %Sinacofi_I03.indice2 + 1, 255 );
%Sinacofi_I03.usuarioPrefijo:= getSubString(%Sinacofi_I03.usuarioNAPrefijo, 1, %Sinacofi_I03.indice3 - %Sinacofi_I03.indice2 - 1);
%Sinacofi_I03.NombreArchivo:= getSubString(getAttribute( "B2BXGIReceive_ConsumptionFilename" ), %Sinacofi_I03.indice3 + 1, length(getAttribute( "B2BXGIReceive_ConsumptionFilename" )) - %Sinacofi_I03.indice3 - 4);
%Sinacofi_I03.TipoArchivo:= "Archivo de datos";
if ( 1=1 ) then
True]]></DmlExpression>
            <DmlComment/>
         </CheckConstraint>
         <CheckConstraint name="ValidationCode05_V2" order="1">
            <DmlExpression><![CDATA[%Sinacofi_I03.CodigoError:= "005";
if(Sinacofi_I03.GetEntidadByCasilla(%Sinacofi_I03.usuarioPrefijo) <> padStringLeft( getSubString( \Contenido[ 1 ]\Contenido, 1, 3 ) , 4, "0"))
then
{     
	%Sinacofi_I03.var_error1:= Sinacofi_I03.InsertErrorTBL(
	%Sinacofi_I03.correlativoPrefijo,
	%Sinacofi_I03.CodigoError, 
	%Sinacofi_I03.TipoArchivo, 
	formatString(getDateAndTime(), "CCYY'-'MM'-'DD hh':'mm':'ss")
	)
};
True]]></DmlExpression>
            <DmlComment/>
         </CheckConstraint>
         <CheckConstraint name="ValidationContainer" order="2">
            <DmlExpression><![CDATA[if (%Sinacofi_I03.var_error1<>"") 
 then {
	false
		} 
else 
true]]></DmlExpression>
            <DmlComment/>
         </CheckConstraint>
      </CheckConstraints>
   </BusinessDocument>
</BusinessDocuments>
