<?xml version="1.0" encoding="UTF-8" standalone="no"?>
<BusinessDocuments xmlns:xsi="http://www.w3.org/2001/XMLSchema-instance" xsi:noNamespaceSchemaLocation="BusinessDocuments.xsd">
   <BusinessDocument businessDocumentType="Inhouse" dmlCompatibility="2.1" encoding="iso8859" id="29b6fc93-a3f5-4ed1-bd2a-a3828141c0b1" label="" lastModified="2024-08-13T16:25:51.000Z" name="MAPSERVICE_Sinacofi_D32_F1_D32_FRONT::MAPSERVICE.Sinacofi_D32_F1\Salida.D32_Caratula_Salida" xmlVersion="1.0">
      <Configuration>
         <decimalSeparator>true</decimalSeparator>
         <keepPresenceOfPlusSign>false</keepPresenceOfPlusSign>
         <keepPresenceOfDecimalSeparator>true</keepPresenceOfDecimalSeparator>
         <keepInputNumberOfFractionDigits>true</keepInputNumberOfFractionDigits>
         <keepInputNumberOfDateDigits>true</keepInputNumberOfDateDigits>
         <keepPresenceOfIntegerPlusSign>false</keepPresenceOfIntegerPlusSign>
      </Configuration>
      <Properties>
         <Property name="enableFixedFieldTruncation" value="false"/>
         <Property name="realFormatBehavior" value="false"/>
         <Property name="truncate" value="false"/>
         <Property name="trim" value="none"/>
         <Property name="decimalChar"/>
         <Property name="escapeChar"/>
         <Property name="closeQuote"/>
         <Property name="openQuote"/>
         <Property name="leafElmtDelimiterValue"/>
         <Property name="leafElmtDelimiterType" value="FIXED"/>
         <Property name="parentElmtDelimiterValue"/>
         <Property name="parentElmtDelimiterType" value="FIXED"/>
      </Properties>
      <Elements>
         <ParentElement cargoImpEndSepMandatory="false" cargoImpPreSepMandatory="false" delimiterType="FIXED" delimiterValue="" elementType="InhouseParent" label="" maxCard="1" minCard="1" name="Datos" order="1" swiftErrorCode="" xmlNamespace="-1" xmlNamespaceParentOrder="-1">
            <LeafElement cargoImpPreSepMandatory="false" cargoImpReference="" defaultValue="" definition="8" definitionType="Length" delimiterType="FIXED" delimiterValue="" dmlClassName="String" elementType="InhouseLeaf" label="" leafElementPhysicalType="string (len)" maxCard="1" minCard="1" name="34" order="2" xmlNamespace="-1" xmlNamespaceParentOrder="-1">
               <Facet allowDistortion="true" alternativeDelimiterValue="" cargoImpPattern="" closeQuote="" cobolDependingOn="-1" cobolDependingOnParentOrder="-1" decimalChar="" decimalSeparator="false" encoding="iso8859" escapeChar="" exponentialChar="" keepInputNumberOfDateDigits="false" keepInputNumberOfFractionDigits="false" keepPresenceOfDecimalSeparator="true" keepPresenceOfPlusSign="false" maxInclusiveValue="false" maxValue="" minInclusiveValue="false" minValue="" nullable="false" openQuote="" paddingChar=" " paddingPos="1" pattern="" signMinusChar="" signMinusPos="0" signPlusChar="" signPlusPos="0" validCharset="">
                  <Enumerations/>
               </Facet>
            </LeafElement>
            <LeafElement cargoImpPreSepMandatory="false" cargoImpReference="" defaultValue="" definition="30" definitionType="Length" delimiterType="FIXED" delimiterValue="" dmlClassName="String" elementType="InhouseLeaf" label="" leafElementPhysicalType="string (len)" maxCard="1" minCard="1" name="PA1" order="3" xmlNamespace="-1" xmlNamespaceParentOrder="-1">
               <Facet allowDistortion="true" alternativeDelimiterValue="" cargoImpPattern="" closeQuote="" cobolDependingOn="-1" cobolDependingOnParentOrder="-1" decimalChar="" decimalSeparator="false" encoding="iso8859" escapeChar="" exponentialChar="" keepInputNumberOfDateDigits="false" keepInputNumberOfFractionDigits="false" keepPresenceOfDecimalSeparator="true" keepPresenceOfPlusSign="false" maxInclusiveValue="false" maxValue="" minInclusiveValue="false" minValue="" nullable="false" openQuote="" paddingChar=" " paddingPos="1" pattern="" signMinusChar="" signMinusPos="0" signPlusChar="" signPlusPos="0" validCharset="">
                  <Enumerations/>
               </Facet>
            </LeafElement>
            <LeafElement cargoImpPreSepMandatory="false" cargoImpReference="" defaultValue="" definition="30" definitionType="Length" delimiterType="FIXED" delimiterValue="" dmlClassName="String" elementType="InhouseLeaf" label="" leafElementPhysicalType="string (len)" maxCard="1" minCard="1" name="AN71" order="4" xmlNamespace="-1" xmlNamespaceParentOrder="-1">
               <Facet allowDistortion="true" alternativeDelimiterValue="" cargoImpPattern="" closeQuote="" cobolDependingOn="-1" cobolDependingOnParentOrder="-1" decimalChar="" decimalSeparator="false" encoding="iso8859" escapeChar="" exponentialChar="" keepInputNumberOfDateDigits="false" keepInputNumberOfFractionDigits="false" keepPresenceOfDecimalSeparator="true" keepPresenceOfPlusSign="false" maxInclusiveValue="false" maxValue="" minInclusiveValue="false" minValue="" nullable="false" openQuote="" paddingChar=" " paddingPos="1" pattern="" signMinusChar="" signMinusPos="0" signPlusChar="" signPlusPos="0" validCharset="">
                  <Enumerations/>
               </Facet>
            </LeafElement>
            <LeafElement cargoImpPreSepMandatory="false" cargoImpReference="" defaultValue="" definition="30" definitionType="Length" delimiterType="FIXED" delimiterValue="" dmlClassName="String" elementType="InhouseLeaf" label="" leafElementPhysicalType="string (len)" maxCard="1" minCard="1" name="AN72" order="5" xmlNamespace="-1" xmlNamespaceParentOrder="-1">
               <Facet allowDistortion="true" alternativeDelimiterValue="" cargoImpPattern="" closeQuote="" cobolDependingOn="-1" cobolDependingOnParentOrder="-1" decimalChar="" decimalSeparator="false" encoding="iso8859" escapeChar="" exponentialChar="" keepInputNumberOfDateDigits="false" keepInputNumberOfFractionDigits="false" keepPresenceOfDecimalSeparator="true" keepPresenceOfPlusSign="false" maxInclusiveValue="false" maxValue="" minInclusiveValue="false" minValue="" nullable="false" openQuote="" paddingChar=" " paddingPos="1" pattern="" signMinusChar="" signMinusPos="0" signPlusChar="" signPlusPos="0" validCharset="">
                  <Enumerations/>
               </Facet>
            </LeafElement>
            <LeafElement cargoImpPreSepMandatory="false" cargoImpReference="" defaultValue="" definition="30" definitionType="Length" delimiterType="FIXED" delimiterValue="" dmlClassName="String" elementType="InhouseLeaf" label="" leafElementPhysicalType="string (len)" maxCard="1" minCard="1" name="ANJ1" order="6" xmlNamespace="-1" xmlNamespaceParentOrder="-1">
               <Facet allowDistortion="true" alternativeDelimiterValue="" cargoImpPattern="" closeQuote="" cobolDependingOn="-1" cobolDependingOnParentOrder="-1" decimalChar="" decimalSeparator="false" encoding="iso8859" escapeChar="" exponentialChar="" keepInputNumberOfDateDigits="false" keepInputNumberOfFractionDigits="false" keepPresenceOfDecimalSeparator="true" keepPresenceOfPlusSign="false" maxInclusiveValue="false" maxValue="" minInclusiveValue="false" minValue="" nullable="false" openQuote="" paddingChar=" " paddingPos="1" pattern="" signMinusChar="" signMinusPos="0" signPlusChar="" signPlusPos="0" validCharset="">
                  <Enumerations/>
               </Facet>
            </LeafElement>
            <LeafElement cargoImpPreSepMandatory="false" cargoImpReference="" defaultValue="" definition="30" definitionType="Length" delimiterType="FIXED" delimiterValue="" dmlClassName="String" elementType="InhouseLeaf" label="" leafElementPhysicalType="string (len)" maxCard="1" minCard="1" name="ANJ2" order="7" xmlNamespace="-1" xmlNamespaceParentOrder="-1">
               <Facet allowDistortion="true" alternativeDelimiterValue="" cargoImpPattern="" closeQuote="" cobolDependingOn="-1" cobolDependingOnParentOrder="-1" decimalChar="" decimalSeparator="false" encoding="iso8859" escapeChar="" exponentialChar="" keepInputNumberOfDateDigits="false" keepInputNumberOfFractionDigits="false" keepPresenceOfDecimalSeparator="true" keepPresenceOfPlusSign="false" maxInclusiveValue="false" maxValue="" minInclusiveValue="false" minValue="" nullable="false" openQuote="" paddingChar=" " paddingPos="1" pattern="" signMinusChar="" signMinusPos="0" signPlusChar="" signPlusPos="0" validCharset="">
                  <Enumerations/>
               </Facet>
            </LeafElement>
            <LeafElement cargoImpPreSepMandatory="false" cargoImpReference="" defaultValue="" definition="30" definitionType="Length" delimiterType="FIXED" delimiterValue="" dmlClassName="String" elementType="InhouseLeaf" label="" leafElementPhysicalType="string (len)" maxCard="1" minCard="1" name="ANK1" order="8" xmlNamespace="-1" xmlNamespaceParentOrder="-1">
               <Facet allowDistortion="true" alternativeDelimiterValue="" cargoImpPattern="" closeQuote="" cobolDependingOn="-1" cobolDependingOnParentOrder="-1" decimalChar="" decimalSeparator="false" encoding="iso8859" escapeChar="" exponentialChar="" keepInputNumberOfDateDigits="false" keepInputNumberOfFractionDigits="false" keepPresenceOfDecimalSeparator="true" keepPresenceOfPlusSign="false" maxInclusiveValue="false" maxValue="" minInclusiveValue="false" minValue="" nullable="false" openQuote="" paddingChar=" " paddingPos="1" pattern="" signMinusChar="" signMinusPos="0" signPlusChar="" signPlusPos="0" validCharset="">
                  <Enumerations/>
               </Facet>
            </LeafElement>
            <LeafElement cargoImpPreSepMandatory="false" cargoImpReference="" defaultValue="" definition="30" definitionType="Length" delimiterType="FIXED" delimiterValue="" dmlClassName="String" elementType="InhouseLeaf" label="" leafElementPhysicalType="string (len)" maxCard="1" minCard="1" name="ANK2" order="9" xmlNamespace="-1" xmlNamespaceParentOrder="-1">
               <Facet allowDistortion="true" alternativeDelimiterValue="" cargoImpPattern="" closeQuote="" cobolDependingOn="-1" cobolDependingOnParentOrder="-1" decimalChar="" decimalSeparator="false" encoding="iso8859" escapeChar="" exponentialChar="" keepInputNumberOfDateDigits="false" keepInputNumberOfFractionDigits="false" keepPresenceOfDecimalSeparator="true" keepPresenceOfPlusSign="false" maxInclusiveValue="false" maxValue="" minInclusiveValue="false" minValue="" nullable="false" openQuote="" paddingChar=" " paddingPos="1" pattern="" signMinusChar="" signMinusPos="0" signPlusChar="" signPlusPos="0" validCharset="">
                  <Enumerations/>
               </Facet>
            </LeafElement>
            <LeafElement cargoImpPreSepMandatory="false" cargoImpReference="" defaultValue="" definition="30" definitionType="Length" delimiterType="FIXED" delimiterValue="" dmlClassName="String" elementType="InhouseLeaf" label="" leafElementPhysicalType="string (len)" maxCard="1" minCard="1" name="ANL1" order="10" xmlNamespace="-1" xmlNamespaceParentOrder="-1">
               <Facet allowDistortion="true" alternativeDelimiterValue="" cargoImpPattern="" closeQuote="" cobolDependingOn="-1" cobolDependingOnParentOrder="-1" decimalChar="" decimalSeparator="false" encoding="iso8859" escapeChar="" exponentialChar="" keepInputNumberOfDateDigits="false" keepInputNumberOfFractionDigits="false" keepPresenceOfDecimalSeparator="true" keepPresenceOfPlusSign="false" maxInclusiveValue="false" maxValue="" minInclusiveValue="false" minValue="" nullable="false" openQuote="" paddingChar=" " paddingPos="1" pattern="" signMinusChar="" signMinusPos="0" signPlusChar="" signPlusPos="0" validCharset="">
                  <Enumerations/>
               </Facet>
            </LeafElement>
            <LeafElement cargoImpPreSepMandatory="false" cargoImpReference="" defaultValue="" definition="30" definitionType="Length" delimiterType="FIXED" delimiterValue="" dmlClassName="String" elementType="InhouseLeaf" label="" leafElementPhysicalType="string (len)" maxCard="1" minCard="1" name="ANL2" order="11" xmlNamespace="-1" xmlNamespaceParentOrder="-1">
               <Facet allowDistortion="true" alternativeDelimiterValue="" cargoImpPattern="" closeQuote="" cobolDependingOn="-1" cobolDependingOnParentOrder="-1" decimalChar="" decimalSeparator="false" encoding="iso8859" escapeChar="" exponentialChar="" keepInputNumberOfDateDigits="false" keepInputNumberOfFractionDigits="false" keepPresenceOfDecimalSeparator="true" keepPresenceOfPlusSign="false" maxInclusiveValue="false" maxValue="" minInclusiveValue="false" minValue="" nullable="false" openQuote="" paddingChar=" " paddingPos="1" pattern="" signMinusChar="" signMinusPos="0" signPlusChar="" signPlusPos="0" validCharset="">
                  <Enumerations/>
               </Facet>
            </LeafElement>
            <LeafElement cargoImpPreSepMandatory="false" cargoImpReference="" defaultValue="" definition="30" definitionType="Length" delimiterType="FIXED" delimiterValue="" dmlClassName="String" elementType="InhouseLeaf" label="" leafElementPhysicalType="string (len)" maxCard="1" minCard="1" name="ANM1" order="12" xmlNamespace="-1" xmlNamespaceParentOrder="-1">
               <Facet allowDistortion="true" alternativeDelimiterValue="" cargoImpPattern="" closeQuote="" cobolDependingOn="-1" cobolDependingOnParentOrder="-1" decimalChar="" decimalSeparator="false" encoding="iso8859" escapeChar="" exponentialChar="" keepInputNumberOfDateDigits="false" keepInputNumberOfFractionDigits="false" keepPresenceOfDecimalSeparator="true" keepPresenceOfPlusSign="false" maxInclusiveValue="false" maxValue="" minInclusiveValue="false" minValue="" nullable="false" openQuote="" paddingChar=" " paddingPos="1" pattern="" signMinusChar="" signMinusPos="0" signPlusChar="" signPlusPos="0" validCharset="">
                  <Enumerations/>
               </Facet>
            </LeafElement>
            <LeafElement cargoImpPreSepMandatory="false" cargoImpReference="" defaultValue="" definition="30" definitionType="Length" delimiterType="FIXED" delimiterValue="" dmlClassName="String" elementType="InhouseLeaf" label="" leafElementPhysicalType="string (len)" maxCard="1" minCard="1" name="ANM2" order="13" xmlNamespace="-1" xmlNamespaceParentOrder="-1">
               <Facet allowDistortion="true" alternativeDelimiterValue="" cargoImpPattern="" closeQuote="" cobolDependingOn="-1" cobolDependingOnParentOrder="-1" decimalChar="" decimalSeparator="false" encoding="iso8859" escapeChar="" exponentialChar="" keepInputNumberOfDateDigits="false" keepInputNumberOfFractionDigits="false" keepPresenceOfDecimalSeparator="true" keepPresenceOfPlusSign="false" maxInclusiveValue="false" maxValue="" minInclusiveValue="false" minValue="" nullable="false" openQuote="" paddingChar=" " paddingPos="1" pattern="" signMinusChar="" signMinusPos="0" signPlusChar="" signPlusPos="0" validCharset="">
                  <Enumerations/>
               </Facet>
            </LeafElement>
            <LeafElement cargoImpPreSepMandatory="false" cargoImpReference="" defaultValue="" definition="30" definitionType="Length" delimiterType="FIXED" delimiterValue="" dmlClassName="String" elementType="InhouseLeaf" label="" leafElementPhysicalType="string (len)" maxCard="1" minCard="1" name="ANN1" order="14" xmlNamespace="-1" xmlNamespaceParentOrder="-1">
               <Facet allowDistortion="true" alternativeDelimiterValue="" cargoImpPattern="" closeQuote="" cobolDependingOn="-1" cobolDependingOnParentOrder="-1" decimalChar="" decimalSeparator="false" encoding="iso8859" escapeChar="" exponentialChar="" keepInputNumberOfDateDigits="false" keepInputNumberOfFractionDigits="false" keepPresenceOfDecimalSeparator="true" keepPresenceOfPlusSign="false" maxInclusiveValue="false" maxValue="" minInclusiveValue="false" minValue="" nullable="false" openQuote="" paddingChar=" " paddingPos="1" pattern="" signMinusChar="" signMinusPos="0" signPlusChar="" signPlusPos="0" validCharset="">
                  <Enumerations/>
               </Facet>
            </LeafElement>
            <LeafElement cargoImpPreSepMandatory="false" cargoImpReference="" defaultValue="" definition="30" definitionType="Length" delimiterType="FIXED" delimiterValue="" dmlClassName="String" elementType="InhouseLeaf" label="" leafElementPhysicalType="string (len)" maxCard="1" minCard="1" name="ANN2" order="15" xmlNamespace="-1" xmlNamespaceParentOrder="-1">
               <Facet allowDistortion="true" alternativeDelimiterValue="" cargoImpPattern="" closeQuote="" cobolDependingOn="-1" cobolDependingOnParentOrder="-1" decimalChar="" decimalSeparator="false" encoding="iso8859" escapeChar="" exponentialChar="" keepInputNumberOfDateDigits="false" keepInputNumberOfFractionDigits="false" keepPresenceOfDecimalSeparator="true" keepPresenceOfPlusSign="false" maxInclusiveValue="false" maxValue="" minInclusiveValue="false" minValue="" nullable="false" openQuote="" paddingChar=" " paddingPos="1" pattern="" signMinusChar="" signMinusPos="0" signPlusChar="" signPlusPos="0" validCharset="">
                  <Enumerations/>
               </Facet>
            </LeafElement>
            <LeafElement cargoImpPreSepMandatory="false" cargoImpReference="" defaultValue="" definition="30" definitionType="Length" delimiterType="FIXED" delimiterValue="" dmlClassName="String" elementType="InhouseLeaf" label="" leafElementPhysicalType="string (len)" maxCard="1" minCard="1" name="AN81" order="16" xmlNamespace="-1" xmlNamespaceParentOrder="-1">
               <Facet allowDistortion="true" alternativeDelimiterValue="" cargoImpPattern="" closeQuote="" cobolDependingOn="-1" cobolDependingOnParentOrder="-1" decimalChar="" decimalSeparator="false" encoding="iso8859" escapeChar="" exponentialChar="" keepInputNumberOfDateDigits="false" keepInputNumberOfFractionDigits="false" keepPresenceOfDecimalSeparator="true" keepPresenceOfPlusSign="false" maxInclusiveValue="false" maxValue="" minInclusiveValue="false" minValue="" nullable="false" openQuote="" paddingChar=" " paddingPos="1" pattern="" signMinusChar="" signMinusPos="0" signPlusChar="" signPlusPos="0" validCharset="">
                  <Enumerations/>
               </Facet>
            </LeafElement>
            <LeafElement cargoImpPreSepMandatory="false" cargoImpReference="" defaultValue="" definition="30" definitionType="Length" delimiterType="FIXED" delimiterValue="" dmlClassName="String" elementType="InhouseLeaf" label="" leafElementPhysicalType="string (len)" maxCard="1" minCard="1" name="AN82" order="17" xmlNamespace="-1" xmlNamespaceParentOrder="-1">
               <Facet allowDistortion="true" alternativeDelimiterValue="" cargoImpPattern="" closeQuote="" cobolDependingOn="-1" cobolDependingOnParentOrder="-1" decimalChar="" decimalSeparator="false" encoding="iso8859" escapeChar="" exponentialChar="" keepInputNumberOfDateDigits="false" keepInputNumberOfFractionDigits="false" keepPresenceOfDecimalSeparator="true" keepPresenceOfPlusSign="false" maxInclusiveValue="false" maxValue="" minInclusiveValue="false" minValue="" nullable="false" openQuote="" paddingChar=" " paddingPos="1" pattern="" signMinusChar="" signMinusPos="0" signPlusChar="" signPlusPos="0" validCharset="">
                  <Enumerations/>
               </Facet>
            </LeafElement>
            <LeafElement cargoImpPreSepMandatory="false" cargoImpReference="" defaultValue="" definition="30" definitionType="Length" delimiterType="FIXED" delimiterValue="" dmlClassName="String" elementType="InhouseLeaf" label="" leafElementPhysicalType="string (len)" maxCard="1" minCard="1" name="AN91" order="18" xmlNamespace="-1" xmlNamespaceParentOrder="-1">
               <Facet allowDistortion="true" alternativeDelimiterValue="" cargoImpPattern="" closeQuote="" cobolDependingOn="-1" cobolDependingOnParentOrder="-1" decimalChar="" decimalSeparator="false" encoding="iso8859" escapeChar="" exponentialChar="" keepInputNumberOfDateDigits="false" keepInputNumberOfFractionDigits="false" keepPresenceOfDecimalSeparator="true" keepPresenceOfPlusSign="false" maxInclusiveValue="false" maxValue="" minInclusiveValue="false" minValue="" nullable="false" openQuote="" paddingChar=" " paddingPos="1" pattern="" signMinusChar="" signMinusPos="0" signPlusChar="" signPlusPos="0" validCharset="">
                  <Enumerations/>
               </Facet>
            </LeafElement>
            <LeafElement cargoImpPreSepMandatory="false" cargoImpReference="" defaultValue="" definition="30" definitionType="Length" delimiterType="FIXED" delimiterValue="" dmlClassName="String" elementType="InhouseLeaf" label="" leafElementPhysicalType="string (len)" maxCard="1" minCard="1" name="AN92" order="19" xmlNamespace="-1" xmlNamespaceParentOrder="-1">
               <Facet allowDistortion="true" alternativeDelimiterValue="" cargoImpPattern="" closeQuote="" cobolDependingOn="-1" cobolDependingOnParentOrder="-1" decimalChar="" decimalSeparator="false" encoding="iso8859" escapeChar="" exponentialChar="" keepInputNumberOfDateDigits="false" keepInputNumberOfFractionDigits="false" keepPresenceOfDecimalSeparator="true" keepPresenceOfPlusSign="false" maxInclusiveValue="false" maxValue="" minInclusiveValue="false" minValue="" nullable="false" openQuote="" paddingChar=" " paddingPos="1" pattern="" signMinusChar="" signMinusPos="0" signPlusChar="" signPlusPos="0" validCharset="">
                  <Enumerations/>
               </Facet>
            </LeafElement>
            <LeafElement cargoImpPreSepMandatory="false" cargoImpReference="" defaultValue="" definition="30" definitionType="Length" delimiterType="FIXED" delimiterValue="" dmlClassName="String" elementType="InhouseLeaf" label="" leafElementPhysicalType="string (len)" maxCard="1" minCard="1" name="ANP1" order="20" xmlNamespace="-1" xmlNamespaceParentOrder="-1">
               <Facet allowDistortion="true" alternativeDelimiterValue="" cargoImpPattern="" closeQuote="" cobolDependingOn="-1" cobolDependingOnParentOrder="-1" decimalChar="" decimalSeparator="false" encoding="iso8859" escapeChar="" exponentialChar="" keepInputNumberOfDateDigits="false" keepInputNumberOfFractionDigits="false" keepPresenceOfDecimalSeparator="true" keepPresenceOfPlusSign="false" maxInclusiveValue="false" maxValue="" minInclusiveValue="false" minValue="" nullable="false" openQuote="" paddingChar=" " paddingPos="1" pattern="" signMinusChar="" signMinusPos="0" signPlusChar="" signPlusPos="0" validCharset="">
                  <Enumerations/>
               </Facet>
            </LeafElement>
            <LeafElement cargoImpPreSepMandatory="false" cargoImpReference="" defaultValue="" definition="30" definitionType="Length" delimiterType="FIXED" delimiterValue="" dmlClassName="String" elementType="InhouseLeaf" label="" leafElementPhysicalType="string (len)" maxCard="1" minCard="1" name="ANP2" order="21" xmlNamespace="-1" xmlNamespaceParentOrder="-1">
               <Facet allowDistortion="true" alternativeDelimiterValue="" cargoImpPattern="" closeQuote="" cobolDependingOn="-1" cobolDependingOnParentOrder="-1" decimalChar="" decimalSeparator="false" encoding="iso8859" escapeChar="" exponentialChar="" keepInputNumberOfDateDigits="false" keepInputNumberOfFractionDigits="false" keepPresenceOfDecimalSeparator="true" keepPresenceOfPlusSign="false" maxInclusiveValue="false" maxValue="" minInclusiveValue="false" minValue="" nullable="false" openQuote="" paddingChar=" " paddingPos="1" pattern="" signMinusChar="" signMinusPos="0" signPlusChar="" signPlusPos="0" validCharset="">
                  <Enumerations/>
               </Facet>
            </LeafElement>
            <LeafElement cargoImpPreSepMandatory="false" cargoImpReference="" defaultValue="" definition="30" definitionType="Length" delimiterType="FIXED" delimiterValue="" dmlClassName="String" elementType="InhouseLeaf" label="" leafElementPhysicalType="string (len)" maxCard="1" minCard="1" name="ANQ1" order="22" xmlNamespace="-1" xmlNamespaceParentOrder="-1">
               <Facet allowDistortion="true" alternativeDelimiterValue="" cargoImpPattern="" closeQuote="" cobolDependingOn="-1" cobolDependingOnParentOrder="-1" decimalChar="" decimalSeparator="false" encoding="iso8859" escapeChar="" exponentialChar="" keepInputNumberOfDateDigits="false" keepInputNumberOfFractionDigits="false" keepPresenceOfDecimalSeparator="true" keepPresenceOfPlusSign="false" maxInclusiveValue="false" maxValue="" minInclusiveValue="false" minValue="" nullable="false" openQuote="" paddingChar=" " paddingPos="1" pattern="" signMinusChar="" signMinusPos="0" signPlusChar="" signPlusPos="0" validCharset="">
                  <Enumerations/>
               </Facet>
            </LeafElement>
            <LeafElement cargoImpPreSepMandatory="false" cargoImpReference="" defaultValue="" definition="30" definitionType="Length" delimiterType="FIXED" delimiterValue="" dmlClassName="String" elementType="InhouseLeaf" label="" leafElementPhysicalType="string (len)" maxCard="1" minCard="1" name="ANQ2" order="23" xmlNamespace="-1" xmlNamespaceParentOrder="-1">
               <Facet allowDistortion="true" alternativeDelimiterValue="" cargoImpPattern="" closeQuote="" cobolDependingOn="-1" cobolDependingOnParentOrder="-1" decimalChar="" decimalSeparator="false" encoding="iso8859" escapeChar="" exponentialChar="" keepInputNumberOfDateDigits="false" keepInputNumberOfFractionDigits="false" keepPresenceOfDecimalSeparator="true" keepPresenceOfPlusSign="false" maxInclusiveValue="false" maxValue="" minInclusiveValue="false" minValue="" nullable="false" openQuote="" paddingChar=" " paddingPos="1" pattern="" signMinusChar="" signMinusPos="0" signPlusChar="" signPlusPos="0" validCharset="">
                  <Enumerations/>
               </Facet>
            </LeafElement>
            <LeafElement cargoImpPreSepMandatory="false" cargoImpReference="" defaultValue="" definition="30" definitionType="Length" delimiterType="FIXED" delimiterValue="" dmlClassName="String" elementType="InhouseLeaf" label="" leafElementPhysicalType="string (len)" maxCard="1" minCard="1" name="ANR1" order="24" xmlNamespace="-1" xmlNamespaceParentOrder="-1">
               <Facet allowDistortion="true" alternativeDelimiterValue="" cargoImpPattern="" closeQuote="" cobolDependingOn="-1" cobolDependingOnParentOrder="-1" decimalChar="" decimalSeparator="false" encoding="iso8859" escapeChar="" exponentialChar="" keepInputNumberOfDateDigits="false" keepInputNumberOfFractionDigits="false" keepPresenceOfDecimalSeparator="true" keepPresenceOfPlusSign="false" maxInclusiveValue="false" maxValue="" minInclusiveValue="false" minValue="" nullable="false" openQuote="" paddingChar=" " paddingPos="1" pattern="" signMinusChar="" signMinusPos="0" signPlusChar="" signPlusPos="0" validCharset="">
                  <Enumerations/>
               </Facet>
            </LeafElement>
            <LeafElement cargoImpPreSepMandatory="false" cargoImpReference="" defaultValue="" definition="30" definitionType="Length" delimiterType="FIXED" delimiterValue="" dmlClassName="String" elementType="InhouseLeaf" label="" leafElementPhysicalType="string (len)" maxCard="1" minCard="1" name="ANR2" order="25" xmlNamespace="-1" xmlNamespaceParentOrder="-1">
               <Facet allowDistortion="true" alternativeDelimiterValue="" cargoImpPattern="" closeQuote="" cobolDependingOn="-1" cobolDependingOnParentOrder="-1" decimalChar="" decimalSeparator="false" encoding="iso8859" escapeChar="" exponentialChar="" keepInputNumberOfDateDigits="false" keepInputNumberOfFractionDigits="false" keepPresenceOfDecimalSeparator="true" keepPresenceOfPlusSign="false" maxInclusiveValue="false" maxValue="" minInclusiveValue="false" minValue="" nullable="false" openQuote="" paddingChar=" " paddingPos="1" pattern="" signMinusChar="" signMinusPos="0" signPlusChar="" signPlusPos="0" validCharset="">
                  <Enumerations/>
               </Facet>
            </LeafElement>
            <LeafElement cargoImpPreSepMandatory="false" cargoImpReference="" defaultValue="" definition="30" definitionType="Length" delimiterType="FIXED" delimiterValue="" dmlClassName="String" elementType="InhouseLeaf" label="" leafElementPhysicalType="string (len)" maxCard="1" minCard="1" name="ANS1" order="26" xmlNamespace="-1" xmlNamespaceParentOrder="-1">
               <Facet allowDistortion="true" alternativeDelimiterValue="" cargoImpPattern="" closeQuote="" cobolDependingOn="-1" cobolDependingOnParentOrder="-1" decimalChar="" decimalSeparator="false" encoding="iso8859" escapeChar="" exponentialChar="" keepInputNumberOfDateDigits="false" keepInputNumberOfFractionDigits="false" keepPresenceOfDecimalSeparator="true" keepPresenceOfPlusSign="false" maxInclusiveValue="false" maxValue="" minInclusiveValue="false" minValue="" nullable="false" openQuote="" paddingChar=" " paddingPos="1" pattern="" signMinusChar="" signMinusPos="0" signPlusChar="" signPlusPos="0" validCharset="">
                  <Enumerations/>
               </Facet>
            </LeafElement>
            <LeafElement cargoImpPreSepMandatory="false" cargoImpReference="" defaultValue="" definition="30" definitionType="Length" delimiterType="FIXED" delimiterValue="" dmlClassName="String" elementType="InhouseLeaf" label="" leafElementPhysicalType="string (len)" maxCard="1" minCard="1" name="ANS2" order="27" xmlNamespace="-1" xmlNamespaceParentOrder="-1">
               <Facet allowDistortion="true" alternativeDelimiterValue="" cargoImpPattern="" closeQuote="" cobolDependingOn="-1" cobolDependingOnParentOrder="-1" decimalChar="" decimalSeparator="false" encoding="iso8859" escapeChar="" exponentialChar="" keepInputNumberOfDateDigits="false" keepInputNumberOfFractionDigits="false" keepPresenceOfDecimalSeparator="true" keepPresenceOfPlusSign="false" maxInclusiveValue="false" maxValue="" minInclusiveValue="false" minValue="" nullable="false" openQuote="" paddingChar=" " paddingPos="1" pattern="" signMinusChar="" signMinusPos="0" signPlusChar="" signPlusPos="0" validCharset="">
                  <Enumerations/>
               </Facet>
            </LeafElement>
            <LeafElement cargoImpPreSepMandatory="false" cargoImpReference="" defaultValue="" definition="30" definitionType="Length" delimiterType="FIXED" delimiterValue="" dmlClassName="String" elementType="InhouseLeaf" label="" leafElementPhysicalType="string (len)" maxCard="1" minCard="1" name="ANT1" order="28" xmlNamespace="-1" xmlNamespaceParentOrder="-1">
               <Facet allowDistortion="true" alternativeDelimiterValue="" cargoImpPattern="" closeQuote="" cobolDependingOn="-1" cobolDependingOnParentOrder="-1" decimalChar="" decimalSeparator="false" encoding="iso8859" escapeChar="" exponentialChar="" keepInputNumberOfDateDigits="false" keepInputNumberOfFractionDigits="false" keepPresenceOfDecimalSeparator="true" keepPresenceOfPlusSign="false" maxInclusiveValue="false" maxValue="" minInclusiveValue="false" minValue="" nullable="false" openQuote="" paddingChar=" " paddingPos="1" pattern="" signMinusChar="" signMinusPos="0" signPlusChar="" signPlusPos="0" validCharset="">
                  <Enumerations/>
               </Facet>
            </LeafElement>
            <LeafElement cargoImpPreSepMandatory="false" cargoImpReference="" defaultValue="" definition="30" definitionType="Length" delimiterType="FIXED" delimiterValue="" dmlClassName="String" elementType="InhouseLeaf" label="" leafElementPhysicalType="string (len)" maxCard="1" minCard="1" name="ANT2" order="29" xmlNamespace="-1" xmlNamespaceParentOrder="-1">
               <Facet allowDistortion="true" alternativeDelimiterValue="" cargoImpPattern="" closeQuote="" cobolDependingOn="-1" cobolDependingOnParentOrder="-1" decimalChar="" decimalSeparator="false" encoding="iso8859" escapeChar="" exponentialChar="" keepInputNumberOfDateDigits="false" keepInputNumberOfFractionDigits="false" keepPresenceOfDecimalSeparator="true" keepPresenceOfPlusSign="false" maxInclusiveValue="false" maxValue="" minInclusiveValue="false" minValue="" nullable="false" openQuote="" paddingChar=" " paddingPos="1" pattern="" signMinusChar="" signMinusPos="0" signPlusChar="" signPlusPos="0" validCharset="">
                  <Enumerations/>
               </Facet>
            </LeafElement>
            <LeafElement cargoImpPreSepMandatory="false" cargoImpReference="" defaultValue="" definition="30" definitionType="Length" delimiterType="FIXED" delimiterValue="" dmlClassName="String" elementType="InhouseLeaf" label="" leafElementPhysicalType="string (len)" maxCard="1" minCard="1" name="ANU1" order="30" xmlNamespace="-1" xmlNamespaceParentOrder="-1">
               <Facet allowDistortion="true" alternativeDelimiterValue="" cargoImpPattern="" closeQuote="" cobolDependingOn="-1" cobolDependingOnParentOrder="-1" decimalChar="" decimalSeparator="false" encoding="iso8859" escapeChar="" exponentialChar="" keepInputNumberOfDateDigits="false" keepInputNumberOfFractionDigits="false" keepPresenceOfDecimalSeparator="true" keepPresenceOfPlusSign="false" maxInclusiveValue="false" maxValue="" minInclusiveValue="false" minValue="" nullable="false" openQuote="" paddingChar=" " paddingPos="1" pattern="" signMinusChar="" signMinusPos="0" signPlusChar="" signPlusPos="0" validCharset="">
                  <Enumerations/>
               </Facet>
            </LeafElement>
            <LeafElement cargoImpPreSepMandatory="false" cargoImpReference="" defaultValue="" definition="30" definitionType="Length" delimiterType="FIXED" delimiterValue="" dmlClassName="String" elementType="InhouseLeaf" label="" leafElementPhysicalType="string (len)" maxCard="1" minCard="1" name="ANU2" order="31" xmlNamespace="-1" xmlNamespaceParentOrder="-1">
               <Facet allowDistortion="true" alternativeDelimiterValue="" cargoImpPattern="" closeQuote="" cobolDependingOn="-1" cobolDependingOnParentOrder="-1" decimalChar="" decimalSeparator="false" encoding="iso8859" escapeChar="" exponentialChar="" keepInputNumberOfDateDigits="false" keepInputNumberOfFractionDigits="false" keepPresenceOfDecimalSeparator="true" keepPresenceOfPlusSign="false" maxInclusiveValue="false" maxValue="" minInclusiveValue="false" minValue="" nullable="false" openQuote="" paddingChar=" " paddingPos="1" pattern="" signMinusChar="" signMinusPos="0" signPlusChar="" signPlusPos="0" validCharset="">
                  <Enumerations/>
               </Facet>
            </LeafElement>
            <LeafElement cargoImpPreSepMandatory="false" cargoImpReference="" defaultValue="" definition="30" definitionType="Length" delimiterType="FIXED" delimiterValue="" dmlClassName="String" elementType="InhouseLeaf" label="" leafElementPhysicalType="string (len)" maxCard="1" minCard="1" name="ANV1" order="32" xmlNamespace="-1" xmlNamespaceParentOrder="-1">
               <Facet allowDistortion="true" alternativeDelimiterValue="" cargoImpPattern="" closeQuote="" cobolDependingOn="-1" cobolDependingOnParentOrder="-1" decimalChar="" decimalSeparator="false" encoding="iso8859" escapeChar="" exponentialChar="" keepInputNumberOfDateDigits="false" keepInputNumberOfFractionDigits="false" keepPresenceOfDecimalSeparator="true" keepPresenceOfPlusSign="false" maxInclusiveValue="false" maxValue="" minInclusiveValue="false" minValue="" nullable="false" openQuote="" paddingChar=" " paddingPos="1" pattern="" signMinusChar="" signMinusPos="0" signPlusChar="" signPlusPos="0" validCharset="">
                  <Enumerations/>
               </Facet>
            </LeafElement>
            <LeafElement cargoImpPreSepMandatory="false" cargoImpReference="" defaultValue="" definition="30" definitionType="Length" delimiterType="FIXED" delimiterValue="" dmlClassName="String" elementType="InhouseLeaf" label="" leafElementPhysicalType="string (len)" maxCard="1" minCard="1" name="ANV2" order="33" xmlNamespace="-1" xmlNamespaceParentOrder="-1">
               <Facet allowDistortion="true" alternativeDelimiterValue="" cargoImpPattern="" closeQuote="" cobolDependingOn="-1" cobolDependingOnParentOrder="-1" decimalChar="" decimalSeparator="false" encoding="iso8859" escapeChar="" exponentialChar="" keepInputNumberOfDateDigits="false" keepInputNumberOfFractionDigits="false" keepPresenceOfDecimalSeparator="true" keepPresenceOfPlusSign="false" maxInclusiveValue="false" maxValue="" minInclusiveValue="false" minValue="" nullable="false" openQuote="" paddingChar=" " paddingPos="1" pattern="" signMinusChar="" signMinusPos="0" signPlusChar="" signPlusPos="0" validCharset="">
                  <Enumerations/>
               </Facet>
            </LeafElement>
            <LeafElement cargoImpPreSepMandatory="false" cargoImpReference="" defaultValue="" definition="30" definitionType="Length" delimiterType="FIXED" delimiterValue="" dmlClassName="String" elementType="InhouseLeaf" label="" leafElementPhysicalType="string (len)" maxCard="1" minCard="1" name="AN01" order="34" xmlNamespace="-1" xmlNamespaceParentOrder="-1">
               <Facet allowDistortion="true" alternativeDelimiterValue="" cargoImpPattern="" closeQuote="" cobolDependingOn="-1" cobolDependingOnParentOrder="-1" decimalChar="" decimalSeparator="false" encoding="iso8859" escapeChar="" exponentialChar="" keepInputNumberOfDateDigits="false" keepInputNumberOfFractionDigits="false" keepPresenceOfDecimalSeparator="true" keepPresenceOfPlusSign="false" maxInclusiveValue="false" maxValue="" minInclusiveValue="false" minValue="" nullable="false" openQuote="" paddingChar=" " paddingPos="1" pattern="" signMinusChar="" signMinusPos="0" signPlusChar="" signPlusPos="0" validCharset="">
                  <Enumerations/>
               </Facet>
            </LeafElement>
            <LeafElement cargoImpPreSepMandatory="false" cargoImpReference="" defaultValue="" definition="30" definitionType="Length" delimiterType="FIXED" delimiterValue="" dmlClassName="String" elementType="InhouseLeaf" label="" leafElementPhysicalType="string (len)" maxCard="1" minCard="1" name="AN02" order="35" xmlNamespace="-1" xmlNamespaceParentOrder="-1">
               <Facet allowDistortion="true" alternativeDelimiterValue="" cargoImpPattern="" closeQuote="" cobolDependingOn="-1" cobolDependingOnParentOrder="-1" decimalChar="" decimalSeparator="false" encoding="iso8859" escapeChar="" exponentialChar="" keepInputNumberOfDateDigits="false" keepInputNumberOfFractionDigits="false" keepPresenceOfDecimalSeparator="true" keepPresenceOfPlusSign="false" maxInclusiveValue="false" maxValue="" minInclusiveValue="false" minValue="" nullable="false" openQuote="" paddingChar=" " paddingPos="1" pattern="" signMinusChar="" signMinusPos="0" signPlusChar="" signPlusPos="0" validCharset="">
                  <Enumerations/>
               </Facet>
            </LeafElement>
            <LeafElement cargoImpPreSepMandatory="false" cargoImpReference="" defaultValue="" definition="30" definitionType="Length" delimiterType="FIXED" delimiterValue="" dmlClassName="String" elementType="InhouseLeaf" label="" leafElementPhysicalType="string (len)" maxCard="1" minCard="1" name="ANW1" order="36" xmlNamespace="-1" xmlNamespaceParentOrder="-1">
               <Facet allowDistortion="true" alternativeDelimiterValue="" cargoImpPattern="" closeQuote="" cobolDependingOn="-1" cobolDependingOnParentOrder="-1" decimalChar="" decimalSeparator="false" encoding="iso8859" escapeChar="" exponentialChar="" keepInputNumberOfDateDigits="false" keepInputNumberOfFractionDigits="false" keepPresenceOfDecimalSeparator="true" keepPresenceOfPlusSign="false" maxInclusiveValue="false" maxValue="" minInclusiveValue="false" minValue="" nullable="false" openQuote="" paddingChar=" " paddingPos="1" pattern="" signMinusChar="" signMinusPos="0" signPlusChar="" signPlusPos="0" validCharset="">
                  <Enumerations/>
               </Facet>
            </LeafElement>
            <LeafElement cargoImpPreSepMandatory="false" cargoImpReference="" defaultValue="" definition="30" definitionType="Length" delimiterType="FIXED" delimiterValue="" dmlClassName="String" elementType="InhouseLeaf" label="" leafElementPhysicalType="string (len)" maxCard="1" minCard="1" name="ANW2" order="37" xmlNamespace="-1" xmlNamespaceParentOrder="-1">
               <Facet allowDistortion="true" alternativeDelimiterValue="" cargoImpPattern="" closeQuote="" cobolDependingOn="-1" cobolDependingOnParentOrder="-1" decimalChar="" decimalSeparator="false" encoding="iso8859" escapeChar="" exponentialChar="" keepInputNumberOfDateDigits="false" keepInputNumberOfFractionDigits="false" keepPresenceOfDecimalSeparator="true" keepPresenceOfPlusSign="false" maxInclusiveValue="false" maxValue="" minInclusiveValue="false" minValue="" nullable="false" openQuote="" paddingChar=" " paddingPos="1" pattern="" signMinusChar="" signMinusPos="0" signPlusChar="" signPlusPos="0" validCharset="">
                  <Enumerations/>
               </Facet>
            </LeafElement>
            <LeafElement cargoImpPreSepMandatory="false" cargoImpReference="" defaultValue="" definition="30" definitionType="Length" delimiterType="FIXED" delimiterValue="" dmlClassName="String" elementType="InhouseLeaf" label="" leafElementPhysicalType="string (len)" maxCard="1" minCard="1" name="ANX1" order="38" xmlNamespace="-1" xmlNamespaceParentOrder="-1">
               <Facet allowDistortion="true" alternativeDelimiterValue="" cargoImpPattern="" closeQuote="" cobolDependingOn="-1" cobolDependingOnParentOrder="-1" decimalChar="" decimalSeparator="false" encoding="iso8859" escapeChar="" exponentialChar="" keepInputNumberOfDateDigits="false" keepInputNumberOfFractionDigits="false" keepPresenceOfDecimalSeparator="true" keepPresenceOfPlusSign="false" maxInclusiveValue="false" maxValue="" minInclusiveValue="false" minValue="" nullable="false" openQuote="" paddingChar=" " paddingPos="1" pattern="" signMinusChar="" signMinusPos="0" signPlusChar="" signPlusPos="0" validCharset="">
                  <Enumerations/>
               </Facet>
            </LeafElement>
            <LeafElement cargoImpPreSepMandatory="false" cargoImpReference="" defaultValue="" definition="30" definitionType="Length" delimiterType="FIXED" delimiterValue="" dmlClassName="String" elementType="InhouseLeaf" label="" leafElementPhysicalType="string (len)" maxCard="1" minCard="1" name="ANX2" order="39" xmlNamespace="-1" xmlNamespaceParentOrder="-1">
               <Facet allowDistortion="true" alternativeDelimiterValue="" cargoImpPattern="" closeQuote="" cobolDependingOn="-1" cobolDependingOnParentOrder="-1" decimalChar="" decimalSeparator="false" encoding="iso8859" escapeChar="" exponentialChar="" keepInputNumberOfDateDigits="false" keepInputNumberOfFractionDigits="false" keepPresenceOfDecimalSeparator="true" keepPresenceOfPlusSign="false" maxInclusiveValue="false" maxValue="" minInclusiveValue="false" minValue="" nullable="false" openQuote="" paddingChar=" " paddingPos="1" pattern="" signMinusChar="" signMinusPos="0" signPlusChar="" signPlusPos="0" validCharset="">
                  <Enumerations/>
               </Facet>
            </LeafElement>
            <LeafElement cargoImpPreSepMandatory="false" cargoImpReference="" defaultValue="" definition="30" definitionType="Length" delimiterType="FIXED" delimiterValue="" dmlClassName="String" elementType="InhouseLeaf" label="" leafElementPhysicalType="string (len)" maxCard="1" minCard="1" name="ANY1" order="40" xmlNamespace="-1" xmlNamespaceParentOrder="-1">
               <Facet allowDistortion="true" alternativeDelimiterValue="" cargoImpPattern="" closeQuote="" cobolDependingOn="-1" cobolDependingOnParentOrder="-1" decimalChar="" decimalSeparator="false" encoding="iso8859" escapeChar="" exponentialChar="" keepInputNumberOfDateDigits="false" keepInputNumberOfFractionDigits="false" keepPresenceOfDecimalSeparator="true" keepPresenceOfPlusSign="false" maxInclusiveValue="false" maxValue="" minInclusiveValue="false" minValue="" nullable="false" openQuote="" paddingChar=" " paddingPos="1" pattern="" signMinusChar="" signMinusPos="0" signPlusChar="" signPlusPos="0" validCharset="">
                  <Enumerations/>
               </Facet>
            </LeafElement>
            <LeafElement cargoImpPreSepMandatory="false" cargoImpReference="" defaultValue="" definition="30" definitionType="Length" delimiterType="FIXED" delimiterValue="" dmlClassName="String" elementType="InhouseLeaf" label="" leafElementPhysicalType="string (len)" maxCard="1" minCard="1" name="ANY2" order="41" xmlNamespace="-1" xmlNamespaceParentOrder="-1">
               <Facet allowDistortion="true" alternativeDelimiterValue="" cargoImpPattern="" closeQuote="" cobolDependingOn="-1" cobolDependingOnParentOrder="-1" decimalChar="" decimalSeparator="false" encoding="iso8859" escapeChar="" exponentialChar="" keepInputNumberOfDateDigits="false" keepInputNumberOfFractionDigits="false" keepPresenceOfDecimalSeparator="true" keepPresenceOfPlusSign="false" maxInclusiveValue="false" maxValue="" minInclusiveValue="false" minValue="" nullable="false" openQuote="" paddingChar=" " paddingPos="1" pattern="" signMinusChar="" signMinusPos="0" signPlusChar="" signPlusPos="0" validCharset="">
                  <Enumerations/>
               </Facet>
            </LeafElement>
            <LeafElement cargoImpPreSepMandatory="false" cargoImpReference="" defaultValue="" definition="30" definitionType="Length" delimiterType="FIXED" delimiterValue="" dmlClassName="String" elementType="InhouseLeaf" label="" leafElementPhysicalType="string (len)" maxCard="1" minCard="1" name="ANZ1" order="42" xmlNamespace="-1" xmlNamespaceParentOrder="-1">
               <Facet allowDistortion="true" alternativeDelimiterValue="" cargoImpPattern="" closeQuote="" cobolDependingOn="-1" cobolDependingOnParentOrder="-1" decimalChar="" decimalSeparator="false" encoding="iso8859" escapeChar="" exponentialChar="" keepInputNumberOfDateDigits="false" keepInputNumberOfFractionDigits="false" keepPresenceOfDecimalSeparator="true" keepPresenceOfPlusSign="false" maxInclusiveValue="false" maxValue="" minInclusiveValue="false" minValue="" nullable="false" openQuote="" paddingChar=" " paddingPos="1" pattern="" signMinusChar="" signMinusPos="0" signPlusChar="" signPlusPos="0" validCharset="">
                  <Enumerations/>
               </Facet>
            </LeafElement>
            <LeafElement cargoImpPreSepMandatory="false" cargoImpReference="" defaultValue="" definition="30" definitionType="Length" delimiterType="FIXED" delimiterValue="" dmlClassName="String" elementType="InhouseLeaf" label="" leafElementPhysicalType="string (len)" maxCard="1" minCard="1" name="ANZ2" order="43" xmlNamespace="-1" xmlNamespaceParentOrder="-1">
               <Facet allowDistortion="true" alternativeDelimiterValue="" cargoImpPattern="" closeQuote="" cobolDependingOn="-1" cobolDependingOnParentOrder="-1" decimalChar="" decimalSeparator="false" encoding="iso8859" escapeChar="" exponentialChar="" keepInputNumberOfDateDigits="false" keepInputNumberOfFractionDigits="false" keepPresenceOfDecimalSeparator="true" keepPresenceOfPlusSign="false" maxInclusiveValue="false" maxValue="" minInclusiveValue="false" minValue="" nullable="false" openQuote="" paddingChar=" " paddingPos="1" pattern="" signMinusChar="" signMinusPos="0" signPlusChar="" signPlusPos="0" validCharset="">
                  <Enumerations/>
               </Facet>
            </LeafElement>
            <Facet alternativeDelimiterValue=""/>
         </ParentElement>
      </Elements>
      <CheckConstraints/>
   </BusinessDocument>
</BusinessDocuments>
