<?xml version="1.0" encoding="UTF-8" standalone="no"?>
<ObjectDependencies xmlns:xsi="http://www.w3.org/2001/XMLSchema-instance" xsi:noNamespaceSchemaLocation="ObjectDependencies.xsd">
   <RootObject fileName="BusinessDocument_1.xml" id="5c9869f5-0ef5-4ee5-86c9-f734af6e5774" lastModify="2024-08-13T16:25:51.000Z" name="MAPSERVICE_Sinacofi_D32_F1_D32_FRONT::MAPSERVICE.Sinacofi_D32_F1\ArchivosMomentaneos.D32_Archivo_Datos_Val" type="BusinessDocument">
      <Object fileName="CustomFunctions.xml" id="5e0e28f3-aa92-4c9e-92b4-fc75fadb3a3e" lastModify="2024-08-13T16:25:51.000Z" name="MAPSERVICE.Sinacofi_D32_F1.GetLargoRegistroByTD" type="CustomFunction"/>
      <Object fileName="CustomFunctions.xml" id="53671eb6-d536-4a07-b926-d740272e8aa4" lastModify="2024-08-13T16:25:51.000Z" name="MAPSERVICE.Sinacofi_D32_F1.InsertErrorTBL" type="CustomFunction"/>
      <Object fileName="CustomFunctions.xml" id="19523725-d875-4bdc-8be7-3783b7bcfb45" lastModify="2024-08-13T16:25:51.000Z" name="MAPSERVICE.Sinacofi_D32_F1.GetEntidadByCasilla" type="CustomFunction"/>
      <Object fileName="Variables.xml" id="611fa8e6-e9c4-4ac2-a44b-596b3de5465e" lastModify="2024-08-13T16:25:51.000Z" name="MAPSERVICE_Sinacofi_D32_F1_D32_FRONT::MAPSERVICE.Sinacofi_D32_F1.var_error1" type="Variable"/>
      <Object fileName="Variables.xml" id="b1d99d97-5a0c-41b2-938f-3c74978fc00b" lastModify="2024-08-13T16:25:51.000Z" name="MAPSERVICE_Sinacofi_D32_F1_D32_FRONT::MAPSERVICE.Sinacofi_D32_F1.TipoArchivo" type="Variable"/>
      <Object fileName="Variables.xml" id="4cd271d9-19f9-4928-a3ec-187a8f2f728f" lastModify="2024-08-13T16:25:51.000Z" name="MAPSERVICE_Sinacofi_D32_F1_D32_FRONT::MAPSERVICE.Sinacofi_D32_F1.CodigoError" type="Variable"/>
      <Object fileName="Variables.xml" id="b9263aa7-cfe0-4f5c-93ed-fc2a625126c2" lastModify="2024-08-13T16:25:51.000Z" name="MAPSERVICE_Sinacofi_D32_F1_D32_FRONT::MAPSERVICE.Sinacofi_D32_F1.Detalles" type="Variable"/>
      <Object fileName="Variables.xml" id="be1abe5b-940e-4e43-8099-40fcba76b305" lastModify="2024-08-13T16:25:51.000Z" name="MAPSERVICE_Sinacofi_D32_F1_D32_FRONT::MAPSERVICE.Sinacofi_D32_F1.Detalles2" type="Variable"/>
      <Object fileName="Variables.xml" id="b6db7a21-3ef3-4fb8-8233-d0654bfebf62" lastModify="2024-08-13T16:25:51.000Z" name="MAPSERVICE_Sinacofi_D32_F1_D32_FRONT::MAPSERVICE.Sinacofi_D32_F1.Detalles3" type="Variable"/>
      <Object fileName="Variables.xml" id="bd2edc22-ccf5-4262-9278-cef983d61675" lastModify="2024-08-13T16:25:51.000Z" name="MAPSERVICE_Sinacofi_D32_F1_D32_FRONT::MAPSERVICE.Sinacofi_D32_F1.indiceLoop" type="Variable"/>
      <Object fileName="Variables.xml" id="150c4ab1-9183-4840-9f96-ec31ffe7a7a9" lastModify="2024-08-13T16:25:51.000Z" name="MAPSERVICE_Sinacofi_D32_F1_D32_FRONT::MAPSERVICE.Sinacofi_D32_F1.agno" type="Variable"/>
      <Object fileName="Variables.xml" id="ec685ed4-800b-4512-9e18-d3f1ebd8e9c6" lastModify="2024-08-13T16:25:51.000Z" name="MAPSERVICE_Sinacofi_D32_F1_D32_FRONT::MAPSERVICE.Sinacofi_D32_F1.mes" type="Variable"/>
      <Object fileName="Variables.xml" id="64259468-6dca-46ee-88f3-9be1377dfffc" lastModify="2024-08-13T16:25:51.000Z" name="MAPSERVICE_Sinacofi_D32_F1_D32_FRONT::MAPSERVICE.Sinacofi_D32_F1.dia" type="Variable"/>
      <Object fileName="Variables.xml" id="bffa50fa-e420-420e-9aba-2e7d84c1C409" lastModify="2024-08-13T16:25:51.000Z" name="MAPSERVICE_Sinacofi_D32_F1_D32_FRONT::MAPSERVICE.Sinacofi_D32_F1.correlativoPrefijo" type="Variable"/>
      <Object fileName="Variables.xml" id="2bf5fc3a-ce1e-460c-aa4d-39dd9151a376" lastModify="2024-08-13T16:25:51.000Z" name="MAPSERVICE_Sinacofi_D32_F1_D32_FRONT::MAPSERVICE.Sinacofi_D32_F1.indice" type="Variable"/>
      <Object fileName="Variables.xml" id="64d94ac3-e932-412f-ac04-aa52e6ac4e0a" lastModify="2024-08-13T16:25:51.000Z" name="MAPSERVICE_Sinacofi_D32_F1_D32_FRONT::MAPSERVICE.Sinacofi_D32_F1.indice2" type="Variable"/>
      <Object fileName="Variables.xml" id="466e713d-9c27-4748-9af3-5ec2ae20bcfc" lastModify="2024-08-13T16:25:51.000Z" name="MAPSERVICE_Sinacofi_D32_F1_D32_FRONT::MAPSERVICE.Sinacofi_D32_F1.indice3" type="Variable"/>
      <Object fileName="Variables.xml" id="39a1f647-5bf9-474b-9625-33cf6f8bf9fe" lastModify="2024-08-13T16:25:51.000Z" name="MAPSERVICE_Sinacofi_D32_F1_D32_FRONT::MAPSERVICE.Sinacofi_D32_F1.tipoDocumentoPrefijo" type="Variable"/>
      <Object fileName="Variables.xml" id="ff84c037-fb9f-49f4-b8f3-b258ed4827dc" lastModify="2024-08-13T16:25:51.000Z" name="MAPSERVICE_Sinacofi_D32_F1_D32_FRONT::MAPSERVICE.Sinacofi_D32_F1.usuarioNAPrefijo" type="Variable"/>
      <Object fileName="Variables.xml" id="9e755733-aafa-493f-a824-605c9ca81a89" lastModify="2024-08-13T16:25:51.000Z" name="MAPSERVICE_Sinacofi_D32_F1_D32_FRONT::MAPSERVICE.Sinacofi_D32_F1.usuarioPrefijo" type="Variable"/>
      <Object id="5c9869f5-0ef5-4ee5-86c9-f734af6e5774" name="MAPSERVICE_Sinacofi_D32_F1_D32_FRONT::MAPSERVICE.Sinacofi_D32_F1\ArchivosMomentaneos.D32_Archivo_Datos_Val:InstanciarVariables" type="CheckConstraint"/>
      <Object id="5c9869f5-0ef5-4ee5-86c9-f734af6e5774" name="MAPSERVICE_Sinacofi_D32_F1_D32_FRONT::MAPSERVICE.Sinacofi_D32_F1\ArchivosMomentaneos.D32_Archivo_Datos_Val:Validation_code85_V8_V9_code65_V1_code75_V6" type="CheckConstraint"/>
      <Object id="5c9869f5-0ef5-4ee5-86c9-f734af6e5774" name="MAPSERVICE_Sinacofi_D32_F1_D32_FRONT::MAPSERVICE.Sinacofi_D32_F1\ArchivosMomentaneos.D32_Archivo_Datos_Val:Validation_code05_V2" type="CheckConstraint"/>
      <Object id="5c9869f5-0ef5-4ee5-86c9-f734af6e5774" name="MAPSERVICE_Sinacofi_D32_F1_D32_FRONT::MAPSERVICE.Sinacofi_D32_F1\ArchivosMomentaneos.D32_Archivo_Datos_Val:Validation_code74_V5" type="CheckConstraint"/>
      <Object id="5c9869f5-0ef5-4ee5-86c9-f734af6e5774" name="MAPSERVICE_Sinacofi_D32_F1_D32_FRONT::MAPSERVICE.Sinacofi_D32_F1\ArchivosMomentaneos.D32_Archivo_Datos_Val:Validation_container" type="CheckConstraint"/>
   </RootObject>
   <RootObject fileName="BusinessDocument_2.xml" id="5a26c413-5426-4534-8607-9d23965d6be1" lastModify="2024-08-13T16:25:51.000Z" name="MAPSERVICE_Sinacofi_D32_F1_D32_FRONT::MAPSERVICE.Sinacofi_D32_F1\ArchivosEntrada.D32_Archivo_Datos" type="BusinessDocument"/>
   <RootObject fileName="BusinessDocument_3.xml" id="29b6fc93-a3f5-4ed1-bd2a-a3828141c0b1" lastModify="2024-08-13T16:25:51.000Z" name="MAPSERVICE_Sinacofi_D32_F1_D32_FRONT::MAPSERVICE.Sinacofi_D32_F1\Salida.D32_Caratula_Salida" type="BusinessDocument"/>
   <RootObject fileName="CustomFunctions.xml" id="5e0e28f3-aa92-4c9e-92b4-fc75fadb3a3e" lastModify="2024-08-13T16:25:51.000Z" name="MAPSERVICE.Sinacofi_D32_F1.GetLargoRegistroByTD" type="CustomFunction"/>
   <RootObject fileName="CustomFunctions.xml" id="53671eb6-d536-4a07-b926-d740272e8aa4" lastModify="2024-08-13T16:25:51.000Z" name="MAPSERVICE.Sinacofi_D32_F1.InsertErrorTBL" type="CustomFunction"/>
   <RootObject fileName="CustomFunctions.xml" id="19523725-d875-4bdc-8be7-3783b7bcfb45" lastModify="2024-08-13T16:25:51.000Z" name="MAPSERVICE.Sinacofi_D32_F1.GetEntidadByCasilla" type="CustomFunction"/>
   <RootObject fileName="CustomFunctions.xml" id="9e78dfb3-a96c-416d-b1f8-c156a40967b0" lastModify="2024-08-13T16:25:51.000Z" name="MAPSERVICE.Sinacofi_D32_F1.InsertMovTBL" type="CustomFunction"/>
   <RootObject fileName="CustomFunctions.xml" id="33471ac7-5872-4709-b75a-0fc814d91ab6" lastModify="2024-08-13T16:25:51.000Z" name="MAPSERVICE.Sinacofi_D32_F1.ValidarEstructuraCAR" type="CustomFunction"/>
   <RootObject fileName="CustomFunctions.xml" id="a7e635c7-52a3-4538-b80d-3db58897c988" lastModify="2024-08-13T16:25:51.000Z" name="MAPSERVICE.Sinacofi_D32_F1.CargarCampos" type="CustomFunction"/>
   <RootObject fileName="MapBroker_1.xml" id="02a18ed3-71eb-431e-a139-72784f94f3c4" lastModify="2024-08-13T16:25:51.000Z" name="MAPSERVICE_Sinacofi_D32_F1_D32_FRONT::MAPSERVICE.Sinacofi_D32_F1.Validar_Datos" type="MapBroker">
      <Object fileName="BusinessDocument_1.xml" id="5c9869f5-0ef5-4ee5-86c9-f734af6e5774" lastModify="2024-08-13T16:25:51.000Z" name="MAPSERVICE_Sinacofi_D32_F1_D32_FRONT::MAPSERVICE.Sinacofi_D32_F1\ArchivosMomentaneos.D32_Archivo_Datos_Val" type="BusinessDocument">
         <Object fileName="CustomFunctions.xml" id="5e0e28f3-aa92-4c9e-92b4-fc75fadb3a3e" lastModify="2024-08-13T16:25:51.000Z" name="MAPSERVICE.Sinacofi_D32_F1.GetLargoRegistroByTD" type="CustomFunction"/>
         <Object fileName="CustomFunctions.xml" id="53671eb6-d536-4a07-b926-d740272e8aa4" lastModify="2024-08-13T16:25:51.000Z" name="MAPSERVICE.Sinacofi_D32_F1.InsertErrorTBL" type="CustomFunction"/>
         <Object fileName="CustomFunctions.xml" id="19523725-d875-4bdc-8be7-3783b7bcfb45" lastModify="2024-08-13T16:25:51.000Z" name="MAPSERVICE.Sinacofi_D32_F1.GetEntidadByCasilla" type="CustomFunction"/>
         <Object fileName="Variables.xml" id="611fa8e6-e9c4-4ac2-a44b-596b3de5465e" lastModify="2024-08-13T16:25:51.000Z" name="MAPSERVICE_Sinacofi_D32_F1_D32_FRONT::MAPSERVICE.Sinacofi_D32_F1.var_error1" type="Variable"/>
         <Object fileName="Variables.xml" id="b1d99d97-5a0c-41b2-938f-3c74978fc00b" lastModify="2024-08-13T16:25:51.000Z" name="MAPSERVICE_Sinacofi_D32_F1_D32_FRONT::MAPSERVICE.Sinacofi_D32_F1.TipoArchivo" type="Variable"/>
         <Object fileName="Variables.xml" id="4cd271d9-19f9-4928-a3ec-187a8f2f728f" lastModify="2024-08-13T16:25:51.000Z" name="MAPSERVICE_Sinacofi_D32_F1_D32_FRONT::MAPSERVICE.Sinacofi_D32_F1.CodigoError" type="Variable"/>
         <Object fileName="Variables.xml" id="b9263aa7-cfe0-4f5c-93ed-fc2a625126c2" lastModify="2024-08-13T16:25:51.000Z" name="MAPSERVICE_Sinacofi_D32_F1_D32_FRONT::MAPSERVICE.Sinacofi_D32_F1.Detalles" type="Variable"/>
         <Object fileName="Variables.xml" id="be1abe5b-940e-4e43-8099-40fcba76b305" lastModify="2024-08-13T16:25:51.000Z" name="MAPSERVICE_Sinacofi_D32_F1_D32_FRONT::MAPSERVICE.Sinacofi_D32_F1.Detalles2" type="Variable"/>
         <Object fileName="Variables.xml" id="b6db7a21-3ef3-4fb8-8233-d0654bfebf62" lastModify="2024-08-13T16:25:51.000Z" name="MAPSERVICE_Sinacofi_D32_F1_D32_FRONT::MAPSERVICE.Sinacofi_D32_F1.Detalles3" type="Variable"/>
         <Object fileName="Variables.xml" id="bd2edc22-ccf5-4262-9278-cef983d61675" lastModify="2024-08-13T16:25:51.000Z" name="MAPSERVICE_Sinacofi_D32_F1_D32_FRONT::MAPSERVICE.Sinacofi_D32_F1.indiceLoop" type="Variable"/>
         <Object fileName="Variables.xml" id="150c4ab1-9183-4840-9f96-ec31ffe7a7a9" lastModify="2024-08-13T16:25:51.000Z" name="MAPSERVICE_Sinacofi_D32_F1_D32_FRONT::MAPSERVICE.Sinacofi_D32_F1.agno" type="Variable"/>
         <Object fileName="Variables.xml" id="ec685ed4-800b-4512-9e18-d3f1ebd8e9c6" lastModify="2024-08-13T16:25:51.000Z" name="MAPSERVICE_Sinacofi_D32_F1_D32_FRONT::MAPSERVICE.Sinacofi_D32_F1.mes" type="Variable"/>
         <Object fileName="Variables.xml" id="64259468-6dca-46ee-88f3-9be1377dfffc" lastModify="2024-08-13T16:25:51.000Z" name="MAPSERVICE_Sinacofi_D32_F1_D32_FRONT::MAPSERVICE.Sinacofi_D32_F1.dia" type="Variable"/>
         <Object fileName="Variables.xml" id="bffa50fa-e420-420e-9aba-2e7d84c1C409" lastModify="2024-08-13T16:25:51.000Z" name="MAPSERVICE_Sinacofi_D32_F1_D32_FRONT::MAPSERVICE.Sinacofi_D32_F1.correlativoPrefijo" type="Variable"/>
         <Object fileName="Variables.xml" id="2bf5fc3a-ce1e-460c-aa4d-39dd9151a376" lastModify="2024-08-13T16:25:51.000Z" name="MAPSERVICE_Sinacofi_D32_F1_D32_FRONT::MAPSERVICE.Sinacofi_D32_F1.indice" type="Variable"/>
         <Object fileName="Variables.xml" id="64d94ac3-e932-412f-ac04-aa52e6ac4e0a" lastModify="2024-08-13T16:25:51.000Z" name="MAPSERVICE_Sinacofi_D32_F1_D32_FRONT::MAPSERVICE.Sinacofi_D32_F1.indice2" type="Variable"/>
         <Object fileName="Variables.xml" id="466e713d-9c27-4748-9af3-5ec2ae20bcfc" lastModify="2024-08-13T16:25:51.000Z" name="MAPSERVICE_Sinacofi_D32_F1_D32_FRONT::MAPSERVICE.Sinacofi_D32_F1.indice3" type="Variable"/>
         <Object fileName="Variables.xml" id="39a1f647-5bf9-474b-9625-33cf6f8bf9fe" lastModify="2024-08-13T16:25:51.000Z" name="MAPSERVICE_Sinacofi_D32_F1_D32_FRONT::MAPSERVICE.Sinacofi_D32_F1.tipoDocumentoPrefijo" type="Variable"/>
         <Object fileName="Variables.xml" id="ff84c037-fb9f-49f4-b8f3-b258ed4827dc" lastModify="2024-08-13T16:25:51.000Z" name="MAPSERVICE_Sinacofi_D32_F1_D32_FRONT::MAPSERVICE.Sinacofi_D32_F1.usuarioNAPrefijo" type="Variable"/>
         <Object fileName="Variables.xml" id="9e755733-aafa-493f-a824-605c9ca81a89" lastModify="2024-08-13T16:25:51.000Z" name="MAPSERVICE_Sinacofi_D32_F1_D32_FRONT::MAPSERVICE.Sinacofi_D32_F1.usuarioPrefijo" type="Variable"/>
         <Object id="5c9869f5-0ef5-4ee5-86c9-f734af6e5774" name="MAPSERVICE_Sinacofi_D32_F1_D32_FRONT::MAPSERVICE.Sinacofi_D32_F1\ArchivosMomentaneos.D32_Archivo_Datos_Val:InstanciarVariables" type="CheckConstraint"/>
         <Object id="5c9869f5-0ef5-4ee5-86c9-f734af6e5774" name="MAPSERVICE_Sinacofi_D32_F1_D32_FRONT::MAPSERVICE.Sinacofi_D32_F1\ArchivosMomentaneos.D32_Archivo_Datos_Val:Validation_code85_V8_V9_code65_V1_code75_V6" type="CheckConstraint"/>
         <Object id="5c9869f5-0ef5-4ee5-86c9-f734af6e5774" name="MAPSERVICE_Sinacofi_D32_F1_D32_FRONT::MAPSERVICE.Sinacofi_D32_F1\ArchivosMomentaneos.D32_Archivo_Datos_Val:Validation_code05_V2" type="CheckConstraint"/>
         <Object id="5c9869f5-0ef5-4ee5-86c9-f734af6e5774" name="MAPSERVICE_Sinacofi_D32_F1_D32_FRONT::MAPSERVICE.Sinacofi_D32_F1\ArchivosMomentaneos.D32_Archivo_Datos_Val:Validation_code74_V5" type="CheckConstraint"/>
         <Object id="5c9869f5-0ef5-4ee5-86c9-f734af6e5774" name="MAPSERVICE_Sinacofi_D32_F1_D32_FRONT::MAPSERVICE.Sinacofi_D32_F1\ArchivosMomentaneos.D32_Archivo_Datos_Val:Validation_container" type="CheckConstraint"/>
      </Object>
      <Object fileName="CustomFunctions.xml" id="5e0e28f3-aa92-4c9e-92b4-fc75fadb3a3e" lastModify="2024-08-13T16:25:51.000Z" name="MAPSERVICE.Sinacofi_D32_F1.GetLargoRegistroByTD" type="CustomFunction"/>
      <Object fileName="CustomFunctions.xml" id="53671eb6-d536-4a07-b926-d740272e8aa4" lastModify="2024-08-13T16:25:51.000Z" name="MAPSERVICE.Sinacofi_D32_F1.InsertErrorTBL" type="CustomFunction"/>
      <Object fileName="CustomFunctions.xml" id="19523725-d875-4bdc-8be7-3783b7bcfb45" lastModify="2024-08-13T16:25:51.000Z" name="MAPSERVICE.Sinacofi_D32_F1.GetEntidadByCasilla" type="CustomFunction"/>
      <Object fileName="CustomFunctions.xml" id="9e78dfb3-a96c-416d-b1f8-c156a40967b0" lastModify="2024-08-13T16:25:51.000Z" name="MAPSERVICE.Sinacofi_D32_F1.InsertMovTBL" type="CustomFunction"/>
      <Object id="f6a10238-f643-42a4-ab0a-251f445dcbaf" lastModify="2024-08-13T16:25:51.000Z" name="MAPSERVICE_Sinacofi_D32_F1_D32_FRONT::MAPSERVICE.Sinacofi_D32_F1.ArchivoDatosVal_A_ArchivoDatos_FRONT" type="MappingRule">
         <Object fileName="BusinessDocument_1.xml" id="5c9869f5-0ef5-4ee5-86c9-f734af6e5774" lastModify="2024-08-13T16:25:51.000Z" name="MAPSERVICE_Sinacofi_D32_F1_D32_FRONT::MAPSERVICE.Sinacofi_D32_F1\ArchivosMomentaneos.D32_Archivo_Datos_Val" type="BusinessDocument">
            <Object fileName="CustomFunctions.xml" id="5e0e28f3-aa92-4c9e-92b4-fc75fadb3a3e" lastModify="2024-08-13T16:25:51.000Z" name="MAPSERVICE.Sinacofi_D32_F1.GetLargoRegistroByTD" type="CustomFunction"/>
            <Object fileName="CustomFunctions.xml" id="53671eb6-d536-4a07-b926-d740272e8aa4" lastModify="2024-08-13T16:25:51.000Z" name="MAPSERVICE.Sinacofi_D32_F1.InsertErrorTBL" type="CustomFunction"/>
            <Object fileName="CustomFunctions.xml" id="19523725-d875-4bdc-8be7-3783b7bcfb45" lastModify="2024-08-13T16:25:51.000Z" name="MAPSERVICE.Sinacofi_D32_F1.GetEntidadByCasilla" type="CustomFunction"/>
            <Object fileName="Variables.xml" id="611fa8e6-e9c4-4ac2-a44b-596b3de5465e" lastModify="2024-08-13T16:25:51.000Z" name="MAPSERVICE_Sinacofi_D32_F1_D32_FRONT::MAPSERVICE.Sinacofi_D32_F1.var_error1" type="Variable"/>
            <Object fileName="Variables.xml" id="b1d99d97-5a0c-41b2-938f-3c74978fc00b" lastModify="2024-08-13T16:25:51.000Z" name="MAPSERVICE_Sinacofi_D32_F1_D32_FRONT::MAPSERVICE.Sinacofi_D32_F1.TipoArchivo" type="Variable"/>
            <Object fileName="Variables.xml" id="4cd271d9-19f9-4928-a3ec-187a8f2f728f" lastModify="2024-08-13T16:25:51.000Z" name="MAPSERVICE_Sinacofi_D32_F1_D32_FRONT::MAPSERVICE.Sinacofi_D32_F1.CodigoError" type="Variable"/>
            <Object fileName="Variables.xml" id="b9263aa7-cfe0-4f5c-93ed-fc2a625126c2" lastModify="2024-08-13T16:25:51.000Z" name="MAPSERVICE_Sinacofi_D32_F1_D32_FRONT::MAPSERVICE.Sinacofi_D32_F1.Detalles" type="Variable"/>
            <Object fileName="Variables.xml" id="be1abe5b-940e-4e43-8099-40fcba76b305" lastModify="2024-08-13T16:25:51.000Z" name="MAPSERVICE_Sinacofi_D32_F1_D32_FRONT::MAPSERVICE.Sinacofi_D32_F1.Detalles2" type="Variable"/>
            <Object fileName="Variables.xml" id="b6db7a21-3ef3-4fb8-8233-d0654bfebf62" lastModify="2024-08-13T16:25:51.000Z" name="MAPSERVICE_Sinacofi_D32_F1_D32_FRONT::MAPSERVICE.Sinacofi_D32_F1.Detalles3" type="Variable"/>
            <Object fileName="Variables.xml" id="bd2edc22-ccf5-4262-9278-cef983d61675" lastModify="2024-08-13T16:25:51.000Z" name="MAPSERVICE_Sinacofi_D32_F1_D32_FRONT::MAPSERVICE.Sinacofi_D32_F1.indiceLoop" type="Variable"/>
            <Object fileName="Variables.xml" id="150c4ab1-9183-4840-9f96-ec31ffe7a7a9" lastModify="2024-08-13T16:25:51.000Z" name="MAPSERVICE_Sinacofi_D32_F1_D32_FRONT::MAPSERVICE.Sinacofi_D32_F1.agno" type="Variable"/>
            <Object fileName="Variables.xml" id="ec685ed4-800b-4512-9e18-d3f1ebd8e9c6" lastModify="2024-08-13T16:25:51.000Z" name="MAPSERVICE_Sinacofi_D32_F1_D32_FRONT::MAPSERVICE.Sinacofi_D32_F1.mes" type="Variable"/>
            <Object fileName="Variables.xml" id="64259468-6dca-46ee-88f3-9be1377dfffc" lastModify="2024-08-13T16:25:51.000Z" name="MAPSERVICE_Sinacofi_D32_F1_D32_FRONT::MAPSERVICE.Sinacofi_D32_F1.dia" type="Variable"/>
            <Object fileName="Variables.xml" id="bffa50fa-e420-420e-9aba-2e7d84c1C409" lastModify="2024-08-13T16:25:51.000Z" name="MAPSERVICE_Sinacofi_D32_F1_D32_FRONT::MAPSERVICE.Sinacofi_D32_F1.correlativoPrefijo" type="Variable"/>
            <Object fileName="Variables.xml" id="2bf5fc3a-ce1e-460c-aa4d-39dd9151a376" lastModify="2024-08-13T16:25:51.000Z" name="MAPSERVICE_Sinacofi_D32_F1_D32_FRONT::MAPSERVICE.Sinacofi_D32_F1.indice" type="Variable"/>
            <Object fileName="Variables.xml" id="64d94ac3-e932-412f-ac04-aa52e6ac4e0a" lastModify="2024-08-13T16:25:51.000Z" name="MAPSERVICE_Sinacofi_D32_F1_D32_FRONT::MAPSERVICE.Sinacofi_D32_F1.indice2" type="Variable"/>
            <Object fileName="Variables.xml" id="466e713d-9c27-4748-9af3-5ec2ae20bcfc" lastModify="2024-08-13T16:25:51.000Z" name="MAPSERVICE_Sinacofi_D32_F1_D32_FRONT::MAPSERVICE.Sinacofi_D32_F1.indice3" type="Variable"/>
            <Object fileName="Variables.xml" id="39a1f647-5bf9-474b-9625-33cf6f8bf9fe" lastModify="2024-08-13T16:25:51.000Z" name="MAPSERVICE_Sinacofi_D32_F1_D32_FRONT::MAPSERVICE.Sinacofi_D32_F1.tipoDocumentoPrefijo" type="Variable"/>
            <Object fileName="Variables.xml" id="ff84c037-fb9f-49f4-b8f3-b258ed4827dc" lastModify="2024-08-13T16:25:51.000Z" name="MAPSERVICE_Sinacofi_D32_F1_D32_FRONT::MAPSERVICE.Sinacofi_D32_F1.usuarioNAPrefijo" type="Variable"/>
            <Object fileName="Variables.xml" id="9e755733-aafa-493f-a824-605c9ca81a89" lastModify="2024-08-13T16:25:51.000Z" name="MAPSERVICE_Sinacofi_D32_F1_D32_FRONT::MAPSERVICE.Sinacofi_D32_F1.usuarioPrefijo" type="Variable"/>
            <Object id="5c9869f5-0ef5-4ee5-86c9-f734af6e5774" name="MAPSERVICE_Sinacofi_D32_F1_D32_FRONT::MAPSERVICE.Sinacofi_D32_F1\ArchivosMomentaneos.D32_Archivo_Datos_Val:InstanciarVariables" type="CheckConstraint"/>
            <Object id="5c9869f5-0ef5-4ee5-86c9-f734af6e5774" name="MAPSERVICE_Sinacofi_D32_F1_D32_FRONT::MAPSERVICE.Sinacofi_D32_F1\ArchivosMomentaneos.D32_Archivo_Datos_Val:Validation_code85_V8_V9_code65_V1_code75_V6" type="CheckConstraint"/>
            <Object id="5c9869f5-0ef5-4ee5-86c9-f734af6e5774" name="MAPSERVICE_Sinacofi_D32_F1_D32_FRONT::MAPSERVICE.Sinacofi_D32_F1\ArchivosMomentaneos.D32_Archivo_Datos_Val:Validation_code05_V2" type="CheckConstraint"/>
            <Object id="5c9869f5-0ef5-4ee5-86c9-f734af6e5774" name="MAPSERVICE_Sinacofi_D32_F1_D32_FRONT::MAPSERVICE.Sinacofi_D32_F1\ArchivosMomentaneos.D32_Archivo_Datos_Val:Validation_code74_V5" type="CheckConstraint"/>
            <Object id="5c9869f5-0ef5-4ee5-86c9-f734af6e5774" name="MAPSERVICE_Sinacofi_D32_F1_D32_FRONT::MAPSERVICE.Sinacofi_D32_F1\ArchivosMomentaneos.D32_Archivo_Datos_Val:Validation_container" type="CheckConstraint"/>
         </Object>
         <Object fileName="BusinessDocument_2.xml" id="5a26c413-5426-4534-8607-9d23965d6be1" lastModify="2024-08-13T16:25:51.000Z" name="MAPSERVICE_Sinacofi_D32_F1_D32_FRONT::MAPSERVICE.Sinacofi_D32_F1\ArchivosEntrada.D32_Archivo_Datos" type="BusinessDocument"/>
      </Object>
      <Object fileName="Variables.xml" id="611fa8e6-e9c4-4ac2-a44b-596b3de5465e" lastModify="2024-08-13T16:25:51.000Z" name="MAPSERVICE_Sinacofi_D32_F1_D32_FRONT::MAPSERVICE.Sinacofi_D32_F1.var_error1" type="Variable"/>
      <Object fileName="Variables.xml" id="b1d99d97-5a0c-41b2-938f-3c74978fc00b" lastModify="2024-08-13T16:25:51.000Z" name="MAPSERVICE_Sinacofi_D32_F1_D32_FRONT::MAPSERVICE.Sinacofi_D32_F1.TipoArchivo" type="Variable"/>
      <Object fileName="Variables.xml" id="4cd271d9-19f9-4928-a3ec-187a8f2f728f" lastModify="2024-08-13T16:25:51.000Z" name="MAPSERVICE_Sinacofi_D32_F1_D32_FRONT::MAPSERVICE.Sinacofi_D32_F1.CodigoError" type="Variable"/>
      <Object fileName="Variables.xml" id="b9263aa7-cfe0-4f5c-93ed-fc2a625126c2" lastModify="2024-08-13T16:25:51.000Z" name="MAPSERVICE_Sinacofi_D32_F1_D32_FRONT::MAPSERVICE.Sinacofi_D32_F1.Detalles" type="Variable"/>
      <Object fileName="Variables.xml" id="be1abe5b-940e-4e43-8099-40fcba76b305" lastModify="2024-08-13T16:25:51.000Z" name="MAPSERVICE_Sinacofi_D32_F1_D32_FRONT::MAPSERVICE.Sinacofi_D32_F1.Detalles2" type="Variable"/>
      <Object fileName="Variables.xml" id="b6db7a21-3ef3-4fb8-8233-d0654bfebf62" lastModify="2024-08-13T16:25:51.000Z" name="MAPSERVICE_Sinacofi_D32_F1_D32_FRONT::MAPSERVICE.Sinacofi_D32_F1.Detalles3" type="Variable"/>
      <Object fileName="Variables.xml" id="bd2edc22-ccf5-4262-9278-cef983d61675" lastModify="2024-08-13T16:25:51.000Z" name="MAPSERVICE_Sinacofi_D32_F1_D32_FRONT::MAPSERVICE.Sinacofi_D32_F1.indiceLoop" type="Variable"/>
      <Object fileName="Variables.xml" id="150c4ab1-9183-4840-9f96-ec31ffe7a7a9" lastModify="2024-08-13T16:25:51.000Z" name="MAPSERVICE_Sinacofi_D32_F1_D32_FRONT::MAPSERVICE.Sinacofi_D32_F1.agno" type="Variable"/>
      <Object fileName="Variables.xml" id="ec685ed4-800b-4512-9e18-d3f1ebd8e9c6" lastModify="2024-08-13T16:25:51.000Z" name="MAPSERVICE_Sinacofi_D32_F1_D32_FRONT::MAPSERVICE.Sinacofi_D32_F1.mes" type="Variable"/>
      <Object fileName="Variables.xml" id="64259468-6dca-46ee-88f3-9be1377dfffc" lastModify="2024-08-13T16:25:51.000Z" name="MAPSERVICE_Sinacofi_D32_F1_D32_FRONT::MAPSERVICE.Sinacofi_D32_F1.dia" type="Variable"/>
      <Object fileName="Variables.xml" id="bffa50fa-e420-420e-9aba-2e7d84c1C409" lastModify="2024-08-13T16:25:51.000Z" name="MAPSERVICE_Sinacofi_D32_F1_D32_FRONT::MAPSERVICE.Sinacofi_D32_F1.correlativoPrefijo" type="Variable"/>
      <Object fileName="Variables.xml" id="9d7c92bf-6a5b-4732-ba73-2c075c6fe230" lastModify="2024-08-13T16:25:51.000Z" name="MAPSERVICE_Sinacofi_D32_F1_D32_FRONT::MAPSERVICE.Sinacofi_D32_F1.MovimientoProcesado" type="Variable"/>
      <Object fileName="Variables.xml" id="2bf5fc3a-ce1e-460c-aa4d-39dd9151a376" lastModify="2024-08-13T16:25:51.000Z" name="MAPSERVICE_Sinacofi_D32_F1_D32_FRONT::MAPSERVICE.Sinacofi_D32_F1.indice" type="Variable"/>
      <Object fileName="Variables.xml" id="64d94ac3-e932-412f-ac04-aa52e6ac4e0a" lastModify="2024-08-13T16:25:51.000Z" name="MAPSERVICE_Sinacofi_D32_F1_D32_FRONT::MAPSERVICE.Sinacofi_D32_F1.indice2" type="Variable"/>
      <Object fileName="Variables.xml" id="466e713d-9c27-4748-9af3-5ec2ae20bcfc" lastModify="2024-08-13T16:25:51.000Z" name="MAPSERVICE_Sinacofi_D32_F1_D32_FRONT::MAPSERVICE.Sinacofi_D32_F1.indice3" type="Variable"/>
      <Object fileName="Variables.xml" id="39a1f647-5bf9-474b-9625-33cf6f8bf9fe" lastModify="2024-08-13T16:25:51.000Z" name="MAPSERVICE_Sinacofi_D32_F1_D32_FRONT::MAPSERVICE.Sinacofi_D32_F1.tipoDocumentoPrefijo" type="Variable"/>
      <Object fileName="Variables.xml" id="ff84c037-fb9f-49f4-b8f3-b258ed4827dc" lastModify="2024-08-13T16:25:51.000Z" name="MAPSERVICE_Sinacofi_D32_F1_D32_FRONT::MAPSERVICE.Sinacofi_D32_F1.usuarioNAPrefijo" type="Variable"/>
      <Object fileName="Variables.xml" id="9e755733-aafa-493f-a824-605c9ca81a89" lastModify="2024-08-13T16:25:51.000Z" name="MAPSERVICE_Sinacofi_D32_F1_D32_FRONT::MAPSERVICE.Sinacofi_D32_F1.usuarioPrefijo" type="Variable"/>
   </RootObject>
   <RootObject fileName="MapBroker_2.xml" id="cf0945b0-28c2-4639-a6c9-bddbb3e71ab9" lastModify="2024-08-13T16:25:51.000Z" name="MAPSERVICE_Sinacofi_D32_F1_D32_FRONT::MAPSERVICE.Sinacofi_D32_F1.Calcular_Cam" type="MapBroker">
      <Object id="1cb16b97-c668-4742-bf9c-e7da78efdc15" lastModify="2024-08-13T16:25:51.000Z" name="MAPSERVICE_Sinacofi_D32_F1_D32_FRONT::MAPSERVICE.Sinacofi_D32_F1.Calcular_Campos" type="MappingRule">
         <Object fileName="BusinessDocument_2.xml" id="5a26c413-5426-4534-8607-9d23965d6be1" lastModify="2024-08-13T16:25:51.000Z" name="MAPSERVICE_Sinacofi_D32_F1_D32_FRONT::MAPSERVICE.Sinacofi_D32_F1\ArchivosEntrada.D32_Archivo_Datos" type="BusinessDocument"/>
         <Object fileName="BusinessDocument_3.xml" id="29b6fc93-a3f5-4ed1-bd2a-a3828141c0b1" lastModify="2024-08-13T16:25:51.000Z" name="MAPSERVICE_Sinacofi_D32_F1_D32_FRONT::MAPSERVICE.Sinacofi_D32_F1\Salida.D32_Caratula_Salida" type="BusinessDocument"/>
         <Object fileName="Variables.xml" id="c90a04ef-a5a8-4189-9685-7a012dbe4c91" lastModify="2024-08-13T16:25:51.000Z" name="MAPSERVICE_Sinacofi_D32_F1_D32_FRONT::MAPSERVICE.Sinacofi_D32_F1.totalAN72" type="Variable"/>
         <Object fileName="Variables.xml" id="8dbc439b-2086-49be-aebc-2ce83b0b5f6e" lastModify="2024-08-13T16:25:51.000Z" name="MAPSERVICE_Sinacofi_D32_F1_D32_FRONT::MAPSERVICE.Sinacofi_D32_F1.totalANJ2" type="Variable"/>
         <Object fileName="Variables.xml" id="6d5a9fe0-18b8-4e6c-bb19-46a12a4ce028" lastModify="2024-08-13T16:25:51.000Z" name="MAPSERVICE_Sinacofi_D32_F1_D32_FRONT::MAPSERVICE.Sinacofi_D32_F1.totalANK2" type="Variable"/>
         <Object fileName="Variables.xml" id="7a08e47b-305b-4386-887c-b16008c5b377" lastModify="2024-08-13T16:25:51.000Z" name="MAPSERVICE_Sinacofi_D32_F1_D32_FRONT::MAPSERVICE.Sinacofi_D32_F1.totalANL2" type="Variable"/>
         <Object fileName="Variables.xml" id="24486874-7d89-4063-be2b-0d96946d10f8" lastModify="2024-08-13T16:25:51.000Z" name="MAPSERVICE_Sinacofi_D32_F1_D32_FRONT::MAPSERVICE.Sinacofi_D32_F1.totalANM2" type="Variable"/>
         <Object fileName="Variables.xml" id="28e757a5-5061-4476-bc81-6b1214e000cf" lastModify="2024-08-13T16:25:51.000Z" name="MAPSERVICE_Sinacofi_D32_F1_D32_FRONT::MAPSERVICE.Sinacofi_D32_F1.totalANN2" type="Variable"/>
         <Object fileName="Variables.xml" id="80431e85-587d-405c-a55d-51d92e5dae11" lastModify="2024-08-13T16:25:51.000Z" name="MAPSERVICE_Sinacofi_D32_F1_D32_FRONT::MAPSERVICE.Sinacofi_D32_F1.totalAN82" type="Variable"/>
         <Object fileName="Variables.xml" id="37088f34-1c21-4a61-9bbe-752b8c279c4a" lastModify="2024-08-13T16:25:51.000Z" name="MAPSERVICE_Sinacofi_D32_F1_D32_FRONT::MAPSERVICE.Sinacofi_D32_F1.totalAN92" type="Variable"/>
         <Object fileName="Variables.xml" id="addf02f5-5007-462a-86a3-7fff773e9155" lastModify="2024-08-13T16:25:51.000Z" name="MAPSERVICE_Sinacofi_D32_F1_D32_FRONT::MAPSERVICE.Sinacofi_D32_F1.totalANP2" type="Variable"/>
         <Object fileName="Variables.xml" id="daaf872c-ae05-429f-8443-848d08fa05db" lastModify="2024-08-13T16:25:51.000Z" name="MAPSERVICE_Sinacofi_D32_F1_D32_FRONT::MAPSERVICE.Sinacofi_D32_F1.totalANQ2" type="Variable"/>
         <Object fileName="Variables.xml" id="e881774b-7698-4780-9ec5-e5db8ff6d1c8" lastModify="2024-08-13T16:25:51.000Z" name="MAPSERVICE_Sinacofi_D32_F1_D32_FRONT::MAPSERVICE.Sinacofi_D32_F1.totalANR2" type="Variable"/>
         <Object fileName="Variables.xml" id="cc9df52b-e37d-47ae-b767-c3b396c61040" lastModify="2024-08-13T16:25:51.000Z" name="MAPSERVICE_Sinacofi_D32_F1_D32_FRONT::MAPSERVICE.Sinacofi_D32_F1.totalANS2" type="Variable"/>
         <Object fileName="Variables.xml" id="e02fde38-bf3c-49f8-b4ec-8a4b99a85d8f" lastModify="2024-08-13T16:25:51.000Z" name="MAPSERVICE_Sinacofi_D32_F1_D32_FRONT::MAPSERVICE.Sinacofi_D32_F1.totalANT2" type="Variable"/>
         <Object fileName="Variables.xml" id="a9c9265d-719e-433d-a6a7-a01609c38535" lastModify="2024-08-13T16:25:51.000Z" name="MAPSERVICE_Sinacofi_D32_F1_D32_FRONT::MAPSERVICE.Sinacofi_D32_F1.totalANU2" type="Variable"/>
         <Object fileName="Variables.xml" id="4a96d3d3-1204-4a3a-8704-8e282f728d26" lastModify="2024-08-13T16:25:51.000Z" name="MAPSERVICE_Sinacofi_D32_F1_D32_FRONT::MAPSERVICE.Sinacofi_D32_F1.totalANV2" type="Variable"/>
         <Object fileName="Variables.xml" id="fa139bd9-0c19-4976-8efb-49946c7c8a0f" lastModify="2024-08-13T16:25:51.000Z" name="MAPSERVICE_Sinacofi_D32_F1_D32_FRONT::MAPSERVICE.Sinacofi_D32_F1.totalAN02" type="Variable"/>
         <Object fileName="Variables.xml" id="2871e21f-ec8c-4db0-9944-8b90976a125c" lastModify="2024-08-13T16:25:51.000Z" name="MAPSERVICE_Sinacofi_D32_F1_D32_FRONT::MAPSERVICE.Sinacofi_D32_F1.totalANW2" type="Variable"/>
         <Object fileName="Variables.xml" id="628064cd-6212-434f-bbb7-b10c1f1b0495" lastModify="2024-08-13T16:25:51.000Z" name="MAPSERVICE_Sinacofi_D32_F1_D32_FRONT::MAPSERVICE.Sinacofi_D32_F1.totalANX2" type="Variable"/>
         <Object fileName="Variables.xml" id="3ede5619-9f7c-42f9-91fa-b493532840f0" lastModify="2024-08-13T16:25:51.000Z" name="MAPSERVICE_Sinacofi_D32_F1_D32_FRONT::MAPSERVICE.Sinacofi_D32_F1.totalANY2" type="Variable"/>
         <Object fileName="Variables.xml" id="4de6e52f-89fb-47da-a69b-3cf448be5708" lastModify="2024-08-13T16:25:51.000Z" name="MAPSERVICE_Sinacofi_D32_F1_D32_FRONT::MAPSERVICE.Sinacofi_D32_F1.totalANZ2" type="Variable"/>
      </Object>
      <Object fileName="Variables.xml" id="bffa50fa-e420-420e-9aba-2e7d84c1C409" lastModify="2024-08-13T16:25:51.000Z" name="MAPSERVICE_Sinacofi_D32_F1_D32_FRONT::MAPSERVICE.Sinacofi_D32_F1.correlativoPrefijo" type="Variable"/>
   </RootObject>
   <RootObject fileName="MapBroker_3.xml" id="ddec0d24-706a-4db5-a7ac-a14fde47f3f3" lastModify="2024-08-13T16:25:51.000Z" name="MAPSERVICE_Sinacofi_D32_F1_D32_FRONT::MAPSERVICE.Sinacofi_D32_F1.Evento_Error" type="MapBroker">
      <Object fileName="CustomFunctions.xml" id="53671eb6-d536-4a07-b926-d740272e8aa4" lastModify="2024-08-13T16:25:51.000Z" name="MAPSERVICE.Sinacofi_D32_F1.InsertErrorTBL" type="CustomFunction"/>
      <Object fileName="CustomFunctions.xml" id="9e78dfb3-a96c-416d-b1f8-c156a40967b0" lastModify="2024-08-13T16:25:51.000Z" name="MAPSERVICE.Sinacofi_D32_F1.InsertMovTBL" type="CustomFunction"/>
      <Object fileName="Variables.xml" id="611fa8e6-e9c4-4ac2-a44b-596b3de5465e" lastModify="2024-08-13T16:25:51.000Z" name="MAPSERVICE_Sinacofi_D32_F1_D32_FRONT::MAPSERVICE.Sinacofi_D32_F1.var_error1" type="Variable"/>
      <Object fileName="Variables.xml" id="bffa50fa-e420-420e-9aba-2e7d84c1C409" lastModify="2024-08-13T16:25:51.000Z" name="MAPSERVICE_Sinacofi_D32_F1_D32_FRONT::MAPSERVICE.Sinacofi_D32_F1.correlativoPrefijo" type="Variable"/>
      <Object fileName="Variables.xml" id="0d569f53-b945-416c-bd9f-63056e36475e" lastModify="2024-08-13T16:25:51.000Z" name="MAPSERVICE_Sinacofi_D32_F1_D32_FRONT::MAPSERVICE.Sinacofi_D32_F1.debug" type="Variable"/>
      <Object fileName="Variables.xml" id="68bc84be-17b1-496b-9ec8-fb15e0944690" lastModify="2024-08-13T16:25:51.000Z" name="MAPSERVICE_Sinacofi_D32_F1_D32_FRONT::MAPSERVICE.Sinacofi_D32_F1.var_registro1" type="Variable"/>
   </RootObject>
   <RootObject fileName="MapBroker_4.xml" id="4015b54a-c649-4e47-b9f7-D32e3e8b10e8" lastModify="2024-08-13T16:25:51.000Z" name="MAPSERVICE_Sinacofi_D32_F1_D32_FRONT::MAPSERVICE.Sinacofi_D32_F1.Insertar_Campos" type="MapBroker">
      <Object fileName="BusinessDocument_3.xml" id="29b6fc93-a3f5-4ed1-bd2a-a3828141c0b1" lastModify="2024-08-13T16:25:51.000Z" name="MAPSERVICE_Sinacofi_D32_F1_D32_FRONT::MAPSERVICE.Sinacofi_D32_F1\Salida.D32_Caratula_Salida" type="BusinessDocument"/>
      <Object fileName="CustomFunctions.xml" id="53671eb6-d536-4a07-b926-d740272e8aa4" lastModify="2024-08-13T16:25:51.000Z" name="MAPSERVICE.Sinacofi_D32_F1.InsertErrorTBL" type="CustomFunction"/>
      <Object fileName="CustomFunctions.xml" id="9e78dfb3-a96c-416d-b1f8-c156a40967b0" lastModify="2024-08-13T16:25:51.000Z" name="MAPSERVICE.Sinacofi_D32_F1.InsertMovTBL" type="CustomFunction"/>
      <Object fileName="CustomFunctions.xml" id="33471ac7-5872-4709-b75a-0fc814d91ab6" lastModify="2024-08-13T16:25:51.000Z" name="MAPSERVICE.Sinacofi_D32_F1.ValidarEstructuraCAR" type="CustomFunction"/>
      <Object fileName="CustomFunctions.xml" id="a7e635c7-52a3-4538-b80d-3db58897c988" lastModify="2024-08-13T16:25:51.000Z" name="MAPSERVICE.Sinacofi_D32_F1.CargarCampos" type="CustomFunction"/>
      <Object fileName="Variables.xml" id="611fa8e6-e9c4-4ac2-a44b-596b3de5465e" lastModify="2024-08-13T16:25:51.000Z" name="MAPSERVICE_Sinacofi_D32_F1_D32_FRONT::MAPSERVICE.Sinacofi_D32_F1.var_error1" type="Variable"/>
      <Object fileName="Variables.xml" id="bffa50fa-e420-420e-9aba-2e7d84c1C409" lastModify="2024-08-13T16:25:51.000Z" name="MAPSERVICE_Sinacofi_D32_F1_D32_FRONT::MAPSERVICE.Sinacofi_D32_F1.correlativoPrefijo" type="Variable"/>
      <Object fileName="Variables.xml" id="9d7c92bf-6a5b-4732-ba73-2c075c6fe230" lastModify="2024-08-13T16:25:51.000Z" name="MAPSERVICE_Sinacofi_D32_F1_D32_FRONT::MAPSERVICE.Sinacofi_D32_F1.MovimientoProcesado" type="Variable"/>
      <Object fileName="Variables.xml" id="68bc84be-17b1-496b-9ec8-fb15e0944690" lastModify="2024-08-13T16:25:51.000Z" name="MAPSERVICE_Sinacofi_D32_F1_D32_FRONT::MAPSERVICE.Sinacofi_D32_F1.var_registro1" type="Variable"/>
      <Object fileName="Variables.xml" id="08c5d016-b238-451b-81ec-fc19d7421b79" lastModify="2024-08-13T16:25:51.000Z" name="MAPSERVICE_Sinacofi_D32_F1_D32_FRONT::MAPSERVICE.Sinacofi_D32_F1.resEstructuraValida" type="Variable"/>
      <Object fileName="Variables.xml" id="92bb996d-3ed8-4dcb-bdfd-8bc6f22a2acc" lastModify="2024-08-13T16:25:51.000Z" name="MAPSERVICE_Sinacofi_D32_F1_D32_FRONT::MAPSERVICE.Sinacofi_D32_F1.ValoresConcatenados" type="Variable"/>
      <Object fileName="Variables.xml" id="5ad17385-d4d9-44c7-bda9-41aafc685d09" lastModify="2024-08-13T16:25:51.000Z" name="MAPSERVICE_Sinacofi_D32_F1_D32_FRONT::MAPSERVICE.Sinacofi_D32_F1.resCargarCampos" type="Variable"/>
   </RootObject>
   <RootObject fileName="MapStage_1.xml" id="f37bd1e2-d9b0-4c14-8405-77bc25894470" lastModify="2024-08-13T16:25:51.000Z" name="MAPSERVICE.Sinacofi_D32_F1.D32_FRONT" type="MapStage">
      <Object fileName="BusinessDocument_1.xml" id="5c9869f5-0ef5-4ee5-86c9-f734af6e5774" lastModify="2024-08-13T16:25:51.000Z" name="MAPSERVICE_Sinacofi_D32_F1_D32_FRONT::MAPSERVICE.Sinacofi_D32_F1\ArchivosMomentaneos.D32_Archivo_Datos_Val" type="BusinessDocument">
         <Object fileName="CustomFunctions.xml" id="5e0e28f3-aa92-4c9e-92b4-fc75fadb3a3e" lastModify="2024-08-13T16:25:51.000Z" name="MAPSERVICE.Sinacofi_D32_F1.GetLargoRegistroByTD" type="CustomFunction"/>
         <Object fileName="CustomFunctions.xml" id="53671eb6-d536-4a07-b926-d740272e8aa4" lastModify="2024-08-13T16:25:51.000Z" name="MAPSERVICE.Sinacofi_D32_F1.InsertErrorTBL" type="CustomFunction"/>
         <Object fileName="CustomFunctions.xml" id="19523725-d875-4bdc-8be7-3783b7bcfb45" lastModify="2024-08-13T16:25:51.000Z" name="MAPSERVICE.Sinacofi_D32_F1.GetEntidadByCasilla" type="CustomFunction"/>
         <Object fileName="Variables.xml" id="611fa8e6-e9c4-4ac2-a44b-596b3de5465e" lastModify="2024-08-13T16:25:51.000Z" name="MAPSERVICE_Sinacofi_D32_F1_D32_FRONT::MAPSERVICE.Sinacofi_D32_F1.var_error1" type="Variable"/>
         <Object fileName="Variables.xml" id="b1d99d97-5a0c-41b2-938f-3c74978fc00b" lastModify="2024-08-13T16:25:51.000Z" name="MAPSERVICE_Sinacofi_D32_F1_D32_FRONT::MAPSERVICE.Sinacofi_D32_F1.TipoArchivo" type="Variable"/>
         <Object fileName="Variables.xml" id="4cd271d9-19f9-4928-a3ec-187a8f2f728f" lastModify="2024-08-13T16:25:51.000Z" name="MAPSERVICE_Sinacofi_D32_F1_D32_FRONT::MAPSERVICE.Sinacofi_D32_F1.CodigoError" type="Variable"/>
         <Object fileName="Variables.xml" id="b9263aa7-cfe0-4f5c-93ed-fc2a625126c2" lastModify="2024-08-13T16:25:51.000Z" name="MAPSERVICE_Sinacofi_D32_F1_D32_FRONT::MAPSERVICE.Sinacofi_D32_F1.Detalles" type="Variable"/>
         <Object fileName="Variables.xml" id="be1abe5b-940e-4e43-8099-40fcba76b305" lastModify="2024-08-13T16:25:51.000Z" name="MAPSERVICE_Sinacofi_D32_F1_D32_FRONT::MAPSERVICE.Sinacofi_D32_F1.Detalles2" type="Variable"/>
         <Object fileName="Variables.xml" id="b6db7a21-3ef3-4fb8-8233-d0654bfebf62" lastModify="2024-08-13T16:25:51.000Z" name="MAPSERVICE_Sinacofi_D32_F1_D32_FRONT::MAPSERVICE.Sinacofi_D32_F1.Detalles3" type="Variable"/>
         <Object fileName="Variables.xml" id="bd2edc22-ccf5-4262-9278-cef983d61675" lastModify="2024-08-13T16:25:51.000Z" name="MAPSERVICE_Sinacofi_D32_F1_D32_FRONT::MAPSERVICE.Sinacofi_D32_F1.indiceLoop" type="Variable"/>
         <Object fileName="Variables.xml" id="150c4ab1-9183-4840-9f96-ec31ffe7a7a9" lastModify="2024-08-13T16:25:51.000Z" name="MAPSERVICE_Sinacofi_D32_F1_D32_FRONT::MAPSERVICE.Sinacofi_D32_F1.agno" type="Variable"/>
         <Object fileName="Variables.xml" id="ec685ed4-800b-4512-9e18-d3f1ebd8e9c6" lastModify="2024-08-13T16:25:51.000Z" name="MAPSERVICE_Sinacofi_D32_F1_D32_FRONT::MAPSERVICE.Sinacofi_D32_F1.mes" type="Variable"/>
         <Object fileName="Variables.xml" id="64259468-6dca-46ee-88f3-9be1377dfffc" lastModify="2024-08-13T16:25:51.000Z" name="MAPSERVICE_Sinacofi_D32_F1_D32_FRONT::MAPSERVICE.Sinacofi_D32_F1.dia" type="Variable"/>
         <Object fileName="Variables.xml" id="bffa50fa-e420-420e-9aba-2e7d84c1C409" lastModify="2024-08-13T16:25:51.000Z" name="MAPSERVICE_Sinacofi_D32_F1_D32_FRONT::MAPSERVICE.Sinacofi_D32_F1.correlativoPrefijo" type="Variable"/>
         <Object fileName="Variables.xml" id="2bf5fc3a-ce1e-460c-aa4d-39dd9151a376" lastModify="2024-08-13T16:25:51.000Z" name="MAPSERVICE_Sinacofi_D32_F1_D32_FRONT::MAPSERVICE.Sinacofi_D32_F1.indice" type="Variable"/>
         <Object fileName="Variables.xml" id="64d94ac3-e932-412f-ac04-aa52e6ac4e0a" lastModify="2024-08-13T16:25:51.000Z" name="MAPSERVICE_Sinacofi_D32_F1_D32_FRONT::MAPSERVICE.Sinacofi_D32_F1.indice2" type="Variable"/>
         <Object fileName="Variables.xml" id="466e713d-9c27-4748-9af3-5ec2ae20bcfc" lastModify="2024-08-13T16:25:51.000Z" name="MAPSERVICE_Sinacofi_D32_F1_D32_FRONT::MAPSERVICE.Sinacofi_D32_F1.indice3" type="Variable"/>
         <Object fileName="Variables.xml" id="39a1f647-5bf9-474b-9625-33cf6f8bf9fe" lastModify="2024-08-13T16:25:51.000Z" name="MAPSERVICE_Sinacofi_D32_F1_D32_FRONT::MAPSERVICE.Sinacofi_D32_F1.tipoDocumentoPrefijo" type="Variable"/>
         <Object fileName="Variables.xml" id="ff84c037-fb9f-49f4-b8f3-b258ed4827dc" lastModify="2024-08-13T16:25:51.000Z" name="MAPSERVICE_Sinacofi_D32_F1_D32_FRONT::MAPSERVICE.Sinacofi_D32_F1.usuarioNAPrefijo" type="Variable"/>
         <Object fileName="Variables.xml" id="9e755733-aafa-493f-a824-605c9ca81a89" lastModify="2024-08-13T16:25:51.000Z" name="MAPSERVICE_Sinacofi_D32_F1_D32_FRONT::MAPSERVICE.Sinacofi_D32_F1.usuarioPrefijo" type="Variable"/>
         <Object id="5c9869f5-0ef5-4ee5-86c9-f734af6e5774" name="MAPSERVICE_Sinacofi_D32_F1_D32_FRONT::MAPSERVICE.Sinacofi_D32_F1\ArchivosMomentaneos.D32_Archivo_Datos_Val:InstanciarVariables" type="CheckConstraint"/>
         <Object id="5c9869f5-0ef5-4ee5-86c9-f734af6e5774" name="MAPSERVICE_Sinacofi_D32_F1_D32_FRONT::MAPSERVICE.Sinacofi_D32_F1\ArchivosMomentaneos.D32_Archivo_Datos_Val:Validation_code85_V8_V9_code65_V1_code75_V6" type="CheckConstraint"/>
         <Object id="5c9869f5-0ef5-4ee5-86c9-f734af6e5774" name="MAPSERVICE_Sinacofi_D32_F1_D32_FRONT::MAPSERVICE.Sinacofi_D32_F1\ArchivosMomentaneos.D32_Archivo_Datos_Val:Validation_code05_V2" type="CheckConstraint"/>
         <Object id="5c9869f5-0ef5-4ee5-86c9-f734af6e5774" name="MAPSERVICE_Sinacofi_D32_F1_D32_FRONT::MAPSERVICE.Sinacofi_D32_F1\ArchivosMomentaneos.D32_Archivo_Datos_Val:Validation_code74_V5" type="CheckConstraint"/>
         <Object id="5c9869f5-0ef5-4ee5-86c9-f734af6e5774" name="MAPSERVICE_Sinacofi_D32_F1_D32_FRONT::MAPSERVICE.Sinacofi_D32_F1\ArchivosMomentaneos.D32_Archivo_Datos_Val:Validation_container" type="CheckConstraint"/>
      </Object>
      <Object fileName="BusinessDocument_2.xml" id="5a26c413-5426-4534-8607-9d23965d6be1" lastModify="2024-08-13T16:25:51.000Z" name="MAPSERVICE_Sinacofi_D32_F1_D32_FRONT::MAPSERVICE.Sinacofi_D32_F1\ArchivosEntrada.D32_Archivo_Datos" type="BusinessDocument"/>
      <Object fileName="BusinessDocument_3.xml" id="29b6fc93-a3f5-4ed1-bd2a-a3828141c0b1" lastModify="2024-08-13T16:25:51.000Z" name="MAPSERVICE_Sinacofi_D32_F1_D32_FRONT::MAPSERVICE.Sinacofi_D32_F1\Salida.D32_Caratula_Salida" type="BusinessDocument"/>
      <Object fileName="CustomFunctions.xml" id="53671eb6-d536-4a07-b926-d740272e8aa4" lastModify="2024-08-13T16:25:51.000Z" name="MAPSERVICE.Sinacofi_D32_F1.InsertErrorTBL" type="CustomFunction"/>
      <Object fileName="CustomFunctions.xml" id="9e78dfb3-a96c-416d-b1f8-c156a40967b0" lastModify="2024-08-13T16:25:51.000Z" name="MAPSERVICE.Sinacofi_D32_F1.InsertMovTBL" type="CustomFunction"/>
      <Object fileName="CustomFunctions.xml" id="33471ac7-5872-4709-b75a-0fc814d91ab6" lastModify="2024-08-13T16:25:51.000Z" name="MAPSERVICE.Sinacofi_D32_F1.ValidarEstructuraCAR" type="CustomFunction"/>
      <Object fileName="CustomFunctions.xml" id="a7e635c7-52a3-4538-b80d-3db58897c988" lastModify="2024-08-13T16:25:51.000Z" name="MAPSERVICE.Sinacofi_D32_F1.CargarCampos" type="CustomFunction"/>
      <Object fileName="MapBroker_1.xml" id="02a18ed3-71eb-431e-a139-72784f94f3c4" lastModify="2024-08-13T16:25:51.000Z" name="MAPSERVICE_Sinacofi_D32_F1_D32_FRONT::MAPSERVICE.Sinacofi_D32_F1.Validar_Datos" type="MapBroker">
         <Object fileName="BusinessDocument_1.xml" id="5c9869f5-0ef5-4ee5-86c9-f734af6e5774" lastModify="2024-08-13T16:25:51.000Z" name="MAPSERVICE_Sinacofi_D32_F1_D32_FRONT::MAPSERVICE.Sinacofi_D32_F1\ArchivosMomentaneos.D32_Archivo_Datos_Val" type="BusinessDocument">
            <Object fileName="CustomFunctions.xml" id="5e0e28f3-aa92-4c9e-92b4-fc75fadb3a3e" lastModify="2024-08-13T16:25:51.000Z" name="MAPSERVICE.Sinacofi_D32_F1.GetLargoRegistroByTD" type="CustomFunction"/>
            <Object fileName="CustomFunctions.xml" id="53671eb6-d536-4a07-b926-d740272e8aa4" lastModify="2024-08-13T16:25:51.000Z" name="MAPSERVICE.Sinacofi_D32_F1.InsertErrorTBL" type="CustomFunction"/>
            <Object fileName="CustomFunctions.xml" id="19523725-d875-4bdc-8be7-3783b7bcfb45" lastModify="2024-08-13T16:25:51.000Z" name="MAPSERVICE.Sinacofi_D32_F1.GetEntidadByCasilla" type="CustomFunction"/>
            <Object fileName="Variables.xml" id="611fa8e6-e9c4-4ac2-a44b-596b3de5465e" lastModify="2024-08-13T16:25:51.000Z" name="MAPSERVICE_Sinacofi_D32_F1_D32_FRONT::MAPSERVICE.Sinacofi_D32_F1.var_error1" type="Variable"/>
            <Object fileName="Variables.xml" id="b1d99d97-5a0c-41b2-938f-3c74978fc00b" lastModify="2024-08-13T16:25:51.000Z" name="MAPSERVICE_Sinacofi_D32_F1_D32_FRONT::MAPSERVICE.Sinacofi_D32_F1.TipoArchivo" type="Variable"/>
            <Object fileName="Variables.xml" id="4cd271d9-19f9-4928-a3ec-187a8f2f728f" lastModify="2024-08-13T16:25:51.000Z" name="MAPSERVICE_Sinacofi_D32_F1_D32_FRONT::MAPSERVICE.Sinacofi_D32_F1.CodigoError" type="Variable"/>
            <Object fileName="Variables.xml" id="b9263aa7-cfe0-4f5c-93ed-fc2a625126c2" lastModify="2024-08-13T16:25:51.000Z" name="MAPSERVICE_Sinacofi_D32_F1_D32_FRONT::MAPSERVICE.Sinacofi_D32_F1.Detalles" type="Variable"/>
            <Object fileName="Variables.xml" id="be1abe5b-940e-4e43-8099-40fcba76b305" lastModify="2024-08-13T16:25:51.000Z" name="MAPSERVICE_Sinacofi_D32_F1_D32_FRONT::MAPSERVICE.Sinacofi_D32_F1.Detalles2" type="Variable"/>
            <Object fileName="Variables.xml" id="b6db7a21-3ef3-4fb8-8233-d0654bfebf62" lastModify="2024-08-13T16:25:51.000Z" name="MAPSERVICE_Sinacofi_D32_F1_D32_FRONT::MAPSERVICE.Sinacofi_D32_F1.Detalles3" type="Variable"/>
            <Object fileName="Variables.xml" id="bd2edc22-ccf5-4262-9278-cef983d61675" lastModify="2024-08-13T16:25:51.000Z" name="MAPSERVICE_Sinacofi_D32_F1_D32_FRONT::MAPSERVICE.Sinacofi_D32_F1.indiceLoop" type="Variable"/>
            <Object fileName="Variables.xml" id="150c4ab1-9183-4840-9f96-ec31ffe7a7a9" lastModify="2024-08-13T16:25:51.000Z" name="MAPSERVICE_Sinacofi_D32_F1_D32_FRONT::MAPSERVICE.Sinacofi_D32_F1.agno" type="Variable"/>
            <Object fileName="Variables.xml" id="ec685ed4-800b-4512-9e18-d3f1ebd8e9c6" lastModify="2024-08-13T16:25:51.000Z" name="MAPSERVICE_Sinacofi_D32_F1_D32_FRONT::MAPSERVICE.Sinacofi_D32_F1.mes" type="Variable"/>
            <Object fileName="Variables.xml" id="64259468-6dca-46ee-88f3-9be1377dfffc" lastModify="2024-08-13T16:25:51.000Z" name="MAPSERVICE_Sinacofi_D32_F1_D32_FRONT::MAPSERVICE.Sinacofi_D32_F1.dia" type="Variable"/>
            <Object fileName="Variables.xml" id="bffa50fa-e420-420e-9aba-2e7d84c1C409" lastModify="2024-08-13T16:25:51.000Z" name="MAPSERVICE_Sinacofi_D32_F1_D32_FRONT::MAPSERVICE.Sinacofi_D32_F1.correlativoPrefijo" type="Variable"/>
            <Object fileName="Variables.xml" id="2bf5fc3a-ce1e-460c-aa4d-39dd9151a376" lastModify="2024-08-13T16:25:51.000Z" name="MAPSERVICE_Sinacofi_D32_F1_D32_FRONT::MAPSERVICE.Sinacofi_D32_F1.indice" type="Variable"/>
            <Object fileName="Variables.xml" id="64d94ac3-e932-412f-ac04-aa52e6ac4e0a" lastModify="2024-08-13T16:25:51.000Z" name="MAPSERVICE_Sinacofi_D32_F1_D32_FRONT::MAPSERVICE.Sinacofi_D32_F1.indice2" type="Variable"/>
            <Object fileName="Variables.xml" id="466e713d-9c27-4748-9af3-5ec2ae20bcfc" lastModify="2024-08-13T16:25:51.000Z" name="MAPSERVICE_Sinacofi_D32_F1_D32_FRONT::MAPSERVICE.Sinacofi_D32_F1.indice3" type="Variable"/>
            <Object fileName="Variables.xml" id="39a1f647-5bf9-474b-9625-33cf6f8bf9fe" lastModify="2024-08-13T16:25:51.000Z" name="MAPSERVICE_Sinacofi_D32_F1_D32_FRONT::MAPSERVICE.Sinacofi_D32_F1.tipoDocumentoPrefijo" type="Variable"/>
            <Object fileName="Variables.xml" id="ff84c037-fb9f-49f4-b8f3-b258ed4827dc" lastModify="2024-08-13T16:25:51.000Z" name="MAPSERVICE_Sinacofi_D32_F1_D32_FRONT::MAPSERVICE.Sinacofi_D32_F1.usuarioNAPrefijo" type="Variable"/>
            <Object fileName="Variables.xml" id="9e755733-aafa-493f-a824-605c9ca81a89" lastModify="2024-08-13T16:25:51.000Z" name="MAPSERVICE_Sinacofi_D32_F1_D32_FRONT::MAPSERVICE.Sinacofi_D32_F1.usuarioPrefijo" type="Variable"/>
            <Object id="5c9869f5-0ef5-4ee5-86c9-f734af6e5774" name="MAPSERVICE_Sinacofi_D32_F1_D32_FRONT::MAPSERVICE.Sinacofi_D32_F1\ArchivosMomentaneos.D32_Archivo_Datos_Val:InstanciarVariables" type="CheckConstraint"/>
            <Object id="5c9869f5-0ef5-4ee5-86c9-f734af6e5774" name="MAPSERVICE_Sinacofi_D32_F1_D32_FRONT::MAPSERVICE.Sinacofi_D32_F1\ArchivosMomentaneos.D32_Archivo_Datos_Val:Validation_code85_V8_V9_code65_V1_code75_V6" type="CheckConstraint"/>
            <Object id="5c9869f5-0ef5-4ee5-86c9-f734af6e5774" name="MAPSERVICE_Sinacofi_D32_F1_D32_FRONT::MAPSERVICE.Sinacofi_D32_F1\ArchivosMomentaneos.D32_Archivo_Datos_Val:Validation_code05_V2" type="CheckConstraint"/>
            <Object id="5c9869f5-0ef5-4ee5-86c9-f734af6e5774" name="MAPSERVICE_Sinacofi_D32_F1_D32_FRONT::MAPSERVICE.Sinacofi_D32_F1\ArchivosMomentaneos.D32_Archivo_Datos_Val:Validation_code74_V5" type="CheckConstraint"/>
            <Object id="5c9869f5-0ef5-4ee5-86c9-f734af6e5774" name="MAPSERVICE_Sinacofi_D32_F1_D32_FRONT::MAPSERVICE.Sinacofi_D32_F1\ArchivosMomentaneos.D32_Archivo_Datos_Val:Validation_container" type="CheckConstraint"/>
         </Object>
         <Object fileName="CustomFunctions.xml" id="5e0e28f3-aa92-4c9e-92b4-fc75fadb3a3e" lastModify="2024-08-13T16:25:51.000Z" name="MAPSERVICE.Sinacofi_D32_F1.GetLargoRegistroByTD" type="CustomFunction"/>
         <Object fileName="CustomFunctions.xml" id="53671eb6-d536-4a07-b926-d740272e8aa4" lastModify="2024-08-13T16:25:51.000Z" name="MAPSERVICE.Sinacofi_D32_F1.InsertErrorTBL" type="CustomFunction"/>
         <Object fileName="CustomFunctions.xml" id="19523725-d875-4bdc-8be7-3783b7bcfb45" lastModify="2024-08-13T16:25:51.000Z" name="MAPSERVICE.Sinacofi_D32_F1.GetEntidadByCasilla" type="CustomFunction"/>
         <Object fileName="CustomFunctions.xml" id="9e78dfb3-a96c-416d-b1f8-c156a40967b0" lastModify="2024-08-13T16:25:51.000Z" name="MAPSERVICE.Sinacofi_D32_F1.InsertMovTBL" type="CustomFunction"/>
         <Object id="f6a10238-f643-42a4-ab0a-251f445dcbaf" lastModify="2024-08-13T16:25:51.000Z" name="MAPSERVICE_Sinacofi_D32_F1_D32_FRONT::MAPSERVICE.Sinacofi_D32_F1.ArchivoDatosVal_A_ArchivoDatos_FRONT" type="MappingRule">
            <Object fileName="BusinessDocument_1.xml" id="5c9869f5-0ef5-4ee5-86c9-f734af6e5774" lastModify="2024-08-13T16:25:51.000Z" name="MAPSERVICE_Sinacofi_D32_F1_D32_FRONT::MAPSERVICE.Sinacofi_D32_F1\ArchivosMomentaneos.D32_Archivo_Datos_Val" type="BusinessDocument">
               <Object fileName="CustomFunctions.xml" id="5e0e28f3-aa92-4c9e-92b4-fc75fadb3a3e" lastModify="2024-08-13T16:25:51.000Z" name="MAPSERVICE.Sinacofi_D32_F1.GetLargoRegistroByTD" type="CustomFunction"/>
               <Object fileName="CustomFunctions.xml" id="53671eb6-d536-4a07-b926-d740272e8aa4" lastModify="2024-08-13T16:25:51.000Z" name="MAPSERVICE.Sinacofi_D32_F1.InsertErrorTBL" type="CustomFunction"/>
               <Object fileName="CustomFunctions.xml" id="19523725-d875-4bdc-8be7-3783b7bcfb45" lastModify="2024-08-13T16:25:51.000Z" name="MAPSERVICE.Sinacofi_D32_F1.GetEntidadByCasilla" type="CustomFunction"/>
               <Object fileName="Variables.xml" id="611fa8e6-e9c4-4ac2-a44b-596b3de5465e" lastModify="2024-08-13T16:25:51.000Z" name="MAPSERVICE_Sinacofi_D32_F1_D32_FRONT::MAPSERVICE.Sinacofi_D32_F1.var_error1" type="Variable"/>
               <Object fileName="Variables.xml" id="b1d99d97-5a0c-41b2-938f-3c74978fc00b" lastModify="2024-08-13T16:25:51.000Z" name="MAPSERVICE_Sinacofi_D32_F1_D32_FRONT::MAPSERVICE.Sinacofi_D32_F1.TipoArchivo" type="Variable"/>
               <Object fileName="Variables.xml" id="4cd271d9-19f9-4928-a3ec-187a8f2f728f" lastModify="2024-08-13T16:25:51.000Z" name="MAPSERVICE_Sinacofi_D32_F1_D32_FRONT::MAPSERVICE.Sinacofi_D32_F1.CodigoError" type="Variable"/>
               <Object fileName="Variables.xml" id="b9263aa7-cfe0-4f5c-93ed-fc2a625126c2" lastModify="2024-08-13T16:25:51.000Z" name="MAPSERVICE_Sinacofi_D32_F1_D32_FRONT::MAPSERVICE.Sinacofi_D32_F1.Detalles" type="Variable"/>
               <Object fileName="Variables.xml" id="be1abe5b-940e-4e43-8099-40fcba76b305" lastModify="2024-08-13T16:25:51.000Z" name="MAPSERVICE_Sinacofi_D32_F1_D32_FRONT::MAPSERVICE.Sinacofi_D32_F1.Detalles2" type="Variable"/>
               <Object fileName="Variables.xml" id="b6db7a21-3ef3-4fb8-8233-d0654bfebf62" lastModify="2024-08-13T16:25:51.000Z" name="MAPSERVICE_Sinacofi_D32_F1_D32_FRONT::MAPSERVICE.Sinacofi_D32_F1.Detalles3" type="Variable"/>
               <Object fileName="Variables.xml" id="bd2edc22-ccf5-4262-9278-cef983d61675" lastModify="2024-08-13T16:25:51.000Z" name="MAPSERVICE_Sinacofi_D32_F1_D32_FRONT::MAPSERVICE.Sinacofi_D32_F1.indiceLoop" type="Variable"/>
               <Object fileName="Variables.xml" id="150c4ab1-9183-4840-9f96-ec31ffe7a7a9" lastModify="2024-08-13T16:25:51.000Z" name="MAPSERVICE_Sinacofi_D32_F1_D32_FRONT::MAPSERVICE.Sinacofi_D32_F1.agno" type="Variable"/>
               <Object fileName="Variables.xml" id="ec685ed4-800b-4512-9e18-d3f1ebd8e9c6" lastModify="2024-08-13T16:25:51.000Z" name="MAPSERVICE_Sinacofi_D32_F1_D32_FRONT::MAPSERVICE.Sinacofi_D32_F1.mes" type="Variable"/>
               <Object fileName="Variables.xml" id="64259468-6dca-46ee-88f3-9be1377dfffc" lastModify="2024-08-13T16:25:51.000Z" name="MAPSERVICE_Sinacofi_D32_F1_D32_FRONT::MAPSERVICE.Sinacofi_D32_F1.dia" type="Variable"/>
               <Object fileName="Variables.xml" id="bffa50fa-e420-420e-9aba-2e7d84c1C409" lastModify="2024-08-13T16:25:51.000Z" name="MAPSERVICE_Sinacofi_D32_F1_D32_FRONT::MAPSERVICE.Sinacofi_D32_F1.correlativoPrefijo" type="Variable"/>
               <Object fileName="Variables.xml" id="2bf5fc3a-ce1e-460c-aa4d-39dd9151a376" lastModify="2024-08-13T16:25:51.000Z" name="MAPSERVICE_Sinacofi_D32_F1_D32_FRONT::MAPSERVICE.Sinacofi_D32_F1.indice" type="Variable"/>
               <Object fileName="Variables.xml" id="64d94ac3-e932-412f-ac04-aa52e6ac4e0a" lastModify="2024-08-13T16:25:51.000Z" name="MAPSERVICE_Sinacofi_D32_F1_D32_FRONT::MAPSERVICE.Sinacofi_D32_F1.indice2" type="Variable"/>
               <Object fileName="Variables.xml" id="466e713d-9c27-4748-9af3-5ec2ae20bcfc" lastModify="2024-08-13T16:25:51.000Z" name="MAPSERVICE_Sinacofi_D32_F1_D32_FRONT::MAPSERVICE.Sinacofi_D32_F1.indice3" type="Variable"/>
               <Object fileName="Variables.xml" id="39a1f647-5bf9-474b-9625-33cf6f8bf9fe" lastModify="2024-08-13T16:25:51.000Z" name="MAPSERVICE_Sinacofi_D32_F1_D32_FRONT::MAPSERVICE.Sinacofi_D32_F1.tipoDocumentoPrefijo" type="Variable"/>
               <Object fileName="Variables.xml" id="ff84c037-fb9f-49f4-b8f3-b258ed4827dc" lastModify="2024-08-13T16:25:51.000Z" name="MAPSERVICE_Sinacofi_D32_F1_D32_FRONT::MAPSERVICE.Sinacofi_D32_F1.usuarioNAPrefijo" type="Variable"/>
               <Object fileName="Variables.xml" id="9e755733-aafa-493f-a824-605c9ca81a89" lastModify="2024-08-13T16:25:51.000Z" name="MAPSERVICE_Sinacofi_D32_F1_D32_FRONT::MAPSERVICE.Sinacofi_D32_F1.usuarioPrefijo" type="Variable"/>
               <Object id="5c9869f5-0ef5-4ee5-86c9-f734af6e5774" name="MAPSERVICE_Sinacofi_D32_F1_D32_FRONT::MAPSERVICE.Sinacofi_D32_F1\ArchivosMomentaneos.D32_Archivo_Datos_Val:InstanciarVariables" type="CheckConstraint"/>
               <Object id="5c9869f5-0ef5-4ee5-86c9-f734af6e5774" name="MAPSERVICE_Sinacofi_D32_F1_D32_FRONT::MAPSERVICE.Sinacofi_D32_F1\ArchivosMomentaneos.D32_Archivo_Datos_Val:Validation_code85_V8_V9_code65_V1_code75_V6" type="CheckConstraint"/>
               <Object id="5c9869f5-0ef5-4ee5-86c9-f734af6e5774" name="MAPSERVICE_Sinacofi_D32_F1_D32_FRONT::MAPSERVICE.Sinacofi_D32_F1\ArchivosMomentaneos.D32_Archivo_Datos_Val:Validation_code05_V2" type="CheckConstraint"/>
               <Object id="5c9869f5-0ef5-4ee5-86c9-f734af6e5774" name="MAPSERVICE_Sinacofi_D32_F1_D32_FRONT::MAPSERVICE.Sinacofi_D32_F1\ArchivosMomentaneos.D32_Archivo_Datos_Val:Validation_code74_V5" type="CheckConstraint"/>
               <Object id="5c9869f5-0ef5-4ee5-86c9-f734af6e5774" name="MAPSERVICE_Sinacofi_D32_F1_D32_FRONT::MAPSERVICE.Sinacofi_D32_F1\ArchivosMomentaneos.D32_Archivo_Datos_Val:Validation_container" type="CheckConstraint"/>
            </Object>
            <Object fileName="BusinessDocument_2.xml" id="5a26c413-5426-4534-8607-9d23965d6be1" lastModify="2024-08-13T16:25:51.000Z" name="MAPSERVICE_Sinacofi_D32_F1_D32_FRONT::MAPSERVICE.Sinacofi_D32_F1\ArchivosEntrada.D32_Archivo_Datos" type="BusinessDocument"/>
         </Object>
         <Object fileName="Variables.xml" id="611fa8e6-e9c4-4ac2-a44b-596b3de5465e" lastModify="2024-08-13T16:25:51.000Z" name="MAPSERVICE_Sinacofi_D32_F1_D32_FRONT::MAPSERVICE.Sinacofi_D32_F1.var_error1" type="Variable"/>
         <Object fileName="Variables.xml" id="b1d99d97-5a0c-41b2-938f-3c74978fc00b" lastModify="2024-08-13T16:25:51.000Z" name="MAPSERVICE_Sinacofi_D32_F1_D32_FRONT::MAPSERVICE.Sinacofi_D32_F1.TipoArchivo" type="Variable"/>
         <Object fileName="Variables.xml" id="4cd271d9-19f9-4928-a3ec-187a8f2f728f" lastModify="2024-08-13T16:25:51.000Z" name="MAPSERVICE_Sinacofi_D32_F1_D32_FRONT::MAPSERVICE.Sinacofi_D32_F1.CodigoError" type="Variable"/>
         <Object fileName="Variables.xml" id="b9263aa7-cfe0-4f5c-93ed-fc2a625126c2" lastModify="2024-08-13T16:25:51.000Z" name="MAPSERVICE_Sinacofi_D32_F1_D32_FRONT::MAPSERVICE.Sinacofi_D32_F1.Detalles" type="Variable"/>
         <Object fileName="Variables.xml" id="be1abe5b-940e-4e43-8099-40fcba76b305" lastModify="2024-08-13T16:25:51.000Z" name="MAPSERVICE_Sinacofi_D32_F1_D32_FRONT::MAPSERVICE.Sinacofi_D32_F1.Detalles2" type="Variable"/>
         <Object fileName="Variables.xml" id="b6db7a21-3ef3-4fb8-8233-d0654bfebf62" lastModify="2024-08-13T16:25:51.000Z" name="MAPSERVICE_Sinacofi_D32_F1_D32_FRONT::MAPSERVICE.Sinacofi_D32_F1.Detalles3" type="Variable"/>
         <Object fileName="Variables.xml" id="bd2edc22-ccf5-4262-9278-cef983d61675" lastModify="2024-08-13T16:25:51.000Z" name="MAPSERVICE_Sinacofi_D32_F1_D32_FRONT::MAPSERVICE.Sinacofi_D32_F1.indiceLoop" type="Variable"/>
         <Object fileName="Variables.xml" id="150c4ab1-9183-4840-9f96-ec31ffe7a7a9" lastModify="2024-08-13T16:25:51.000Z" name="MAPSERVICE_Sinacofi_D32_F1_D32_FRONT::MAPSERVICE.Sinacofi_D32_F1.agno" type="Variable"/>
         <Object fileName="Variables.xml" id="ec685ed4-800b-4512-9e18-d3f1ebd8e9c6" lastModify="2024-08-13T16:25:51.000Z" name="MAPSERVICE_Sinacofi_D32_F1_D32_FRONT::MAPSERVICE.Sinacofi_D32_F1.mes" type="Variable"/>
         <Object fileName="Variables.xml" id="64259468-6dca-46ee-88f3-9be1377dfffc" lastModify="2024-08-13T16:25:51.000Z" name="MAPSERVICE_Sinacofi_D32_F1_D32_FRONT::MAPSERVICE.Sinacofi_D32_F1.dia" type="Variable"/>
         <Object fileName="Variables.xml" id="bffa50fa-e420-420e-9aba-2e7d84c1C409" lastModify="2024-08-13T16:25:51.000Z" name="MAPSERVICE_Sinacofi_D32_F1_D32_FRONT::MAPSERVICE.Sinacofi_D32_F1.correlativoPrefijo" type="Variable"/>
         <Object fileName="Variables.xml" id="9d7c92bf-6a5b-4732-ba73-2c075c6fe230" lastModify="2024-08-13T16:25:51.000Z" name="MAPSERVICE_Sinacofi_D32_F1_D32_FRONT::MAPSERVICE.Sinacofi_D32_F1.MovimientoProcesado" type="Variable"/>
         <Object fileName="Variables.xml" id="2bf5fc3a-ce1e-460c-aa4d-39dd9151a376" lastModify="2024-08-13T16:25:51.000Z" name="MAPSERVICE_Sinacofi_D32_F1_D32_FRONT::MAPSERVICE.Sinacofi_D32_F1.indice" type="Variable"/>
         <Object fileName="Variables.xml" id="64d94ac3-e932-412f-ac04-aa52e6ac4e0a" lastModify="2024-08-13T16:25:51.000Z" name="MAPSERVICE_Sinacofi_D32_F1_D32_FRONT::MAPSERVICE.Sinacofi_D32_F1.indice2" type="Variable"/>
         <Object fileName="Variables.xml" id="466e713d-9c27-4748-9af3-5ec2ae20bcfc" lastModify="2024-08-13T16:25:51.000Z" name="MAPSERVICE_Sinacofi_D32_F1_D32_FRONT::MAPSERVICE.Sinacofi_D32_F1.indice3" type="Variable"/>
         <Object fileName="Variables.xml" id="39a1f647-5bf9-474b-9625-33cf6f8bf9fe" lastModify="2024-08-13T16:25:51.000Z" name="MAPSERVICE_Sinacofi_D32_F1_D32_FRONT::MAPSERVICE.Sinacofi_D32_F1.tipoDocumentoPrefijo" type="Variable"/>
         <Object fileName="Variables.xml" id="ff84c037-fb9f-49f4-b8f3-b258ed4827dc" lastModify="2024-08-13T16:25:51.000Z" name="MAPSERVICE_Sinacofi_D32_F1_D32_FRONT::MAPSERVICE.Sinacofi_D32_F1.usuarioNAPrefijo" type="Variable"/>
         <Object fileName="Variables.xml" id="9e755733-aafa-493f-a824-605c9ca81a89" lastModify="2024-08-13T16:25:51.000Z" name="MAPSERVICE_Sinacofi_D32_F1_D32_FRONT::MAPSERVICE.Sinacofi_D32_F1.usuarioPrefijo" type="Variable"/>
      </Object>
      <Object fileName="MapBroker_2.xml" id="cf0945b0-28c2-4639-a6c9-bddbb3e71ab9" lastModify="2024-08-13T16:25:51.000Z" name="MAPSERVICE_Sinacofi_D32_F1_D32_FRONT::MAPSERVICE.Sinacofi_D32_F1.Calcular_Cam" type="MapBroker">
         <Object id="1cb16b97-c668-4742-bf9c-e7da78efdc15" lastModify="2024-08-13T16:25:51.000Z" name="MAPSERVICE_Sinacofi_D32_F1_D32_FRONT::MAPSERVICE.Sinacofi_D32_F1.Calcular_Campos" type="MappingRule">
            <Object fileName="BusinessDocument_2.xml" id="5a26c413-5426-4534-8607-9d23965d6be1" lastModify="2024-08-13T16:25:51.000Z" name="MAPSERVICE_Sinacofi_D32_F1_D32_FRONT::MAPSERVICE.Sinacofi_D32_F1\ArchivosEntrada.D32_Archivo_Datos" type="BusinessDocument"/>
            <Object fileName="BusinessDocument_3.xml" id="29b6fc93-a3f5-4ed1-bd2a-a3828141c0b1" lastModify="2024-08-13T16:25:51.000Z" name="MAPSERVICE_Sinacofi_D32_F1_D32_FRONT::MAPSERVICE.Sinacofi_D32_F1\Salida.D32_Caratula_Salida" type="BusinessDocument"/>
            <Object fileName="Variables.xml" id="c90a04ef-a5a8-4189-9685-7a012dbe4c91" lastModify="2024-08-13T16:25:51.000Z" name="MAPSERVICE_Sinacofi_D32_F1_D32_FRONT::MAPSERVICE.Sinacofi_D32_F1.totalAN72" type="Variable"/>
            <Object fileName="Variables.xml" id="8dbc439b-2086-49be-aebc-2ce83b0b5f6e" lastModify="2024-08-13T16:25:51.000Z" name="MAPSERVICE_Sinacofi_D32_F1_D32_FRONT::MAPSERVICE.Sinacofi_D32_F1.totalANJ2" type="Variable"/>
            <Object fileName="Variables.xml" id="6d5a9fe0-18b8-4e6c-bb19-46a12a4ce028" lastModify="2024-08-13T16:25:51.000Z" name="MAPSERVICE_Sinacofi_D32_F1_D32_FRONT::MAPSERVICE.Sinacofi_D32_F1.totalANK2" type="Variable"/>
            <Object fileName="Variables.xml" id="7a08e47b-305b-4386-887c-b16008c5b377" lastModify="2024-08-13T16:25:51.000Z" name="MAPSERVICE_Sinacofi_D32_F1_D32_FRONT::MAPSERVICE.Sinacofi_D32_F1.totalANL2" type="Variable"/>
            <Object fileName="Variables.xml" id="24486874-7d89-4063-be2b-0d96946d10f8" lastModify="2024-08-13T16:25:51.000Z" name="MAPSERVICE_Sinacofi_D32_F1_D32_FRONT::MAPSERVICE.Sinacofi_D32_F1.totalANM2" type="Variable"/>
            <Object fileName="Variables.xml" id="28e757a5-5061-4476-bc81-6b1214e000cf" lastModify="2024-08-13T16:25:51.000Z" name="MAPSERVICE_Sinacofi_D32_F1_D32_FRONT::MAPSERVICE.Sinacofi_D32_F1.totalANN2" type="Variable"/>
            <Object fileName="Variables.xml" id="80431e85-587d-405c-a55d-51d92e5dae11" lastModify="2024-08-13T16:25:51.000Z" name="MAPSERVICE_Sinacofi_D32_F1_D32_FRONT::MAPSERVICE.Sinacofi_D32_F1.totalAN82" type="Variable"/>
            <Object fileName="Variables.xml" id="37088f34-1c21-4a61-9bbe-752b8c279c4a" lastModify="2024-08-13T16:25:51.000Z" name="MAPSERVICE_Sinacofi_D32_F1_D32_FRONT::MAPSERVICE.Sinacofi_D32_F1.totalAN92" type="Variable"/>
            <Object fileName="Variables.xml" id="addf02f5-5007-462a-86a3-7fff773e9155" lastModify="2024-08-13T16:25:51.000Z" name="MAPSERVICE_Sinacofi_D32_F1_D32_FRONT::MAPSERVICE.Sinacofi_D32_F1.totalANP2" type="Variable"/>
            <Object fileName="Variables.xml" id="daaf872c-ae05-429f-8443-848d08fa05db" lastModify="2024-08-13T16:25:51.000Z" name="MAPSERVICE_Sinacofi_D32_F1_D32_FRONT::MAPSERVICE.Sinacofi_D32_F1.totalANQ2" type="Variable"/>
            <Object fileName="Variables.xml" id="e881774b-7698-4780-9ec5-e5db8ff6d1c8" lastModify="2024-08-13T16:25:51.000Z" name="MAPSERVICE_Sinacofi_D32_F1_D32_FRONT::MAPSERVICE.Sinacofi_D32_F1.totalANR2" type="Variable"/>
            <Object fileName="Variables.xml" id="cc9df52b-e37d-47ae-b767-c3b396c61040" lastModify="2024-08-13T16:25:51.000Z" name="MAPSERVICE_Sinacofi_D32_F1_D32_FRONT::MAPSERVICE.Sinacofi_D32_F1.totalANS2" type="Variable"/>
            <Object fileName="Variables.xml" id="e02fde38-bf3c-49f8-b4ec-8a4b99a85d8f" lastModify="2024-08-13T16:25:51.000Z" name="MAPSERVICE_Sinacofi_D32_F1_D32_FRONT::MAPSERVICE.Sinacofi_D32_F1.totalANT2" type="Variable"/>
            <Object fileName="Variables.xml" id="a9c9265d-719e-433d-a6a7-a01609c38535" lastModify="2024-08-13T16:25:51.000Z" name="MAPSERVICE_Sinacofi_D32_F1_D32_FRONT::MAPSERVICE.Sinacofi_D32_F1.totalANU2" type="Variable"/>
            <Object fileName="Variables.xml" id="4a96d3d3-1204-4a3a-8704-8e282f728d26" lastModify="2024-08-13T16:25:51.000Z" name="MAPSERVICE_Sinacofi_D32_F1_D32_FRONT::MAPSERVICE.Sinacofi_D32_F1.totalANV2" type="Variable"/>
            <Object fileName="Variables.xml" id="fa139bd9-0c19-4976-8efb-49946c7c8a0f" lastModify="2024-08-13T16:25:51.000Z" name="MAPSERVICE_Sinacofi_D32_F1_D32_FRONT::MAPSERVICE.Sinacofi_D32_F1.totalAN02" type="Variable"/>
            <Object fileName="Variables.xml" id="2871e21f-ec8c-4db0-9944-8b90976a125c" lastModify="2024-08-13T16:25:51.000Z" name="MAPSERVICE_Sinacofi_D32_F1_D32_FRONT::MAPSERVICE.Sinacofi_D32_F1.totalANW2" type="Variable"/>
            <Object fileName="Variables.xml" id="628064cd-6212-434f-bbb7-b10c1f1b0495" lastModify="2024-08-13T16:25:51.000Z" name="MAPSERVICE_Sinacofi_D32_F1_D32_FRONT::MAPSERVICE.Sinacofi_D32_F1.totalANX2" type="Variable"/>
            <Object fileName="Variables.xml" id="3ede5619-9f7c-42f9-91fa-b493532840f0" lastModify="2024-08-13T16:25:51.000Z" name="MAPSERVICE_Sinacofi_D32_F1_D32_FRONT::MAPSERVICE.Sinacofi_D32_F1.totalANY2" type="Variable"/>
            <Object fileName="Variables.xml" id="4de6e52f-89fb-47da-a69b-3cf448be5708" lastModify="2024-08-13T16:25:51.000Z" name="MAPSERVICE_Sinacofi_D32_F1_D32_FRONT::MAPSERVICE.Sinacofi_D32_F1.totalANZ2" type="Variable"/>
         </Object>
         <Object fileName="Variables.xml" id="bffa50fa-e420-420e-9aba-2e7d84c1C409" lastModify="2024-08-13T16:25:51.000Z" name="MAPSERVICE_Sinacofi_D32_F1_D32_FRONT::MAPSERVICE.Sinacofi_D32_F1.correlativoPrefijo" type="Variable"/>
      </Object>
      <Object fileName="MapBroker_3.xml" id="ddec0d24-706a-4db5-a7ac-a14fde47f3f3" lastModify="2024-08-13T16:25:51.000Z" name="MAPSERVICE_Sinacofi_D32_F1_D32_FRONT::MAPSERVICE.Sinacofi_D32_F1.Evento_Error" type="MapBroker">
         <Object fileName="CustomFunctions.xml" id="53671eb6-d536-4a07-b926-d740272e8aa4" lastModify="2024-08-13T16:25:51.000Z" name="MAPSERVICE.Sinacofi_D32_F1.InsertErrorTBL" type="CustomFunction"/>
         <Object fileName="CustomFunctions.xml" id="9e78dfb3-a96c-416d-b1f8-c156a40967b0" lastModify="2024-08-13T16:25:51.000Z" name="MAPSERVICE.Sinacofi_D32_F1.InsertMovTBL" type="CustomFunction"/>
         <Object fileName="Variables.xml" id="611fa8e6-e9c4-4ac2-a44b-596b3de5465e" lastModify="2024-08-13T16:25:51.000Z" name="MAPSERVICE_Sinacofi_D32_F1_D32_FRONT::MAPSERVICE.Sinacofi_D32_F1.var_error1" type="Variable"/>
         <Object fileName="Variables.xml" id="bffa50fa-e420-420e-9aba-2e7d84c1C409" lastModify="2024-08-13T16:25:51.000Z" name="MAPSERVICE_Sinacofi_D32_F1_D32_FRONT::MAPSERVICE.Sinacofi_D32_F1.correlativoPrefijo" type="Variable"/>
         <Object fileName="Variables.xml" id="0d569f53-b945-416c-bd9f-63056e36475e" lastModify="2024-08-13T16:25:51.000Z" name="MAPSERVICE_Sinacofi_D32_F1_D32_FRONT::MAPSERVICE.Sinacofi_D32_F1.debug" type="Variable"/>
         <Object fileName="Variables.xml" id="68bc84be-17b1-496b-9ec8-fb15e0944690" lastModify="2024-08-13T16:25:51.000Z" name="MAPSERVICE_Sinacofi_D32_F1_D32_FRONT::MAPSERVICE.Sinacofi_D32_F1.var_registro1" type="Variable"/>
      </Object>
      <Object fileName="MapBroker_4.xml" id="4015b54a-c649-4e47-b9f7-D32e3e8b10e8" lastModify="2024-08-13T16:25:51.000Z" name="MAPSERVICE_Sinacofi_D32_F1_D32_FRONT::MAPSERVICE.Sinacofi_D32_F1.Insertar_Campos" type="MapBroker">
         <Object fileName="BusinessDocument_3.xml" id="29b6fc93-a3f5-4ed1-bd2a-a3828141c0b1" lastModify="2024-08-13T16:25:51.000Z" name="MAPSERVICE_Sinacofi_D32_F1_D32_FRONT::MAPSERVICE.Sinacofi_D32_F1\Salida.D32_Caratula_Salida" type="BusinessDocument"/>
         <Object fileName="CustomFunctions.xml" id="53671eb6-d536-4a07-b926-d740272e8aa4" lastModify="2024-08-13T16:25:51.000Z" name="MAPSERVICE.Sinacofi_D32_F1.InsertErrorTBL" type="CustomFunction"/>
         <Object fileName="CustomFunctions.xml" id="9e78dfb3-a96c-416d-b1f8-c156a40967b0" lastModify="2024-08-13T16:25:51.000Z" name="MAPSERVICE.Sinacofi_D32_F1.InsertMovTBL" type="CustomFunction"/>
         <Object fileName="CustomFunctions.xml" id="33471ac7-5872-4709-b75a-0fc814d91ab6" lastModify="2024-08-13T16:25:51.000Z" name="MAPSERVICE.Sinacofi_D32_F1.ValidarEstructuraCAR" type="CustomFunction"/>
         <Object fileName="CustomFunctions.xml" id="a7e635c7-52a3-4538-b80d-3db58897c988" lastModify="2024-08-13T16:25:51.000Z" name="MAPSERVICE.Sinacofi_D32_F1.CargarCampos" type="CustomFunction"/>
         <Object fileName="Variables.xml" id="611fa8e6-e9c4-4ac2-a44b-596b3de5465e" lastModify="2024-08-13T16:25:51.000Z" name="MAPSERVICE_Sinacofi_D32_F1_D32_FRONT::MAPSERVICE.Sinacofi_D32_F1.var_error1" type="Variable"/>
         <Object fileName="Variables.xml" id="bffa50fa-e420-420e-9aba-2e7d84c1C409" lastModify="2024-08-13T16:25:51.000Z" name="MAPSERVICE_Sinacofi_D32_F1_D32_FRONT::MAPSERVICE.Sinacofi_D32_F1.correlativoPrefijo" type="Variable"/>
         <Object fileName="Variables.xml" id="9d7c92bf-6a5b-4732-ba73-2c075c6fe230" lastModify="2024-08-13T16:25:51.000Z" name="MAPSERVICE_Sinacofi_D32_F1_D32_FRONT::MAPSERVICE.Sinacofi_D32_F1.MovimientoProcesado" type="Variable"/>
         <Object fileName="Variables.xml" id="68bc84be-17b1-496b-9ec8-fb15e0944690" lastModify="2024-08-13T16:25:51.000Z" name="MAPSERVICE_Sinacofi_D32_F1_D32_FRONT::MAPSERVICE.Sinacofi_D32_F1.var_registro1" type="Variable"/>
         <Object fileName="Variables.xml" id="08c5d016-b238-451b-81ec-fc19d7421b79" lastModify="2024-08-13T16:25:51.000Z" name="MAPSERVICE_Sinacofi_D32_F1_D32_FRONT::MAPSERVICE.Sinacofi_D32_F1.resEstructuraValida" type="Variable"/>
         <Object fileName="Variables.xml" id="92bb996d-3ed8-4dcb-bdfd-8bc6f22a2acc" lastModify="2024-08-13T16:25:51.000Z" name="MAPSERVICE_Sinacofi_D32_F1_D32_FRONT::MAPSERVICE.Sinacofi_D32_F1.ValoresConcatenados" type="Variable"/>
         <Object fileName="Variables.xml" id="5ad17385-d4d9-44c7-bda9-41aafc685d09" lastModify="2024-08-13T16:25:51.000Z" name="MAPSERVICE_Sinacofi_D32_F1_D32_FRONT::MAPSERVICE.Sinacofi_D32_F1.resCargarCampos" type="Variable"/>
      </Object>
      <Object fileName="Variables.xml" id="611fa8e6-e9c4-4ac2-a44b-596b3de5465e" lastModify="2024-08-13T16:25:51.000Z" name="MAPSERVICE_Sinacofi_D32_F1_D32_FRONT::MAPSERVICE.Sinacofi_D32_F1.var_error1" type="Variable"/>
      <Object fileName="Variables.xml" id="bffa50fa-e420-420e-9aba-2e7d84c1C409" lastModify="2024-08-13T16:25:51.000Z" name="MAPSERVICE_Sinacofi_D32_F1_D32_FRONT::MAPSERVICE.Sinacofi_D32_F1.correlativoPrefijo" type="Variable"/>
      <Object fileName="Variables.xml" id="9d7c92bf-6a5b-4732-ba73-2c075c6fe230" lastModify="2024-08-13T16:25:51.000Z" name="MAPSERVICE_Sinacofi_D32_F1_D32_FRONT::MAPSERVICE.Sinacofi_D32_F1.MovimientoProcesado" type="Variable"/>
      <Object fileName="Variables.xml" id="0d569f53-b945-416c-bd9f-63056e36475e" lastModify="2024-08-13T16:25:51.000Z" name="MAPSERVICE_Sinacofi_D32_F1_D32_FRONT::MAPSERVICE.Sinacofi_D32_F1.debug" type="Variable"/>
      <Object fileName="Variables.xml" id="68bc84be-17b1-496b-9ec8-fb15e0944690" lastModify="2024-08-13T16:25:51.000Z" name="MAPSERVICE_Sinacofi_D32_F1_D32_FRONT::MAPSERVICE.Sinacofi_D32_F1.var_registro1" type="Variable"/>
      <Object fileName="Variables.xml" id="08c5d016-b238-451b-81ec-fc19d7421b79" lastModify="2024-08-13T16:25:51.000Z" name="MAPSERVICE_Sinacofi_D32_F1_D32_FRONT::MAPSERVICE.Sinacofi_D32_F1.resEstructuraValida" type="Variable"/>
      <Object fileName="Variables.xml" id="92bb996d-3ed8-4dcb-bdfd-8bc6f22a2acc" lastModify="2024-08-13T16:25:51.000Z" name="MAPSERVICE_Sinacofi_D32_F1_D32_FRONT::MAPSERVICE.Sinacofi_D32_F1.ValoresConcatenados" type="Variable"/>
      <Object fileName="Variables.xml" id="5ad17385-d4d9-44c7-bda9-41aafc685d09" lastModify="2024-08-13T16:25:51.000Z" name="MAPSERVICE_Sinacofi_D32_F1_D32_FRONT::MAPSERVICE.Sinacofi_D32_F1.resCargarCampos" type="Variable"/>
   </RootObject>
</ObjectDependencies>
