<?xml version="1.0" encoding="UTF-8" standalone="no"?>
<Variables xmlns:xsi="http://www.w3.org/2001/XMLSchema-instance" xsi:noNamespaceSchemaLocation="Variables.xsd">
   <Variable dmlCompatibility="2.1" id="611fa8e6-e9c4-4ac2-a44b-596b3de5465e" label="" lastModified="2024-08-13T16:25:51.000Z" name="MAPSERVICE_Sinacofi_D32_F1_D32_FRONT::MAPSERVICE.Sinacofi_D32_F1.var_error1" xmlVersion="1.0">
      <DmlClassName>String</DmlClassName>
      <DmlExpression>""</DmlExpression>
   </Variable>
   <Variable dmlCompatibility="2.1" id="bffa50fa-e420-420e-9aba-2e7d84c1C409" label="" lastModified="2024-08-13T16:25:51.000Z" name="MAPSERVICE_Sinacofi_D32_F1_D32_FRONT::MAPSERVICE.Sinacofi_D32_F1.correlativoPrefijo" xmlVersion="1.0">
      <DmlClassName>String</DmlClassName>
      <DmlExpression>""</DmlExpression>
   </Variable>
   <Variable dmlCompatibility="2.1" id="9d7c92bf-6a5b-4732-ba73-2c075c6fe230" label="" lastModified="2024-08-13T16:25:51.000Z" name="MAPSERVICE_Sinacofi_D32_F1_D32_FRONT::MAPSERVICE.Sinacofi_D32_F1.MovimientoProcesado" xmlVersion="1.0">
      <DmlClassName>String</DmlClassName>
      <DmlExpression>""</DmlExpression>
   </Variable>
   <Variable dmlCompatibility="2.1" id="2bf5fc3a-ce1e-460c-aa4d-39dd9151a376" label="" lastModified="2024-08-13T16:25:51.000Z" name="MAPSERVICE_Sinacofi_D32_F1_D32_FRONT::MAPSERVICE.Sinacofi_D32_F1.indice" xmlVersion="1.0">
      <DmlClassName>Integer</DmlClassName>
      <DmlExpression>0</DmlExpression>
   </Variable>
   <Variable dmlCompatibility="2.1" id="64d94ac3-e932-412f-ac04-aa52e6ac4e0a" label="" lastModified="2024-08-13T16:25:51.000Z" name="MAPSERVICE_Sinacofi_D32_F1_D32_FRONT::MAPSERVICE.Sinacofi_D32_F1.indice2" xmlVersion="1.0">
      <DmlClassName>Integer</DmlClassName>
      <DmlExpression>0</DmlExpression>
   </Variable>
   <Variable dmlCompatibility="2.1" id="466e713d-9c27-4748-9af3-5ec2ae20bcfc" label="" lastModified="2024-08-13T16:25:51.000Z" name="MAPSERVICE_Sinacofi_D32_F1_D32_FRONT::MAPSERVICE.Sinacofi_D32_F1.indice3" xmlVersion="1.0">
      <DmlClassName>Integer</DmlClassName>
      <DmlExpression>0</DmlExpression>
   </Variable>
   <Variable dmlCompatibility="2.1" id="39a1f647-5bf9-474b-9625-33cf6f8bf9fe" label="" lastModified="2024-08-13T16:25:51.000Z" name="MAPSERVICE_Sinacofi_D32_F1_D32_FRONT::MAPSERVICE.Sinacofi_D32_F1.tipoDocumentoPrefijo" xmlVersion="1.0">
      <DmlClassName>String</DmlClassName>
      <DmlExpression>""</DmlExpression>
   </Variable>
   <Variable dmlCompatibility="2.1" id="ff84c037-fb9f-49f4-b8f3-b258ed4827dc" label="" lastModified="2024-08-13T16:25:51.000Z" name="MAPSERVICE_Sinacofi_D32_F1_D32_FRONT::MAPSERVICE.Sinacofi_D32_F1.usuarioNAPrefijo" xmlVersion="1.0">
      <DmlClassName>String</DmlClassName>
      <DmlExpression>""</DmlExpression>
   </Variable>
   <Variable dmlCompatibility="2.1" id="9e755733-aafa-493f-a824-605c9ca81a89" label="" lastModified="2024-08-13T16:25:51.000Z" name="MAPSERVICE_Sinacofi_D32_F1_D32_FRONT::MAPSERVICE.Sinacofi_D32_F1.usuarioPrefijo" xmlVersion="1.0">
      <DmlClassName>String</DmlClassName>
      <DmlExpression>""</DmlExpression>
   </Variable>
   <Variable dmlCompatibility="2.1" id="b1d99d97-5a0c-41b2-938f-3c74978fc00b" label="" lastModified="2024-08-13T16:25:51.000Z" name="MAPSERVICE_Sinacofi_D32_F1_D32_FRONT::MAPSERVICE.Sinacofi_D32_F1.TipoArchivo" xmlVersion="1.0">
      <DmlClassName>String</DmlClassName>
      <DmlExpression>""</DmlExpression>
   </Variable>
   <Variable dmlCompatibility="2.1" id="4cd271d9-19f9-4928-a3ec-187a8f2f728f" label="" lastModified="2024-08-13T16:25:51.000Z" name="MAPSERVICE_Sinacofi_D32_F1_D32_FRONT::MAPSERVICE.Sinacofi_D32_F1.CodigoError" xmlVersion="1.0">
      <DmlClassName>String</DmlClassName>
      <DmlExpression>""</DmlExpression>
   </Variable>
   <Variable dmlCompatibility="2.1" id="b9263aa7-cfe0-4f5c-93ed-fc2a625126c2" label="" lastModified="2024-08-13T16:25:51.000Z" name="MAPSERVICE_Sinacofi_D32_F1_D32_FRONT::MAPSERVICE.Sinacofi_D32_F1.Detalles" xmlVersion="1.0">
      <DmlClassName>String</DmlClassName>
      <DmlExpression>""</DmlExpression>
   </Variable>
   <Variable dmlCompatibility="2.1" id="be1abe5b-940e-4e43-8099-40fcba76b305" label="" lastModified="2024-08-13T16:25:51.000Z" name="MAPSERVICE_Sinacofi_D32_F1_D32_FRONT::MAPSERVICE.Sinacofi_D32_F1.Detalles2" xmlVersion="1.0">
      <DmlClassName>String</DmlClassName>
      <DmlExpression>""</DmlExpression>
   </Variable>
   <Variable dmlCompatibility="2.1" id="b6db7a21-3ef3-4fb8-8233-d0654bfebf62" label="" lastModified="2024-08-13T16:25:51.000Z" name="MAPSERVICE_Sinacofi_D32_F1_D32_FRONT::MAPSERVICE.Sinacofi_D32_F1.Detalles3" xmlVersion="1.0">
      <DmlClassName>String</DmlClassName>
      <DmlExpression>""</DmlExpression>
   </Variable>
   <Variable dmlCompatibility="2.1" id="bd2edc22-ccf5-4262-9278-cef983d61675" label="" lastModified="2024-08-13T16:25:51.000Z" name="MAPSERVICE_Sinacofi_D32_F1_D32_FRONT::MAPSERVICE.Sinacofi_D32_F1.indiceLoop" xmlVersion="1.0">
      <DmlClassName>Integer</DmlClassName>
      <DmlExpression>0</DmlExpression>
   </Variable>
   <Variable dmlCompatibility="2.1" id="150c4ab1-9183-4840-9f96-ec31ffe7a7a9" label="" lastModified="2024-08-13T16:25:51.000Z" name="MAPSERVICE_Sinacofi_D32_F1_D32_FRONT::MAPSERVICE.Sinacofi_D32_F1.agno" xmlVersion="1.0">
      <DmlClassName>Real</DmlClassName>
      <DmlExpression>0.0</DmlExpression>
   </Variable>
   <Variable dmlCompatibility="2.1" id="ec685ed4-800b-4512-9e18-d3f1ebd8e9c6" label="" lastModified="2024-08-13T16:25:51.000Z" name="MAPSERVICE_Sinacofi_D32_F1_D32_FRONT::MAPSERVICE.Sinacofi_D32_F1.mes" xmlVersion="1.0">
      <DmlClassName>Integer</DmlClassName>
      <DmlExpression>0</DmlExpression>
   </Variable>
   <Variable dmlCompatibility="2.1" id="64259468-6dca-46ee-88f3-9be1377dfffc" label="" lastModified="2024-08-13T16:25:51.000Z" name="MAPSERVICE_Sinacofi_D32_F1_D32_FRONT::MAPSERVICE.Sinacofi_D32_F1.dia" xmlVersion="1.0">
      <DmlClassName>Integer</DmlClassName>
      <DmlExpression>0</DmlExpression>
   </Variable>
   <Variable dmlCompatibility="2.1" id="c90a04ef-a5a8-4189-9685-7a012dbe4c91" label="" lastModified="2024-08-13T16:25:51.000Z" name="MAPSERVICE_Sinacofi_D32_F1_D32_FRONT::MAPSERVICE.Sinacofi_D32_F1.totalAN72" xmlVersion="1.0">
      <DmlClassName>Integer</DmlClassName>
      <DmlExpression>0</DmlExpression>
   </Variable>
   <Variable dmlCompatibility="2.1" id="8dbc439b-2086-49be-aebc-2ce83b0b5f6e" label="" lastModified="2024-08-13T16:25:51.000Z" name="MAPSERVICE_Sinacofi_D32_F1_D32_FRONT::MAPSERVICE.Sinacofi_D32_F1.totalANJ2" xmlVersion="1.0">
      <DmlClassName>Integer</DmlClassName>
      <DmlExpression>0</DmlExpression>
   </Variable>
   <Variable dmlCompatibility="2.1" id="6d5a9fe0-18b8-4e6c-bb19-46a12a4ce028" label="" lastModified="2024-08-13T16:25:51.000Z" name="MAPSERVICE_Sinacofi_D32_F1_D32_FRONT::MAPSERVICE.Sinacofi_D32_F1.totalANK2" xmlVersion="1.0">
      <DmlClassName>Integer</DmlClassName>
      <DmlExpression>0</DmlExpression>
   </Variable>
   <Variable dmlCompatibility="2.1" id="7a08e47b-305b-4386-887c-b16008c5b377" label="" lastModified="2024-08-13T16:25:51.000Z" name="MAPSERVICE_Sinacofi_D32_F1_D32_FRONT::MAPSERVICE.Sinacofi_D32_F1.totalANL2" xmlVersion="1.0">
      <DmlClassName>Integer</DmlClassName>
      <DmlExpression>0</DmlExpression>
   </Variable>
   <Variable dmlCompatibility="2.1" id="24486874-7d89-4063-be2b-0d96946d10f8" label="" lastModified="2024-08-13T16:25:51.000Z" name="MAPSERVICE_Sinacofi_D32_F1_D32_FRONT::MAPSERVICE.Sinacofi_D32_F1.totalANM2" xmlVersion="1.0">
      <DmlClassName>Integer</DmlClassName>
      <DmlExpression>0</DmlExpression>
   </Variable>
   <Variable dmlCompatibility="2.1" id="28e757a5-5061-4476-bc81-6b1214e000cf" label="" lastModified="2024-08-13T16:25:51.000Z" name="MAPSERVICE_Sinacofi_D32_F1_D32_FRONT::MAPSERVICE.Sinacofi_D32_F1.totalANN2" xmlVersion="1.0">
      <DmlClassName>Integer</DmlClassName>
      <DmlExpression>0</DmlExpression>
   </Variable>
   <Variable dmlCompatibility="2.1" id="80431e85-587d-405c-a55d-51d92e5dae11" label="" lastModified="2024-08-13T16:25:51.000Z" name="MAPSERVICE_Sinacofi_D32_F1_D32_FRONT::MAPSERVICE.Sinacofi_D32_F1.totalAN82" xmlVersion="1.0">
      <DmlClassName>Integer</DmlClassName>
      <DmlExpression>0</DmlExpression>
   </Variable>
   <Variable dmlCompatibility="2.1" id="37088f34-1c21-4a61-9bbe-752b8c279c4a" label="" lastModified="2024-08-13T16:25:51.000Z" name="MAPSERVICE_Sinacofi_D32_F1_D32_FRONT::MAPSERVICE.Sinacofi_D32_F1.totalAN92" xmlVersion="1.0">
      <DmlClassName>Integer</DmlClassName>
      <DmlExpression>0</DmlExpression>
   </Variable>
   <Variable dmlCompatibility="2.1" id="addf02f5-5007-462a-86a3-7fff773e9155" label="" lastModified="2024-08-13T16:25:51.000Z" name="MAPSERVICE_Sinacofi_D32_F1_D32_FRONT::MAPSERVICE.Sinacofi_D32_F1.totalANP2" xmlVersion="1.0">
      <DmlClassName>Integer</DmlClassName>
      <DmlExpression>0</DmlExpression>
   </Variable>
   <Variable dmlCompatibility="2.1" id="daaf872c-ae05-429f-8443-848d08fa05db" label="" lastModified="2024-08-13T16:25:51.000Z" name="MAPSERVICE_Sinacofi_D32_F1_D32_FRONT::MAPSERVICE.Sinacofi_D32_F1.totalANQ2" xmlVersion="1.0">
      <DmlClassName>Integer</DmlClassName>
      <DmlExpression>0</DmlExpression>
   </Variable>
   <Variable dmlCompatibility="2.1" id="e881774b-7698-4780-9ec5-e5db8ff6d1c8" label="" lastModified="2024-08-13T16:25:51.000Z" name="MAPSERVICE_Sinacofi_D32_F1_D32_FRONT::MAPSERVICE.Sinacofi_D32_F1.totalANR2" xmlVersion="1.0">
      <DmlClassName>Integer</DmlClassName>
      <DmlExpression>0</DmlExpression>
   </Variable>
   <Variable dmlCompatibility="2.1" id="cc9df52b-e37d-47ae-b767-c3b396c61040" label="" lastModified="2024-08-13T16:25:51.000Z" name="MAPSERVICE_Sinacofi_D32_F1_D32_FRONT::MAPSERVICE.Sinacofi_D32_F1.totalANS2" xmlVersion="1.0">
      <DmlClassName>Integer</DmlClassName>
      <DmlExpression>0</DmlExpression>
   </Variable>
   <Variable dmlCompatibility="2.1" id="e02fde38-bf3c-49f8-b4ec-8a4b99a85d8f" label="" lastModified="2024-08-13T16:25:51.000Z" name="MAPSERVICE_Sinacofi_D32_F1_D32_FRONT::MAPSERVICE.Sinacofi_D32_F1.totalANT2" xmlVersion="1.0">
      <DmlClassName>Integer</DmlClassName>
      <DmlExpression>0</DmlExpression>
   </Variable>
   <Variable dmlCompatibility="2.1" id="a9c9265d-719e-433d-a6a7-a01609c38535" label="" lastModified="2024-08-13T16:25:51.000Z" name="MAPSERVICE_Sinacofi_D32_F1_D32_FRONT::MAPSERVICE.Sinacofi_D32_F1.totalANU2" xmlVersion="1.0">
      <DmlClassName>Integer</DmlClassName>
      <DmlExpression>0</DmlExpression>
   </Variable>
   <Variable dmlCompatibility="2.1" id="4a96d3d3-1204-4a3a-8704-8e282f728d26" label="" lastModified="2024-08-13T16:25:51.000Z" name="MAPSERVICE_Sinacofi_D32_F1_D32_FRONT::MAPSERVICE.Sinacofi_D32_F1.totalANV2" xmlVersion="1.0">
      <DmlClassName>Integer</DmlClassName>
      <DmlExpression>0</DmlExpression>
   </Variable>
   <Variable dmlCompatibility="2.1" id="fa139bd9-0c19-4976-8efb-49946c7c8a0f" label="" lastModified="2024-08-13T16:25:51.000Z" name="MAPSERVICE_Sinacofi_D32_F1_D32_FRONT::MAPSERVICE.Sinacofi_D32_F1.totalAN02" xmlVersion="1.0">
      <DmlClassName>Integer</DmlClassName>
      <DmlExpression>0</DmlExpression>
   </Variable>
   <Variable dmlCompatibility="2.1" id="2871e21f-ec8c-4db0-9944-8b90976a125c" label="" lastModified="2024-08-13T16:25:51.000Z" name="MAPSERVICE_Sinacofi_D32_F1_D32_FRONT::MAPSERVICE.Sinacofi_D32_F1.totalANW2" xmlVersion="1.0">
      <DmlClassName>Integer</DmlClassName>
      <DmlExpression>0</DmlExpression>
   </Variable>
   <Variable dmlCompatibility="2.1" id="628064cd-6212-434f-bbb7-b10c1f1b0495" label="" lastModified="2024-08-13T16:25:51.000Z" name="MAPSERVICE_Sinacofi_D32_F1_D32_FRONT::MAPSERVICE.Sinacofi_D32_F1.totalANX2" xmlVersion="1.0">
      <DmlClassName>Integer</DmlClassName>
      <DmlExpression>0</DmlExpression>
   </Variable>
   <Variable dmlCompatibility="2.1" id="3ede5619-9f7c-42f9-91fa-b493532840f0" label="" lastModified="2024-08-13T16:25:51.000Z" name="MAPSERVICE_Sinacofi_D32_F1_D32_FRONT::MAPSERVICE.Sinacofi_D32_F1.totalANY2" xmlVersion="1.0">
      <DmlClassName>Integer</DmlClassName>
      <DmlExpression>0</DmlExpression>
   </Variable>
   <Variable dmlCompatibility="2.1" id="4de6e52f-89fb-47da-a69b-3cf448be5708" label="" lastModified="2024-08-13T16:25:51.000Z" name="MAPSERVICE_Sinacofi_D32_F1_D32_FRONT::MAPSERVICE.Sinacofi_D32_F1.totalANZ2" xmlVersion="1.0">
      <DmlClassName>Integer</DmlClassName>
      <DmlExpression>0</DmlExpression>
   </Variable>
   <Variable dmlCompatibility="2.1" id="0d569f53-b945-416c-bd9f-63056e36475e" label="" lastModified="2024-08-13T16:25:51.000Z" name="MAPSERVICE_Sinacofi_D32_F1_D32_FRONT::MAPSERVICE.Sinacofi_D32_F1.debug" xmlVersion="1.0">
      <DmlClassName>String</DmlClassName>
      <DmlExpression>""</DmlExpression>
   </Variable>
   <Variable dmlCompatibility="2.1" id="68bc84be-17b1-496b-9ec8-fb15e0944690" label="" lastModified="2024-08-13T16:25:51.000Z" name="MAPSERVICE_Sinacofi_D32_F1_D32_FRONT::MAPSERVICE.Sinacofi_D32_F1.var_registro1" xmlVersion="1.0">
      <DmlClassName>Integer</DmlClassName>
      <DmlExpression>null</DmlExpression>
   </Variable>
   <Variable dmlCompatibility="2.1" id="08c5d016-b238-451b-81ec-fc19d7421b79" label="" lastModified="2024-08-13T16:25:51.000Z" name="MAPSERVICE_Sinacofi_D32_F1_D32_FRONT::MAPSERVICE.Sinacofi_D32_F1.resEstructuraValida" xmlVersion="1.0">
      <DmlClassName>String</DmlClassName>
      <DmlExpression>""</DmlExpression>
   </Variable>
   <Variable dmlCompatibility="2.1" id="92bb996d-3ed8-4dcb-bdfd-8bc6f22a2acc" label="" lastModified="2024-08-13T16:25:51.000Z" name="MAPSERVICE_Sinacofi_D32_F1_D32_FRONT::MAPSERVICE.Sinacofi_D32_F1.ValoresConcatenados" xmlVersion="1.0">
      <DmlClassName>String</DmlClassName>
      <DmlExpression>""</DmlExpression>
   </Variable>
   <Variable dmlCompatibility="2.1" id="5ad17385-d4d9-44c7-bda9-41aafc685d09" label="" lastModified="2024-08-13T16:25:51.000Z" name="MAPSERVICE_Sinacofi_D32_F1_D32_FRONT::MAPSERVICE.Sinacofi_D32_F1.resCargarCampos" xmlVersion="1.0">
      <DmlClassName>String</DmlClassName>
      <DmlExpression>""</DmlExpression>
   </Variable>
</Variables>
