{
  "born-on" : "2024-09-09T17:29:06-0300",
  "beans" : [ {
    "@class" : "ComponentBean",
    "resourceName" : "MAPSERVICE.Sinacofi_E25.E25_FT3",
    "resourceAbsFilePath" : "",
    "resourceType" : "3",
    "componentId" : "2386505",
    "processingStepEnabled" : true,
    "processingStepName" : "Component_E25_FT3",
    "processingStepType" : "Map",
    "processingStepAddOutput" : false,
    "configurations" : "null/2386505/configurations",
    "@id" : "1480003",
    "configuration-defs" : [ {
      "name" : "Input",
      "type" : "13",
      "description" : "Input format XML",
      "arguments" : null,
      "@id" : "2387031",
      "argument-defs" : [ {
        "name" : "Detector mode",
        "type" : "java.lang.Boolean",
        "notEqualTo" : null,
        "value" : null,
        "editable" : false,
        "@id" : "2387616"
      }, {
        "name" : "Check facet on input",
        "type" : "java.lang.Boolean",
        "notEqualTo" : null,
        "value" : null,
        "editable" : false,
        "@id" : "2387617"
      }, {
        "name" : "Check facet on output",
        "type" : "java.lang.Boolean",
        "notEqualTo" : null,
        "value" : null,
        "editable" : false,
        "@id" : "2387618"
      }, {
        "name" : "Accept input documents with errors",
        "type" : "java.lang.Boolean",
        "notEqualTo" : null,
        "value" : null,
        "editable" : false,
        "@id" : "2387619"
      }, {
        "name" : "Action when no output created by flow",
        "type" : "b2bx.server.EnumParameter",
        "notEqualTo" : null,
        "value" : "4",
        "editable" : true,
        "@id" : "2387620"
      }, {
        "name" : "Debug",
        "type" : "java.lang.Boolean",
        "notEqualTo" : null,
        "value" : null,
        "editable" : false,
        "@id" : "2387621"
      } ]
    }, {
      "name" : "Buzon",
      "type" : "2",
      "description" : "Output parameters",
      "arguments" : null,
      "@id" : "2387032",
      "argument-defs" : [ {
        "name" : "Output Format",
        "type" : "b2bx.server.EnumParameter",
        "notEqualTo" : null,
        "value" : "0",
        "editable" : true,
        "@id" : "2387622"
      }, {
        "name" : "Accept output documents with errors",
        "type" : "java.lang.Boolean",
        "notEqualTo" : null,
        "value" : null,
        "editable" : false,
        "@id" : "2387623"
      }, {
        "name" : "Action when no output created",
        "type" : "b2bx.server.EnumParameter",
        "notEqualTo" : null,
        "value" : "2",
        "editable" : true,
        "@id" : "2387624"
      }, {
        "name" : "Version",
        "type" : "b2bx.server.EnumParameter",
        "notEqualTo" : null,
        "value" : "",
        "editable" : true,
        "@id" : "2387625"
      } ]
    }, {
      "name" : "Salida",
      "type" : "2",
      "description" : "Output parameters",
      "arguments" : null,
      "@id" : "2387033",
      "argument-defs" : [ {
        "name" : "Output Format",
        "type" : "b2bx.server.EnumParameter",
        "notEqualTo" : null,
        "value" : "0",
        "editable" : true,
        "@id" : "2387626"
      }, {
        "name" : "Accept output documents with errors",
        "type" : "java.lang.Boolean",
        "notEqualTo" : null,
        "value" : null,
        "editable" : false,
        "@id" : "2387627"
      }, {
        "name" : "Action when no output created",
        "type" : "b2bx.server.EnumParameter",
        "notEqualTo" : null,
        "value" : "2",
        "editable" : true,
        "@id" : "2387628"
      }, {
        "name" : "Version",
        "type" : "b2bx.server.EnumParameter",
        "notEqualTo" : null,
        "value" : "",
        "editable" : true,
        "@id" : "2387629"
      } ]
    }, {
      "name" : "AUX",
      "type" : "2",
      "description" : "Output parameters",
      "arguments" : null,
      "@id" : "2387034",
      "argument-defs" : [ {
        "name" : "Output Format",
        "type" : "b2bx.server.EnumParameter",
        "notEqualTo" : null,
        "value" : "0",
        "editable" : true,
        "@id" : "2387630"
      }, {
        "name" : "Accept output documents with errors",
        "type" : "java.lang.Boolean",
        "notEqualTo" : null,
        "value" : null,
        "editable" : false,
        "@id" : "2387631"
      }, {
        "name" : "Action when no output created",
        "type" : "b2bx.server.EnumParameter",
        "notEqualTo" : null,
        "value" : "2",
        "editable" : true,
        "@id" : "2387632"
      }, {
        "name" : "Version",
        "type" : "b2bx.server.EnumParameter",
        "notEqualTo" : null,
        "value" : "",
        "editable" : true,
        "@id" : "2387633"
      } ]
    }, {
      "name" : "Backup",
      "type" : "2",
      "description" : "Output parameters",
      "arguments" : null,
      "@id" : "2387035",
      "argument-defs" : [ {
        "name" : "Output Format",
        "type" : "b2bx.server.EnumParameter",
        "notEqualTo" : null,
        "value" : "0",
        "editable" : true,
        "@id" : "2387634"
      }, {
        "name" : "Accept output documents with errors",
        "type" : "java.lang.Boolean",
        "notEqualTo" : null,
        "value" : null,
        "editable" : false,
        "@id" : "2387635"
      }, {
        "name" : "Action when no output created",
        "type" : "b2bx.server.EnumParameter",
        "notEqualTo" : null,
        "value" : "2",
        "editable" : true,
        "@id" : "2387636"
      }, {
        "name" : "Version",
        "type" : "b2bx.server.EnumParameter",
        "notEqualTo" : null,
        "value" : "",
        "editable" : true,
        "@id" : "2387637"
      } ]
    }, {
      "name" : "Channel",
      "type" : "9",
      "description" : "Connection parameters",
      "arguments" : null,
      "@id" : "2387036",
      "argument-defs" : [ {
        "name" : "Connection",
        "type" : "b2bx.server.LocalObjectParameter",
        "notEqualTo" : null,
        "value" : "Oracle_MFT",
        "editable" : true,
        "@id" : "2387638"
      } ]
    } ]
  }, {
    "@class" : "ComponentBean",
    "resourceName" : "MAPSERVICE.Sinacofi_E30.E30_FT3",
    "resourceAbsFilePath" : "",
    "resourceType" : "3",
    "componentId" : "1446006",
    "processingStepEnabled" : true,
    "processingStepName" : "Component_E30_FT3",
    "processingStepType" : "Map",
    "processingStepAddOutput" : false,
    "configurations" : "null/1446006/configurations",
    "@id" : "1480005",
    "configuration-defs" : [ {
      "name" : "Input",
      "type" : "13",
      "description" : "Input format XML",
      "arguments" : null,
      "@id" : "1446547",
      "argument-defs" : [ {
        "name" : "Detector mode",
        "type" : "java.lang.Boolean",
        "notEqualTo" : null,
        "value" : null,
        "editable" : false,
        "@id" : "1447184"
      }, {
        "name" : "Check facet on input",
        "type" : "java.lang.Boolean",
        "notEqualTo" : null,
        "value" : null,
        "editable" : false,
        "@id" : "1447185"
      }, {
        "name" : "Check facet on output",
        "type" : "java.lang.Boolean",
        "notEqualTo" : null,
        "value" : null,
        "editable" : false,
        "@id" : "1447186"
      }, {
        "name" : "Accept input documents with errors",
        "type" : "java.lang.Boolean",
        "notEqualTo" : null,
        "value" : null,
        "editable" : false,
        "@id" : "1447187"
      }, {
        "name" : "Action when no output created by flow",
        "type" : "b2bx.server.EnumParameter",
        "notEqualTo" : null,
        "value" : "4",
        "editable" : true,
        "@id" : "1447188"
      }, {
        "name" : "Debug",
        "type" : "java.lang.Boolean",
        "notEqualTo" : null,
        "value" : null,
        "editable" : false,
        "@id" : "1447189"
      } ]
    }, {
      "name" : "Salida",
      "type" : "2",
      "description" : "Output parameters",
      "arguments" : null,
      "@id" : "1446548",
      "argument-defs" : [ {
        "name" : "Output Format",
        "type" : "b2bx.server.EnumParameter",
        "notEqualTo" : null,
        "value" : "0",
        "editable" : true,
        "@id" : "1447190"
      }, {
        "name" : "Accept output documents with errors",
        "type" : "java.lang.Boolean",
        "notEqualTo" : null,
        "value" : null,
        "editable" : false,
        "@id" : "1447191"
      }, {
        "name" : "Action when no output created",
        "type" : "b2bx.server.EnumParameter",
        "notEqualTo" : null,
        "value" : "2",
        "editable" : true,
        "@id" : "1447192"
      }, {
        "name" : "Version",
        "type" : "b2bx.server.EnumParameter",
        "notEqualTo" : null,
        "value" : "",
        "editable" : true,
        "@id" : "1447193"
      } ]
    }, {
      "name" : "AUX",
      "type" : "2",
      "description" : "Output parameters",
      "arguments" : null,
      "@id" : "1446549",
      "argument-defs" : [ {
        "name" : "Version",
        "type" : "b2bx.server.EnumParameter",
        "notEqualTo" : null,
        "value" : "",
        "editable" : true,
        "@id" : "1447197"
      }, {
        "name" : "Output Format",
        "type" : "b2bx.server.EnumParameter",
        "notEqualTo" : null,
        "value" : "0",
        "editable" : true,
        "@id" : "1447194"
      }, {
        "name" : "Accept output documents with errors",
        "type" : "java.lang.Boolean",
        "notEqualTo" : null,
        "value" : null,
        "editable" : false,
        "@id" : "1447195"
      }, {
        "name" : "Action when no output created",
        "type" : "b2bx.server.EnumParameter",
        "notEqualTo" : null,
        "value" : "2",
        "editable" : true,
        "@id" : "1447196"
      } ]
    }, {
      "name" : "Backup",
      "type" : "2",
      "description" : "Output parameters",
      "arguments" : null,
      "@id" : "1446550",
      "argument-defs" : [ {
        "name" : "Output Format",
        "type" : "b2bx.server.EnumParameter",
        "notEqualTo" : null,
        "value" : "0",
        "editable" : true,
        "@id" : "1447198"
      }, {
        "name" : "Accept output documents with errors",
        "type" : "java.lang.Boolean",
        "notEqualTo" : null,
        "value" : null,
        "editable" : false,
        "@id" : "1447199"
      }, {
        "name" : "Action when no output created",
        "type" : "b2bx.server.EnumParameter",
        "notEqualTo" : null,
        "value" : "2",
        "editable" : true,
        "@id" : "1447200"
      }, {
        "name" : "Version",
        "type" : "b2bx.server.EnumParameter",
        "notEqualTo" : null,
        "value" : "",
        "editable" : true,
        "@id" : "1447201"
      } ]
    }, {
      "name" : "Buzon",
      "type" : "2",
      "description" : "Output parameters",
      "arguments" : null,
      "@id" : "1446551",
      "argument-defs" : [ {
        "name" : "Output Format",
        "type" : "b2bx.server.EnumParameter",
        "notEqualTo" : null,
        "value" : "0",
        "editable" : true,
        "@id" : "1447202"
      }, {
        "name" : "Accept output documents with errors",
        "type" : "java.lang.Boolean",
        "notEqualTo" : null,
        "value" : null,
        "editable" : false,
        "@id" : "1447203"
      }, {
        "name" : "Action when no output created",
        "type" : "b2bx.server.EnumParameter",
        "notEqualTo" : null,
        "value" : "2",
        "editable" : true,
        "@id" : "1447204"
      }, {
        "name" : "Version",
        "type" : "b2bx.server.EnumParameter",
        "notEqualTo" : null,
        "value" : "",
        "editable" : true,
        "@id" : "1447205"
      } ]
    }, {
      "name" : "Channel",
      "type" : "9",
      "description" : "Connection parameters",
      "arguments" : null,
      "@id" : "1446552",
      "argument-defs" : [ {
        "name" : "Connection",
        "type" : "b2bx.server.LocalObjectParameter",
        "notEqualTo" : null,
        "value" : "Oracle_MFT",
        "editable" : true,
        "@id" : "1447206"
      } ]
    } ]
  }, {
    "@class" : "ComponentBean",
    "resourceName" : "MAPSERVICE.Sinacofi_I05.I05_FT3",
    "resourceAbsFilePath" : "",
    "resourceType" : "3",
    "componentId" : "776551",
    "processingStepEnabled" : true,
    "processingStepName" : "Component_I05_FT3",
    "processingStepType" : "Map",
    "processingStepAddOutput" : false,
    "configurations" : "null/776551/configurations",
    "@id" : "776051",
    "configuration-defs" : [ {
      "name" : "Input",
      "type" : "13",
      "description" : "Input format XML",
      "arguments" : null,
      "@id" : "777288",
      "argument-defs" : [ {
        "name" : "Detector mode",
        "type" : "java.lang.Boolean",
        "notEqualTo" : null,
        "value" : null,
        "editable" : false,
        "@id" : "778608"
      }, {
        "name" : "Check facet on input",
        "type" : "java.lang.Boolean",
        "notEqualTo" : null,
        "value" : null,
        "editable" : false,
        "@id" : "778609"
      }, {
        "name" : "Check facet on output",
        "type" : "java.lang.Boolean",
        "notEqualTo" : null,
        "value" : null,
        "editable" : false,
        "@id" : "778610"
      }, {
        "name" : "Accept input documents with errors",
        "type" : "java.lang.Boolean",
        "notEqualTo" : null,
        "value" : null,
        "editable" : false,
        "@id" : "778611"
      }, {
        "name" : "Action when no output created by flow",
        "type" : "b2bx.server.EnumParameter",
        "notEqualTo" : null,
        "value" : "4",
        "editable" : true,
        "@id" : "778612"
      }, {
        "name" : "Debug",
        "type" : "java.lang.Boolean",
        "notEqualTo" : null,
        "value" : null,
        "editable" : false,
        "@id" : "778613"
      } ]
    }, {
      "name" : "Salida",
      "type" : "2",
      "description" : "Output parameters",
      "arguments" : null,
      "@id" : "777289",
      "argument-defs" : [ {
        "name" : "Output Format",
        "type" : "b2bx.server.EnumParameter",
        "notEqualTo" : null,
        "value" : "0",
        "editable" : true,
        "@id" : "778614"
      }, {
        "name" : "Accept output documents with errors",
        "type" : "java.lang.Boolean",
        "notEqualTo" : null,
        "value" : null,
        "editable" : false,
        "@id" : "778615"
      }, {
        "name" : "Action when no output created",
        "type" : "b2bx.server.EnumParameter",
        "notEqualTo" : null,
        "value" : "2",
        "editable" : true,
        "@id" : "778616"
      }, {
        "name" : "Version",
        "type" : "b2bx.server.EnumParameter",
        "notEqualTo" : null,
        "value" : "",
        "editable" : true,
        "@id" : "778617"
      } ]
    }, {
      "name" : "Backup",
      "type" : "2",
      "description" : "Output parameters",
      "arguments" : null,
      "@id" : "777290",
      "argument-defs" : [ {
        "name" : "Output Format",
        "type" : "b2bx.server.EnumParameter",
        "notEqualTo" : null,
        "value" : "0",
        "editable" : true,
        "@id" : "778618"
      }, {
        "name" : "Accept output documents with errors",
        "type" : "java.lang.Boolean",
        "notEqualTo" : null,
        "value" : null,
        "editable" : false,
        "@id" : "778619"
      }, {
        "name" : "Action when no output created",
        "type" : "b2bx.server.EnumParameter",
        "notEqualTo" : null,
        "value" : "2",
        "editable" : true,
        "@id" : "778620"
      }, {
        "name" : "Version",
        "type" : "b2bx.server.EnumParameter",
        "notEqualTo" : null,
        "value" : "",
        "editable" : true,
        "@id" : "778621"
      } ]
    }, {
      "name" : "AUX",
      "type" : "2",
      "description" : "Output parameters",
      "arguments" : null,
      "@id" : "777291",
      "argument-defs" : [ {
        "name" : "Output Format",
        "type" : "b2bx.server.EnumParameter",
        "notEqualTo" : null,
        "value" : "0",
        "editable" : true,
        "@id" : "778622"
      }, {
        "name" : "Accept output documents with errors",
        "type" : "java.lang.Boolean",
        "notEqualTo" : null,
        "value" : null,
        "editable" : false,
        "@id" : "778623"
      }, {
        "name" : "Action when no output created",
        "type" : "b2bx.server.EnumParameter",
        "notEqualTo" : null,
        "value" : "2",
        "editable" : true,
        "@id" : "778624"
      }, {
        "name" : "Version",
        "type" : "b2bx.server.EnumParameter",
        "notEqualTo" : null,
        "value" : "",
        "editable" : true,
        "@id" : "778625"
      } ]
    }, {
      "name" : "Buzon",
      "type" : "2",
      "description" : "Output parameters",
      "arguments" : null,
      "@id" : "777292",
      "argument-defs" : [ {
        "name" : "Output Format",
        "type" : "b2bx.server.EnumParameter",
        "notEqualTo" : null,
        "value" : "0",
        "editable" : true,
        "@id" : "778626"
      }, {
        "name" : "Accept output documents with errors",
        "type" : "java.lang.Boolean",
        "notEqualTo" : null,
        "value" : null,
        "editable" : false,
        "@id" : "778627"
      }, {
        "name" : "Action when no output created",
        "type" : "b2bx.server.EnumParameter",
        "notEqualTo" : null,
        "value" : "2",
        "editable" : true,
        "@id" : "778628"
      }, {
        "name" : "Version",
        "type" : "b2bx.server.EnumParameter",
        "notEqualTo" : null,
        "value" : "",
        "editable" : true,
        "@id" : "778629"
      } ]
    }, {
      "name" : "Channel",
      "type" : "9",
      "description" : "Connection parameters",
      "arguments" : null,
      "@id" : "777293",
      "argument-defs" : [ {
        "name" : "Connection",
        "type" : "b2bx.server.LocalObjectParameter",
        "notEqualTo" : null,
        "value" : "Oracle_MFT",
        "editable" : true,
        "@id" : "778630"
      } ]
    } ]
  }, {
    "@class" : "ComponentBean",
    "resourceName" : "MAPSERVICE.Sinacofi_I01.I01_FT3",
    "resourceAbsFilePath" : "",
    "resourceType" : "3",
    "componentId" : "776552",
    "processingStepEnabled" : true,
    "processingStepName" : "Component_I01_FT3",
    "processingStepType" : "Map",
    "processingStepAddOutput" : false,
    "configurations" : "null/776552/configurations",
    "@id" : "776052",
    "configuration-defs" : [ {
      "name" : "Input",
      "type" : "13",
      "description" : "Input format XML",
      "arguments" : null,
      "@id" : "777294",
      "argument-defs" : [ {
        "name" : "Check facet on input",
        "type" : "java.lang.Boolean",
        "notEqualTo" : null,
        "value" : null,
        "editable" : false,
        "@id" : "778632"
      }, {
        "name" : "Check facet on output",
        "type" : "java.lang.Boolean",
        "notEqualTo" : null,
        "value" : null,
        "editable" : false,
        "@id" : "778633"
      }, {
        "name" : "Accept input documents with errors",
        "type" : "java.lang.Boolean",
        "notEqualTo" : null,
        "value" : null,
        "editable" : false,
        "@id" : "778634"
      }, {
        "name" : "Action when no output created by flow",
        "type" : "b2bx.server.EnumParameter",
        "notEqualTo" : null,
        "value" : "4",
        "editable" : true,
        "@id" : "778635"
      }, {
        "name" : "Detector mode",
        "type" : "java.lang.Boolean",
        "notEqualTo" : null,
        "value" : null,
        "editable" : false,
        "@id" : "778631"
      }, {
        "name" : "Debug",
        "type" : "java.lang.Boolean",
        "notEqualTo" : null,
        "value" : null,
        "editable" : false,
        "@id" : "778636"
      } ]
    }, {
      "name" : "Backup",
      "type" : "2",
      "description" : "Output parameters",
      "arguments" : null,
      "@id" : "777295",
      "argument-defs" : [ {
        "name" : "Output Format",
        "type" : "b2bx.server.EnumParameter",
        "notEqualTo" : null,
        "value" : "0",
        "editable" : true,
        "@id" : "778637"
      }, {
        "name" : "Accept output documents with errors",
        "type" : "java.lang.Boolean",
        "notEqualTo" : null,
        "value" : null,
        "editable" : false,
        "@id" : "778638"
      }, {
        "name" : "Action when no output created",
        "type" : "b2bx.server.EnumParameter",
        "notEqualTo" : null,
        "value" : "2",
        "editable" : true,
        "@id" : "778639"
      }, {
        "name" : "Version",
        "type" : "b2bx.server.EnumParameter",
        "notEqualTo" : null,
        "value" : "",
        "editable" : true,
        "@id" : "778640"
      } ]
    }, {
      "name" : "Buzon",
      "type" : "2",
      "description" : "Output parameters",
      "arguments" : null,
      "@id" : "777296",
      "argument-defs" : [ {
        "name" : "Output Format",
        "type" : "b2bx.server.EnumParameter",
        "notEqualTo" : null,
        "value" : "0",
        "editable" : true,
        "@id" : "778641"
      }, {
        "name" : "Accept output documents with errors",
        "type" : "java.lang.Boolean",
        "notEqualTo" : null,
        "value" : null,
        "editable" : false,
        "@id" : "778642"
      }, {
        "name" : "Action when no output created",
        "type" : "b2bx.server.EnumParameter",
        "notEqualTo" : null,
        "value" : "2",
        "editable" : true,
        "@id" : "778643"
      }, {
        "name" : "Version",
        "type" : "b2bx.server.EnumParameter",
        "notEqualTo" : null,
        "value" : "",
        "editable" : true,
        "@id" : "778644"
      } ]
    }, {
      "name" : "AUX",
      "type" : "2",
      "description" : "Output parameters",
      "arguments" : null,
      "@id" : "777297",
      "argument-defs" : [ {
        "name" : "Output Format",
        "type" : "b2bx.server.EnumParameter",
        "notEqualTo" : null,
        "value" : "0",
        "editable" : true,
        "@id" : "778645"
      }, {
        "name" : "Accept output documents with errors",
        "type" : "java.lang.Boolean",
        "notEqualTo" : null,
        "value" : null,
        "editable" : false,
        "@id" : "778646"
      }, {
        "name" : "Action when no output created",
        "type" : "b2bx.server.EnumParameter",
        "notEqualTo" : null,
        "value" : "2",
        "editable" : true,
        "@id" : "778647"
      }, {
        "name" : "Version",
        "type" : "b2bx.server.EnumParameter",
        "notEqualTo" : null,
        "value" : "",
        "editable" : true,
        "@id" : "778648"
      } ]
    }, {
      "name" : "Salida",
      "type" : "2",
      "description" : "Output parameters",
      "arguments" : null,
      "@id" : "777298",
      "argument-defs" : [ {
        "name" : "Accept output documents with errors",
        "type" : "java.lang.Boolean",
        "notEqualTo" : null,
        "value" : null,
        "editable" : false,
        "@id" : "778649"
      }, {
        "name" : "Action when no output created",
        "type" : "b2bx.server.EnumParameter",
        "notEqualTo" : null,
        "value" : "2",
        "editable" : true,
        "@id" : "778650"
      }, {
        "name" : "Version",
        "type" : "b2bx.server.EnumParameter",
        "notEqualTo" : null,
        "value" : "",
        "editable" : true,
        "@id" : "778651"
      }, {
        "name" : "Output Format",
        "type" : "b2bx.server.EnumParameter",
        "notEqualTo" : null,
        "value" : "0",
        "editable" : true,
        "@id" : "778652"
      } ]
    }, {
      "name" : "Channel",
      "type" : "9",
      "description" : "Connection parameters",
      "arguments" : null,
      "@id" : "777299",
      "argument-defs" : [ {
        "name" : "Connection",
        "type" : "b2bx.server.LocalObjectParameter",
        "notEqualTo" : null,
        "value" : "Oracle_MFT",
        "editable" : true,
        "@id" : "778653"
      } ]
    } ]
  }, {
    "@class" : "ComponentBean",
    "resourceName" : "MAPSERVICE.Sinacofi_I03.I03_FT3",
    "resourceAbsFilePath" : "",
    "resourceType" : "3",
    "componentId" : "776575",
    "processingStepEnabled" : true,
    "processingStepName" : "Component_I03_FT3",
    "processingStepType" : "Map",
    "processingStepAddOutput" : false,
    "configurations" : "null/776575/configurations",
    "@id" : "776075",
    "configuration-defs" : [ {
      "name" : "Input",
      "type" : "13",
      "description" : "Input format XML",
      "arguments" : null,
      "@id" : "777424",
      "argument-defs" : [ {
        "name" : "Detector mode",
        "type" : "java.lang.Boolean",
        "notEqualTo" : null,
        "value" : null,
        "editable" : false,
        "@id" : "779133"
      }, {
        "name" : "Check facet on input",
        "type" : "java.lang.Boolean",
        "notEqualTo" : null,
        "value" : null,
        "editable" : false,
        "@id" : "779134"
      }, {
        "name" : "Check facet on output",
        "type" : "java.lang.Boolean",
        "notEqualTo" : null,
        "value" : null,
        "editable" : false,
        "@id" : "779135"
      }, {
        "name" : "Accept input documents with errors",
        "type" : "java.lang.Boolean",
        "notEqualTo" : null,
        "value" : null,
        "editable" : false,
        "@id" : "779136"
      }, {
        "name" : "Action when no output created by flow",
        "type" : "b2bx.server.EnumParameter",
        "notEqualTo" : null,
        "value" : "4",
        "editable" : true,
        "@id" : "779137"
      }, {
        "name" : "Debug",
        "type" : "java.lang.Boolean",
        "notEqualTo" : null,
        "value" : null,
        "editable" : false,
        "@id" : "779138"
      } ]
    }, {
      "name" : "AUX",
      "type" : "2",
      "description" : "Output parameters",
      "arguments" : null,
      "@id" : "777425",
      "argument-defs" : [ {
        "name" : "Output Format",
        "type" : "b2bx.server.EnumParameter",
        "notEqualTo" : null,
        "value" : "0",
        "editable" : true,
        "@id" : "779139"
      }, {
        "name" : "Accept output documents with errors",
        "type" : "java.lang.Boolean",
        "notEqualTo" : null,
        "value" : null,
        "editable" : false,
        "@id" : "779140"
      }, {
        "name" : "Action when no output created",
        "type" : "b2bx.server.EnumParameter",
        "notEqualTo" : null,
        "value" : "2",
        "editable" : true,
        "@id" : "779141"
      }, {
        "name" : "Version",
        "type" : "b2bx.server.EnumParameter",
        "notEqualTo" : null,
        "value" : "",
        "editable" : true,
        "@id" : "779142"
      } ]
    }, {
      "name" : "Salida",
      "type" : "2",
      "description" : "Output parameters",
      "arguments" : null,
      "@id" : "777426",
      "argument-defs" : [ {
        "name" : "Output Format",
        "type" : "b2bx.server.EnumParameter",
        "notEqualTo" : null,
        "value" : "0",
        "editable" : true,
        "@id" : "779143"
      }, {
        "name" : "Accept output documents with errors",
        "type" : "java.lang.Boolean",
        "notEqualTo" : null,
        "value" : null,
        "editable" : false,
        "@id" : "779144"
      }, {
        "name" : "Action when no output created",
        "type" : "b2bx.server.EnumParameter",
        "notEqualTo" : null,
        "value" : "2",
        "editable" : true,
        "@id" : "779145"
      }, {
        "name" : "Version",
        "type" : "b2bx.server.EnumParameter",
        "notEqualTo" : null,
        "value" : "",
        "editable" : true,
        "@id" : "779146"
      } ]
    }, {
      "name" : "Backup",
      "type" : "2",
      "description" : "Output parameters",
      "arguments" : null,
      "@id" : "777427",
      "argument-defs" : [ {
        "name" : "Output Format",
        "type" : "b2bx.server.EnumParameter",
        "notEqualTo" : null,
        "value" : "0",
        "editable" : true,
        "@id" : "779147"
      }, {
        "name" : "Accept output documents with errors",
        "type" : "java.lang.Boolean",
        "notEqualTo" : null,
        "value" : null,
        "editable" : false,
        "@id" : "779148"
      }, {
        "name" : "Action when no output created",
        "type" : "b2bx.server.EnumParameter",
        "notEqualTo" : null,
        "value" : "2",
        "editable" : true,
        "@id" : "779149"
      }, {
        "name" : "Version",
        "type" : "b2bx.server.EnumParameter",
        "notEqualTo" : null,
        "value" : "",
        "editable" : true,
        "@id" : "779150"
      } ]
    }, {
      "name" : "Buzon",
      "type" : "2",
      "description" : "Output parameters",
      "arguments" : null,
      "@id" : "777428",
      "argument-defs" : [ {
        "name" : "Output Format",
        "type" : "b2bx.server.EnumParameter",
        "notEqualTo" : null,
        "value" : "0",
        "editable" : true,
        "@id" : "779151"
      }, {
        "name" : "Accept output documents with errors",
        "type" : "java.lang.Boolean",
        "notEqualTo" : null,
        "value" : null,
        "editable" : false,
        "@id" : "779152"
      }, {
        "name" : "Action when no output created",
        "type" : "b2bx.server.EnumParameter",
        "notEqualTo" : null,
        "value" : "2",
        "editable" : true,
        "@id" : "779153"
      }, {
        "name" : "Version",
        "type" : "b2bx.server.EnumParameter",
        "notEqualTo" : null,
        "value" : "",
        "editable" : true,
        "@id" : "779154"
      } ]
    }, {
      "name" : "Channel",
      "type" : "9",
      "description" : "Connection parameters",
      "arguments" : null,
      "@id" : "777429",
      "argument-defs" : [ {
        "name" : "Connection",
        "type" : "b2bx.server.LocalObjectParameter",
        "notEqualTo" : null,
        "value" : "Oracle_MFT",
        "editable" : true,
        "@id" : "779155"
      } ]
    } ]
  }, {
    "@class" : "ComponentBean",
    "resourceName" : "MAPSERVICE.Sinacofi_E24.E24_FT3",
    "resourceAbsFilePath" : "",
    "resourceType" : "3",
    "componentId" : "776585",
    "processingStepEnabled" : true,
    "processingStepName" : "Component_E24_FT3",
    "processingStepType" : "Map",
    "processingStepAddOutput" : false,
    "configurations" : "null/776585/configurations",
    "@id" : "776085",
    "configuration-defs" : [ {
      "name" : "Input",
      "type" : "13",
      "description" : "Input format XML",
      "arguments" : null,
      "@id" : "777484",
      "argument-defs" : [ {
        "name" : "Detector mode",
        "type" : "java.lang.Boolean",
        "notEqualTo" : null,
        "value" : null,
        "editable" : false,
        "@id" : "779363"
      }, {
        "name" : "Check facet on input",
        "type" : "java.lang.Boolean",
        "notEqualTo" : null,
        "value" : null,
        "editable" : false,
        "@id" : "779364"
      }, {
        "name" : "Check facet on output",
        "type" : "java.lang.Boolean",
        "notEqualTo" : null,
        "value" : null,
        "editable" : false,
        "@id" : "779365"
      }, {
        "name" : "Accept input documents with errors",
        "type" : "java.lang.Boolean",
        "notEqualTo" : null,
        "value" : null,
        "editable" : false,
        "@id" : "779366"
      }, {
        "name" : "Action when no output created by flow",
        "type" : "b2bx.server.EnumParameter",
        "notEqualTo" : null,
        "value" : "4",
        "editable" : true,
        "@id" : "779367"
      }, {
        "name" : "Debug",
        "type" : "java.lang.Boolean",
        "notEqualTo" : null,
        "value" : null,
        "editable" : false,
        "@id" : "779368"
      } ]
    }, {
      "name" : "Salida",
      "type" : "2",
      "description" : "Output parameters",
      "arguments" : null,
      "@id" : "777485",
      "argument-defs" : [ {
        "name" : "Output Format",
        "type" : "b2bx.server.EnumParameter",
        "notEqualTo" : null,
        "value" : "0",
        "editable" : true,
        "@id" : "779369"
      }, {
        "name" : "Accept output documents with errors",
        "type" : "java.lang.Boolean",
        "notEqualTo" : null,
        "value" : null,
        "editable" : false,
        "@id" : "779370"
      }, {
        "name" : "Action when no output created",
        "type" : "b2bx.server.EnumParameter",
        "notEqualTo" : null,
        "value" : "2",
        "editable" : true,
        "@id" : "779371"
      }, {
        "name" : "Version",
        "type" : "b2bx.server.EnumParameter",
        "notEqualTo" : null,
        "value" : "",
        "editable" : true,
        "@id" : "779372"
      } ]
    }, {
      "name" : "Buzon",
      "type" : "2",
      "description" : "Output parameters",
      "arguments" : null,
      "@id" : "777486",
      "argument-defs" : [ {
        "name" : "Output Format",
        "type" : "b2bx.server.EnumParameter",
        "notEqualTo" : null,
        "value" : "0",
        "editable" : true,
        "@id" : "779373"
      }, {
        "name" : "Accept output documents with errors",
        "type" : "java.lang.Boolean",
        "notEqualTo" : null,
        "value" : null,
        "editable" : false,
        "@id" : "779374"
      }, {
        "name" : "Action when no output created",
        "type" : "b2bx.server.EnumParameter",
        "notEqualTo" : null,
        "value" : "2",
        "editable" : true,
        "@id" : "779375"
      }, {
        "name" : "Version",
        "type" : "b2bx.server.EnumParameter",
        "notEqualTo" : null,
        "value" : "",
        "editable" : true,
        "@id" : "779376"
      } ]
    }, {
      "name" : "AUX",
      "type" : "2",
      "description" : "Output parameters",
      "arguments" : null,
      "@id" : "777487",
      "argument-defs" : [ {
        "name" : "Output Format",
        "type" : "b2bx.server.EnumParameter",
        "notEqualTo" : null,
        "value" : "0",
        "editable" : true,
        "@id" : "779377"
      }, {
        "name" : "Accept output documents with errors",
        "type" : "java.lang.Boolean",
        "notEqualTo" : null,
        "value" : null,
        "editable" : false,
        "@id" : "779378"
      }, {
        "name" : "Action when no output created",
        "type" : "b2bx.server.EnumParameter",
        "notEqualTo" : null,
        "value" : "2",
        "editable" : true,
        "@id" : "779379"
      }, {
        "name" : "Version",
        "type" : "b2bx.server.EnumParameter",
        "notEqualTo" : null,
        "value" : "",
        "editable" : true,
        "@id" : "779380"
      } ]
    }, {
      "name" : "Backup",
      "type" : "2",
      "description" : "Output parameters",
      "arguments" : null,
      "@id" : "777488",
      "argument-defs" : [ {
        "name" : "Output Format",
        "type" : "b2bx.server.EnumParameter",
        "notEqualTo" : null,
        "value" : "0",
        "editable" : true,
        "@id" : "779381"
      }, {
        "name" : "Accept output documents with errors",
        "type" : "java.lang.Boolean",
        "notEqualTo" : null,
        "value" : null,
        "editable" : false,
        "@id" : "779382"
      }, {
        "name" : "Action when no output created",
        "type" : "b2bx.server.EnumParameter",
        "notEqualTo" : null,
        "value" : "2",
        "editable" : true,
        "@id" : "779383"
      }, {
        "name" : "Version",
        "type" : "b2bx.server.EnumParameter",
        "notEqualTo" : null,
        "value" : "",
        "editable" : true,
        "@id" : "779384"
      } ]
    }, {
      "name" : "Channel",
      "type" : "9",
      "description" : "Connection parameters",
      "arguments" : null,
      "@id" : "777489",
      "argument-defs" : [ {
        "name" : "Connection",
        "type" : "b2bx.server.LocalObjectParameter",
        "notEqualTo" : null,
        "value" : "Oracle_MFT",
        "editable" : true,
        "@id" : "779385"
      } ]
    } ]
  }, {
    "@class" : "ComponentBean",
    "resourceName" : "MAPSERVICE.Sinacofi_I13.I13_FT3",
    "resourceAbsFilePath" : "",
    "resourceType" : "3",
    "componentId" : "2386506",
    "processingStepEnabled" : true,
    "processingStepName" : "Component_I13_FT3",
    "processingStepType" : "Map",
    "processingStepAddOutput" : false,
    "configurations" : "null/2386506/configurations",
    "@id" : "1480002",
    "configuration-defs" : [ {
      "name" : "Input",
      "type" : "13",
      "description" : "Input format XML",
      "arguments" : null,
      "@id" : "2387043",
      "argument-defs" : [ {
        "name" : "Detector mode",
        "type" : "java.lang.Boolean",
        "notEqualTo" : null,
        "value" : null,
        "editable" : false,
        "@id" : "2387662"
      }, {
        "name" : "Check facet on input",
        "type" : "java.lang.Boolean",
        "notEqualTo" : null,
        "value" : null,
        "editable" : false,
        "@id" : "2387663"
      }, {
        "name" : "Check facet on output",
        "type" : "java.lang.Boolean",
        "notEqualTo" : null,
        "value" : null,
        "editable" : false,
        "@id" : "2387664"
      }, {
        "name" : "Accept input documents with errors",
        "type" : "java.lang.Boolean",
        "notEqualTo" : null,
        "value" : null,
        "editable" : false,
        "@id" : "2387665"
      }, {
        "name" : "Action when no output created by flow",
        "type" : "b2bx.server.EnumParameter",
        "notEqualTo" : null,
        "value" : "4",
        "editable" : true,
        "@id" : "2387666"
      }, {
        "name" : "Debug",
        "type" : "java.lang.Boolean",
        "notEqualTo" : null,
        "value" : null,
        "editable" : false,
        "@id" : "2387667"
      } ]
    }, {
      "name" : "Backup",
      "type" : "2",
      "description" : "Output parameters",
      "arguments" : null,
      "@id" : "2387044",
      "argument-defs" : [ {
        "name" : "Output Format",
        "type" : "b2bx.server.EnumParameter",
        "notEqualTo" : null,
        "value" : "0",
        "editable" : true,
        "@id" : "2387668"
      }, {
        "name" : "Accept output documents with errors",
        "type" : "java.lang.Boolean",
        "notEqualTo" : null,
        "value" : null,
        "editable" : false,
        "@id" : "2387669"
      }, {
        "name" : "Action when no output created",
        "type" : "b2bx.server.EnumParameter",
        "notEqualTo" : null,
        "value" : "2",
        "editable" : true,
        "@id" : "2387670"
      }, {
        "name" : "Version",
        "type" : "b2bx.server.EnumParameter",
        "notEqualTo" : null,
        "value" : "",
        "editable" : true,
        "@id" : "2387671"
      } ]
    }, {
      "name" : "Buzon",
      "type" : "2",
      "description" : "Output parameters",
      "arguments" : null,
      "@id" : "2387045",
      "argument-defs" : [ {
        "name" : "Output Format",
        "type" : "b2bx.server.EnumParameter",
        "notEqualTo" : null,
        "value" : "0",
        "editable" : true,
        "@id" : "2387672"
      }, {
        "name" : "Accept output documents with errors",
        "type" : "java.lang.Boolean",
        "notEqualTo" : null,
        "value" : null,
        "editable" : false,
        "@id" : "2387673"
      }, {
        "name" : "Action when no output created",
        "type" : "b2bx.server.EnumParameter",
        "notEqualTo" : null,
        "value" : "2",
        "editable" : true,
        "@id" : "2387674"
      }, {
        "name" : "Version",
        "type" : "b2bx.server.EnumParameter",
        "notEqualTo" : null,
        "value" : "",
        "editable" : true,
        "@id" : "2387675"
      } ]
    }, {
      "name" : "Salida",
      "type" : "2",
      "description" : "Output parameters",
      "arguments" : null,
      "@id" : "2387046",
      "argument-defs" : [ {
        "name" : "Output Format",
        "type" : "b2bx.server.EnumParameter",
        "notEqualTo" : null,
        "value" : "0",
        "editable" : true,
        "@id" : "2387676"
      }, {
        "name" : "Accept output documents with errors",
        "type" : "java.lang.Boolean",
        "notEqualTo" : null,
        "value" : null,
        "editable" : false,
        "@id" : "2387677"
      }, {
        "name" : "Action when no output created",
        "type" : "b2bx.server.EnumParameter",
        "notEqualTo" : null,
        "value" : "2",
        "editable" : true,
        "@id" : "2387678"
      }, {
        "name" : "Version",
        "type" : "b2bx.server.EnumParameter",
        "notEqualTo" : null,
        "value" : "",
        "editable" : true,
        "@id" : "2387679"
      } ]
    }, {
      "name" : "AUX",
      "type" : "2",
      "description" : "Output parameters",
      "arguments" : null,
      "@id" : "2387047",
      "argument-defs" : [ {
        "name" : "Output Format",
        "type" : "b2bx.server.EnumParameter",
        "notEqualTo" : null,
        "value" : "0",
        "editable" : true,
        "@id" : "2387680"
      }, {
        "name" : "Accept output documents with errors",
        "type" : "java.lang.Boolean",
        "notEqualTo" : null,
        "value" : null,
        "editable" : false,
        "@id" : "2387681"
      }, {
        "name" : "Action when no output created",
        "type" : "b2bx.server.EnumParameter",
        "notEqualTo" : null,
        "value" : "2",
        "editable" : true,
        "@id" : "2387682"
      }, {
        "name" : "Version",
        "type" : "b2bx.server.EnumParameter",
        "notEqualTo" : null,
        "value" : "",
        "editable" : true,
        "@id" : "2387683"
      } ]
    }, {
      "name" : "Channel",
      "type" : "9",
      "description" : "Connection parameters",
      "arguments" : null,
      "@id" : "2387048",
      "argument-defs" : [ {
        "name" : "Connection",
        "type" : "b2bx.server.LocalObjectParameter",
        "notEqualTo" : null,
        "value" : "Oracle_MFT",
        "editable" : true,
        "@id" : "2387684"
      } ]
    } ]
  } ],
  "container-version" : "26.11.1 951d5bfb",
  "count" : 7,
  "version" : "1.0"
}