<?xml version="1.0" encoding="UTF-8" standalone="no"?>
<Container xmlns:xsi="http://www.w3.org/2001/XMLSchema-instance" id="18056b7f-6712-43a6-9fba-0bcf35d1c362" name="Sinacofi_C49_C49_FT3" version="20" xsi:noNamespaceSchemaLocation="Container.xsd">
   <longDescription> </longDescription>
   <generatedBy/>
   <generationDate>2024-09-09T21:35:26.000Z</generationDate>
   <shortDescription/>
   <Contents>
      <Product name="Integrator" version="3.7.0"/>
      <Product name="MapDesigner" version="2.5.0"/>
   </Contents>
</Container>
