<?xml version="1.0" encoding="UTF-8" standalone="no"?>
<Component xmlns:xsi="http://www.w3.org/2001/XMLSchema-instance" name="Integrator" version="3.7.0" xsi:noNamespaceSchemaLocation="Component.xsd">
   <Object date="2024-08-28T16:29:34.000Z" name="XSD_IN" oid="1ed15ef0-ddbf-4dd3-a94d-0a1b6ce9f72a" path="MAPSERVICE_Sinacofi_C70_C70_FT3::MAPSERVICE.Sinacofi_C70" shortDesccription="" timestamp="1724862574227" type="BusinessDocument" user=""/>
   <Object date="2024-08-28T16:29:34.000Z" name="C70_Caratula_Salida" oid="29b6fc93-a3f5-4ed1-bd2a-a3828141c0b1" path="MAPSERVICE_Sinacofi_C70_C70_FT3::MAPSERVICE.Sinacofi_C70\Salida" shortDesccription="" timestamp="1724862574227" type="BusinessDocument" user=""/>
   <Object date="2024-08-28T16:29:34.000Z" name="Resultado" oid="7422d2f4-35a3-4ffb-938f-240200fa7981" path="MAPSERVICE_Sinacofi_C70_C70_FT3::MAPSERVICE.Sinacofi_C70\Mensajeria" shortDesccription="" timestamp="1724862574227" type="BusinessDocument" user=""/>
   <Object date="2024-08-28T16:29:34.000Z" name="Aviso" oid="7422d2f4-35a3-4ffb-938f-240200fa7981" path="MAPSERVICE_Sinacofi_C70_C70_FT3::MAPSERVICE.Sinacofi_C70\Mensajeria" shortDesccription="" timestamp="1724862574227" type="BusinessDocument" user=""/>
   <Object date="2024-08-28T16:29:34.000Z" name="LOG" oid="71f44ac7-e0fc-43a2-a5e8-b4e4f19e3968" path="MAPSERVICE_Sinacofi_C70_C70_FT3::MAPSERVICE.Sinacofi_C70\Validacion_y_Error" shortDesccription="" timestamp="1724862574227" type="BusinessDocument" user=""/>
   <Object date="2024-08-28T16:29:34.000Z" name="C70_Archivo_Datos" oid="5a26c413-5426-4534-8607-9d23965d6be1" path="MAPSERVICE_Sinacofi_C70_C70_FT3::MAPSERVICE.Sinacofi_C70\ArchivosEntrada" shortDesccription="" timestamp="1724862574227" type="BusinessDocument" user=""/>
   <Object date="2024-08-28T16:29:34.000Z" name="C70_CAR_Existe_Val" oid="fec8e594-9782-4831-af7e-6f7245a4cda4" path="MAPSERVICE_Sinacofi_C70_C70_FT3::MAPSERVICE.Sinacofi_C70\ArchivosMomentaneos" shortDesccription="" timestamp="1724862574227" type="BusinessDocument" user=""/>
   <Object date="2024-08-28T16:29:34.000Z" name="C70_Control_Datos_Val" oid="ac9f6858-7478-4b5f-af07-ca8390823f9b" path="MAPSERVICE_Sinacofi_C70_C70_FT3::MAPSERVICE.Sinacofi_C70\ArchivosMomentaneos" shortDesccription="" timestamp="1724862574227" type="BusinessDocument" user=""/>
   <Object date="2024-08-28T16:29:34.000Z" name="Auxiliar" oid="4f0d7803-30e5-434d-9c86-44f02c2d13f5" path="MAPSERVICE_Sinacofi_C70_C70_FT3::MAPSERVICE.Sinacofi_C70\ArchivosMomentaneos" shortDesccription="" timestamp="1724862574227" type="BusinessDocument" user=""/>
   <Object date="2024-08-28T16:29:34.000Z" name="C70_CAR" oid="fec8e594-9782-4831-af7e-6f7245a4cda4" path="MAPSERVICE_Sinacofi_C70_C70_FT3::MAPSERVICE.Sinacofi_C70\ArchivosEntrada" shortDesccription="" timestamp="1724862574227" type="BusinessDocument" user=""/>
   <Object date="2024-08-28T16:29:34.000Z" name="C70_CAR_Val" oid="fec8e594-9782-4831-af7e-6f7245a4cda4" path="MAPSERVICE_Sinacofi_C70_C70_FT3::MAPSERVICE.Sinacofi_C70\ArchivosMomentaneos" shortDesccription="" timestamp="1724862574227" type="BusinessDocument" user=""/>
   <Object date="2024-08-28T16:29:34.000Z" name="C70_Control_Caratula" oid="ac9f6858-7478-4b5f-af07-ca8390823f9b" path="MAPSERVICE_Sinacofi_C70_C70_FT3::MAPSERVICE.Sinacofi_C70\ArchivosEntrada" shortDesccription="" timestamp="1724862574227" type="BusinessDocument" user=""/>
   <Object date="2024-08-28T16:29:34.000Z" name="C70_Control_Datos" oid="ac9f6858-7478-4b5f-af07-ca8390823f9b" path="MAPSERVICE_Sinacofi_C70_C70_FT3::MAPSERVICE.Sinacofi_C70\ArchivosEntrada" shortDesccription="" timestamp="1724862574227" type="BusinessDocument" user=""/>
   <Object date="2024-08-28T16:29:34.000Z" name="GetMSGbyTD" oid="c264ba97-a512-42b7-a38e-d74f2cf5d79c" path="MAPSERVICE.Sinacofi_C70" shortDesccription="" timestamp="1724862574227" type="CustomFunction" user=""/>
   <Object date="2024-08-28T16:29:34.000Z" name="Correlativo" oid="c4c78610-7b02-42c0-8efe-136047d68f3d" path="MAPSERVICE.Sinacofi_C70" shortDesccription="" timestamp="1724862574227" type="CustomFunction" user=""/>
   <Object date="2024-08-28T16:29:34.000Z" name="ValidarEstructuraCAR" oid="33471ac7-5872-4709-b75a-0fc814d91ab6" path="MAPSERVICE.Sinacofi_C70" shortDesccription="" timestamp="1724862574227" type="CustomFunction" user=""/>
   <Object date="2024-08-28T16:29:34.000Z" name="InsertErrorTBL" oid="53671eb6-d536-4a07-b926-d740272e8aa4" path="MAPSERVICE.Sinacofi_C70" shortDesccription="" timestamp="1724862574227" type="CustomFunction" user=""/>
   <Object date="2024-08-28T16:29:34.000Z" name="GetEntidadByCasilla" oid="19523725-d875-4bdc-8be7-3783b7bcfb45" path="MAPSERVICE.Sinacofi_C70" shortDesccription="" timestamp="1724862574227" type="CustomFunction" user=""/>
   <Object date="2024-08-28T16:29:34.000Z" name="CountCasillaByCasilla" oid="cf8305bd-f713-4577-8b2d-cba9d6C46ee5" path="MAPSERVICE.Sinacofi_C70" shortDesccription="" timestamp="1724862574227" type="CustomFunction" user=""/>
   <Object date="2024-08-28T16:29:34.000Z" name="GetTamanoByCorrelativo" oid="398545aa-45ab-40ef-9dcb-ae84156a384d" path="MAPSERVICE.Sinacofi_C70" shortDesccription="" timestamp="1724862574227" type="CustomFunction" user=""/>
   <Object date="2024-08-28T16:29:34.000Z" name="GetCodigoMSGbyMSG" oid="e3e0bd91-c8d6-41af-82d0-daa20a3904cc" path="MAPSERVICE.Sinacofi_C70" shortDesccription="" timestamp="1724862574227" type="CustomFunction" user=""/>
   <Object date="2024-08-28T16:29:34.000Z" name="ValidarLargos" oid="46f02e9c-6124-4713-ad2d-f57124a94f19" path="MAPSERVICE.Sinacofi_C70" shortDesccription="" timestamp="1724862574227" type="CustomFunction" user=""/>
   <Object date="2024-08-28T16:29:34.000Z" name="InsertMovTBL" oid="9e78dfb3-a96c-416d-b1f8-c156a40967b0" path="MAPSERVICE.Sinacofi_C70" shortDesccription="" timestamp="1724862574227" type="CustomFunction" user=""/>
   <Object date="2024-08-28T16:29:34.000Z" name="Main_Block_Entrada" oid="87de3201-fbc0-45c0-b49e-a0db9f2214b4" path="MAPSERVICE_Sinacofi_C70_C70_FT3::MAPSERVICE.Sinacofi_C70" shortDesccription="" timestamp="1724862574227" type="MapBroker" user=""/>
   <Object date="2024-08-28T16:29:34.000Z" name="Main_Block_Validacion_2" oid="1df679c6-3703-4e7b-8048-96f9b40277f5" path="MAPSERVICE_Sinacofi_C70_C70_FT3::MAPSERVICE.Sinacofi_C70" shortDesccription="" timestamp="1724862574227" type="MapBroker" user=""/>
   <Object date="2024-08-28T16:29:34.000Z" name="Main_Block_Control_Caratula" oid="fd8f5994-d9b3-43d7-a4d0-cfa45e6c83de" path="MAPSERVICE_Sinacofi_C70_C70_FT3::MAPSERVICE.Sinacofi_C70" shortDesccription="" timestamp="1724862574227" type="MapBroker" user=""/>
   <Object date="2024-08-28T16:29:34.000Z" name="Main_Block_C70_Salida" oid="a98f242e-a9f3-4105-a7a7-c6e8bded1adf" path="MAPSERVICE_Sinacofi_C70_C70_FT3::MAPSERVICE.Sinacofi_C70" shortDesccription="" timestamp="1724862574227" type="MapBroker" user=""/>
   <Object date="2024-08-28T16:29:34.000Z" name="Main_Block_Validacion" oid="191bc478-a7a4-4d58-abe5-afce77adc2e5" path="MAPSERVICE_Sinacofi_C70_C70_FT3::MAPSERVICE.Sinacofi_C70" shortDesccription="" timestamp="1724862574227" type="MapBroker" user=""/>
   <Object date="2024-08-28T16:29:34.000Z" name="Main_Block_Evento" oid="ee134739-5160-48cd-a370-c23d36424b2d" path="MAPSERVICE_Sinacofi_C70_C70_FT3::MAPSERVICE.Sinacofi_C70" shortDesccription="" timestamp="1724862574227" type="MapBroker" user=""/>
   <Object date="2024-08-28T16:29:34.000Z" name="Main_Block_Evento_2" oid="05c7e882-12f2-4c19-9cf1-ebdb9bde1650" path="MAPSERVICE_Sinacofi_C70_C70_FT3::MAPSERVICE.Sinacofi_C70" shortDesccription="" timestamp="1724862574227" type="MapBroker" user=""/>
   <Object date="2024-08-28T16:29:34.000Z" name="Main_Block_C70_FT31" oid="23f1ad29-5b18-45ed-8431-7be28fafaa07" path="MAPSERVICE_Sinacofi_C70_C70_FT3::MAPSERVICE.Sinacofi_C70" shortDesccription="" timestamp="1724862574227" type="MapBroker" user=""/>
   <Object date="2024-08-28T16:29:34.000Z" name="C70_FT3" oid="43e16ae2-9af8-4647-a2bc-9b3e57bc9298" path="MAPSERVICE.Sinacofi_C70" shortDesccription="" timestamp="1724862574227" type="MapStage" user=""/>
</Component>
