<?xml version="1.0" encoding="UTF-8" standalone="no"?>
<CustomFunctions xmlns:xsi="http://www.w3.org/2001/XMLSchema-instance" xsi:noNamespaceSchemaLocation="CustomFunctions.xsd">
   <CustomFunction dmlCompatibility="2.1" id="71b7a381-036f-454a-a745-207e3ec61820" label="" lastModified="2024-07-11T18:59:01.000Z" name="MAPSERVICE.Crear_Caratula_F1.GetCaratulaByCorrelativo" xmlVersion="1.0">
      <DmlClassName>String</DmlClassName>
      <Parameters>
         <Param DmlClassName="String" label="label param0" name="correlativo"/>
      </Parameters>
      <JdbcCustomFunction>
         <JDBCExpression>/*To test te connection use this querries.*/
/* for MySQL/PostgreSQL use: select 1*/
/*for Oracle use: select 1 from dual */
/*for DB2 use: select 1 from sysibm.sysdummy1*/
SELECT FUNC_OBTENER_CARATULA_SALIDA (#correlativo#)  from dual</JDBCExpression>
      </JdbcCustomFunction>
   </CustomFunction>
   <CustomFunction dmlCompatibility="2.1" id="6cc1cb1b-3c48-4370-8dd6-5293d416ea7f" label="" lastModified="2024-07-11T18:59:01.000Z" name="MAPSERVICE.Crear_Caratula_F1.GetTDbyCorrelativo" xmlVersion="1.0">
      <DmlClassName>String</DmlClassName>
      <Parameters>
         <Param DmlClassName="String" label="label param0" name="correlativo"/>
      </Parameters>
      <JdbcCustomFunction>
         <JDBCExpression>/*To test te connection use this querries.*/
/* for MySQL/PostgreSQL use: select 1*/
/*for Oracle use: select 1 from dual */
/*for DB2 use: select 1 from sysibm.sysdummy1*/
select FUNC_OBTENER_TIPO_DOCUMENTO (#correlativo#) from dual</JDBCExpression>
      </JdbcCustomFunction>
   </CustomFunction>
   <CustomFunction dmlCompatibility="2.1" id="8bee38bf-4e71-47c5-9b7c-9ee64726466f" label="" lastModified="2024-07-11T18:59:01.000Z" name="MAPSERVICE.Crear_Caratula_F1.GetLargoCodByCorr" xmlVersion="1.0">
      <DmlClassName>Integer</DmlClassName>
      <Parameters>
         <Param DmlClassName="String" label="label param0" name="correlativo"/>
      </Parameters>
      <JdbcCustomFunction>
         <JDBCExpression>/*To test te connection use this querries.*/ 
/* for MySQL/PostgreSQL use: select 1*/
/*for Oracle use: select 1 from dual */
/*for DB2 use: select 1 from sysibm.sysdummy1*/
SELECT FUNC_OBTENER_LARGO_ENTIDAD_SALIDA (#correlativo#)  from dual</JDBCExpression>
      </JdbcCustomFunction>
   </CustomFunction>
   <CustomFunction dmlCompatibility="2.1" id="98cfb4c6-09ea-4b7c-ac4c-29984ba74f49" label="" lastModified="2024-07-11T18:59:01.000Z" name="MAPSERVICE.Crear_Caratula_F1.GetCodInstByCorrelativo" xmlVersion="1.0">
      <DmlClassName>String</DmlClassName>
      <Parameters>
         <Param DmlClassName="String" label="label param0" name="correlativo"/>
      </Parameters>
      <JdbcCustomFunction>
         <JDBCExpression>/*To test te connection use this querries.*/
/* for MySQL/PostgreSQL use: select 1*/
/*for Oracle use: select 1 from dual */
/*for DB2 use: select 1 from sysibm.sysdummy1*/
    select FUNC_OBTENER_ENTIDAD_ORIGEN(#correlativo#) from dual</JDBCExpression>
      </JdbcCustomFunction>
   </CustomFunction>
   <CustomFunction dmlCompatibility="2.1" id="9e78dfb3-a96c-416d-b1f8-c156a40967b0" label="" lastModified="2024-07-11T18:59:01.000Z" name="MAPSERVICE.Crear_Caratula_F1.InsertMovTBL" xmlVersion="1.0">
      <DmlClassName>String</DmlClassName>
      <Parameters>
         <Param DmlClassName="String" label="label param0" name="correlativo"/>
         <Param DmlClassName="String" label="label param1" name="archivoSalida"/>
         <Param DmlClassName="Integer" label="label param2" name="registros"/>
         <Param DmlClassName="String" label="label param3" name="destino"/>
         <Param DmlClassName="String" label="label param4" name="estado"/>
         <Param DmlClassName="String" label="label param5" name="fecha"/>
      </Parameters>
      <JdbcCustomFunction>
         <JDBCExpression>/*To test te connection use this querries.*/
/* for MySQL/PostgreSQL use: select 1*/
/*for Oracle use: select 1 from dual */
/*for DB2 use: select 1 from sysibm.sysdummy1*/
select FUNC_CARGAMOVIMIENTO (#correlativo#, #archivoSalida#, #registros#,#destino#,#estado#,#fecha#)  from dual</JDBCExpression>
      </JdbcCustomFunction>
   </CustomFunction>
   <CustomFunction dmlCompatibility="2.1" id="53671eb6-d536-4a07-b926-d740272e8aa4" label="" lastModified="2024-07-11T18:59:01.000Z" name="MAPSERVICE.Crear_Caratula_F1.InsertErrorTBL" xmlVersion="1.0">
      <DmlClassName>String</DmlClassName>
      <Parameters>
         <Param DmlClassName="String" label="label param0" name="correlativo"/>
         <Param DmlClassName="String" label="label param1" name="codigo"/>
         <Param DmlClassName="String" label="label param2" name="detalle"/>
         <Param DmlClassName="String" label="label param3" name="fecha"/>
      </Parameters>
      <JdbcCustomFunction>
         <JDBCExpression>/*To test te connection use this querries.*/
/* for MySQL/PostgreSQL use: select 1*/
/*for Oracle use: select 1 from dual */
/*for DB2 use: select 1 from sysibm.sysdummy1*/
select FUNC_CARGAERROR (#correlativo#, #codigo#, #detalle#, #fecha#)  from dual</JDBCExpression>
      </JdbcCustomFunction>
   </CustomFunction>
</CustomFunctions>
