<?xml version="1.0" encoding="UTF-8" standalone="no"?>
<Variables xmlns:xsi="http://www.w3.org/2001/XMLSchema-instance" xsi:noNamespaceSchemaLocation="Variables.xsd">
   <Variable dmlCompatibility="2.1" id="7d0a1ce1-db9e-449c-9a0e-c591e4524ac2" label="" lastModified="2024-07-11T18:59:01.000Z" name="MAPSERVICE_Crear_Caratula_F1_Crear_Caratula_F1::MAPSERVICE.Crear_Caratula_F1.tipoDocumento" xmlVersion="1.0">
      <DmlClassName>String</DmlClassName>
      <DmlExpression>""</DmlExpression>
   </Variable>
   <Variable dmlCompatibility="2.1" id="101250ac-1df2-45d0-9092-43fcb000cb71" label="" lastModified="2024-07-11T18:59:01.000Z" name="MAPSERVICE_Crear_Caratula_F1_Crear_Caratula_F1::MAPSERVICE.Crear_Caratula_F1.largoCodigoSalida" xmlVersion="1.0">
      <DmlClassName>Integer</DmlClassName>
      <DmlExpression>0 </DmlExpression>
   </Variable>
   <Variable dmlCompatibility="2.1" id="21dcb826-326c-49fe-ace8-6168fcc0efc1" label="" lastModified="2024-07-11T18:59:01.000Z" name="MAPSERVICE_Crear_Caratula_F1_Crear_Caratula_F1::MAPSERVICE.Crear_Caratula_F1.correlativoSalida" xmlVersion="1.0">
      <DmlClassName>String</DmlClassName>
      <DmlExpression>""</DmlExpression>
   </Variable>
   <Variable dmlCompatibility="2.1" id="fc0722cd-a22a-47c7-bdb9-040a9f400ade" label="" lastModified="2024-07-11T18:59:01.000Z" name="MAPSERVICE_Crear_Caratula_F1_Crear_Caratula_F1::MAPSERVICE.Crear_Caratula_F1.casillaOrigen" xmlVersion="1.0">
      <DmlClassName>String</DmlClassName>
      <DmlExpression>""</DmlExpression>
   </Variable>
   <Variable dmlCompatibility="2.1" id="eed0512d-5d66-4d75-b39b-101a8cbf48d7" label="" lastModified="2024-07-11T18:59:01.000Z" name="MAPSERVICE_Crear_Caratula_F1_Crear_Caratula_F1::MAPSERVICE.Crear_Caratula_F1.codCasillaDest" xmlVersion="1.0">
      <DmlClassName>String</DmlClassName>
      <DmlExpression>""</DmlExpression>
   </Variable>
   <Variable dmlCompatibility="2.1" id="4406a73b-b10e-413c-8086-4360ab9b913e" label="" lastModified="2024-07-11T18:59:01.000Z" name="MAPSERVICE_Crear_Caratula_F1_Crear_Caratula_F1::MAPSERVICE.Crear_Caratula_F1.codInstFinal" xmlVersion="1.0">
      <DmlClassName>String</DmlClassName>
      <DmlExpression>""</DmlExpression>
   </Variable>
   <Variable dmlCompatibility="2.1" id="f0b2e8b4-200b-48a0-86a4-df664f478f6d" label="" lastModified="2024-07-11T18:59:01.000Z" name="MAPSERVICE_Crear_Caratula_F1_Crear_Caratula_F1::MAPSERVICE.Crear_Caratula_F1.nombreArchDatos" xmlVersion="1.0">
      <DmlClassName>String</DmlClassName>
      <DmlExpression>""</DmlExpression>
   </Variable>
   <Variable dmlCompatibility="2.1" id="879fa3f6-10e4-4470-8199-a8b6fea967d8" label="" lastModified="2024-07-11T18:59:01.000Z" name="MAPSERVICE_Crear_Caratula_F1_Crear_Caratula_F1::MAPSERVICE.Crear_Caratula_F1.nombreArchCarat" xmlVersion="1.0">
      <DmlClassName>String</DmlClassName>
      <DmlExpression>""</DmlExpression>
   </Variable>
   <Variable dmlCompatibility="2.1" id="d01211e2-bfd7-44c1-8565-f10827ec6017" label="" lastModified="2024-07-11T18:59:01.000Z" name="MAPSERVICE_Crear_Caratula_F1_Crear_Caratula_F1::MAPSERVICE.Crear_Caratula_F1.mov" xmlVersion="1.0">
      <DmlClassName>String</DmlClassName>
      <DmlExpression>""</DmlExpression>
   </Variable>
   <Variable dmlCompatibility="2.1" id="3c50000b-3511-419b-819a-e4407bc486cf" label="" lastModified="2024-07-11T18:59:01.000Z" name="MAPSERVICE_Crear_Caratula_F1_Crear_Caratula_F1::MAPSERVICE.Crear_Caratula_F1.error" xmlVersion="1.0">
      <DmlClassName>String</DmlClassName>
      <DmlExpression>""</DmlExpression>
   </Variable>
</Variables>
