<?xml version="1.0" encoding="UTF-8" standalone="no"?>
<BusinessDocuments xmlns:xsi="http://www.w3.org/2001/XMLSchema-instance" xsi:noNamespaceSchemaLocation="BusinessDocuments.xsd">
   <BusinessDocument businessDocumentType="Inhouse" dmlCompatibility="2.1" encoding="iso8859" id="4f0d7803-30e5-434d-9c86-44f02c2d13f5" label="" lastModified="2024-04-25T15:19:44.000Z" name="MAPSERVICE_Sinacofi_D24_D24_FT3::MAPSERVICE.Sinacofi_D24\ArchivosMomentaneos.Auxiliar" xmlVersion="1.0">
      <Configuration>
         <decimalSeparator>true</decimalSeparator>
         <keepPresenceOfPlusSign>false</keepPresenceOfPlusSign>
         <keepPresenceOfDecimalSeparator>true</keepPresenceOfDecimalSeparator>
         <keepInputNumberOfFractionDigits>true</keepInputNumberOfFractionDigits>
         <keepInputNumberOfDateDigits>true</keepInputNumberOfDateDigits>
         <keepPresenceOfIntegerPlusSign>false</keepPresenceOfIntegerPlusSign>
      </Configuration>
      <Properties>
         <Property name="enableFixedFieldTruncation" value="false"/>
         <Property name="realFormatBehavior" value="false"/>
         <Property name="truncate" value="false"/>
         <Property name="trim" value="none"/>
         <Property name="decimalChar"/>
         <Property name="escapeChar"/>
         <Property name="closeQuote"/>
         <Property name="openQuote"/>
         <Property name="leafElmtDelimiterValue"/>
         <Property name="leafElmtDelimiterType" value="FIXED"/>
         <Property name="parentElmtDelimiterValue"/>
         <Property name="parentElmtDelimiterType" value="FIXED"/>
      </Properties>
      <Elements>
         <ParentElement cargoImpEndSepMandatory="false" cargoImpPreSepMandatory="false" delimiterType="implicit" delimiterValue="" elementType="InhouseParent" label="Root" maxCard="1" minCard="1" name="Root" order="1" swiftErrorCode="" xmlNamespace="-1" xmlNamespaceParentOrder="-1">
            <LeafElement cargoImpPreSepMandatory="false" cargoImpReference="" defaultValue="" definition="255" definitionType="Length" delimiterType="string" delimiterValue="0x0a" dmlClassName="String" elementType="InhouseLeaf" label="" leafElementPhysicalType="string (len)" maxCard="1" minCard="1" name="NA" order="2" xmlNamespace="-1" xmlNamespaceParentOrder="-1">
               <Facet allowDistortion="true" alternativeDelimiterValue="" cargoImpPattern="" closeQuote="" cobolDependingOn="-1" cobolDependingOnParentOrder="-1" decimalChar="" decimalSeparator="false" encoding="iso8859" escapeChar="" exponentialChar="" keepInputNumberOfDateDigits="false" keepInputNumberOfFractionDigits="false" keepPresenceOfDecimalSeparator="true" keepPresenceOfPlusSign="false" maxInclusiveValue="false" maxValue="" minInclusiveValue="false" minValue="" nullable="false" openQuote="" paddingChar=" " paddingPos="1" pattern="" signMinusChar="" signMinusPos="0" signPlusChar="" signPlusPos="0" validCharset="">
                  <Enumerations/>
               </Facet>
            </LeafElement>
            <LeafElement cargoImpPreSepMandatory="false" cargoImpReference="" defaultValue="" definition="255" definitionType="Length" delimiterType="string" delimiterValue="0x0a" dmlClassName="String" elementType="InhouseLeaf" label="" leafElementPhysicalType="string (len)" maxCard="1" minCard="0" name="ControlCaratula" order="3" xmlNamespace="-1" xmlNamespaceParentOrder="-1">
               <Facet allowDistortion="true" alternativeDelimiterValue="" cargoImpPattern="" closeQuote="" cobolDependingOn="-1" cobolDependingOnParentOrder="-1" decimalChar="" decimalSeparator="false" encoding="iso8859" escapeChar="" exponentialChar="" keepInputNumberOfDateDigits="false" keepInputNumberOfFractionDigits="false" keepPresenceOfDecimalSeparator="true" keepPresenceOfPlusSign="false" maxInclusiveValue="false" maxValue="" minInclusiveValue="false" minValue="" nullable="true" openQuote="" paddingChar=" " paddingPos="1" pattern="" signMinusChar="" signMinusPos="0" signPlusChar="" signPlusPos="0" validCharset="">
                  <Enumerations/>
               </Facet>
            </LeafElement>
            <Facet alternativeDelimiterValue=""/>
         </ParentElement>
      </Elements>
      <CheckConstraints/>
   </BusinessDocument>
</BusinessDocuments>
