<?xml version="1.0" encoding="UTF-8" standalone="no"?>
<Container xmlns:xsi="http://www.w3.org/2001/XMLSchema-instance" id="ff34b654-729e-4d7c-82f7-4413b98d515d" name="Sinacofi_C13_C13_FT3" version="42" xsi:noNamespaceSchemaLocation="Container.xsd">
   <longDescription/>
   <generatedBy/>
   <generationDate>2024-09-10T14:59:08.000Z</generationDate>
   <shortDescription/>
   <Contents>
      <Product name="Integrator" version="3.7.0"/>
      <Product name="MapDesigner" version="2.5.0"/>
   </Contents>
</Container>
