<?xml version="1.0" encoding="UTF-8" standalone="no"?>
<MapBrokers xmlns:xsi="http://www.w3.org/2001/XMLSchema-instance" xsi:noNamespaceSchemaLocation="MapBrokers_2.xsd">
   <MapBroker dmlCompatibility="2.1" id="fd8f5994-d9b3-43d7-a4d0-cfa45e6c83de" label="" lastModified="2024-04-03T16:16:45.000Z" name="MAPSERVICE_Sinacofi_C13_C13_FT3::MAPSERVICE.Sinacofi_C13.Main_Block_Control_Caratula" xmlVersion="1.0">
      <DmlMapBroker>
         <InputBusinessDocuments>
            <InputBusinessDocument>
               <BusinessDocument id="4f0d7803-30e5-434d-9c86-44f02c2d13f5">
                  <name>MAPSERVICE_Sinacofi_C13_C13_FT3::MAPSERVICE.Sinacofi_C13\ArchivosMomentaneos.Auxiliar</name>
                  <lastModified>2024-04-25T15:06:10.000Z</lastModified>
               </BusinessDocument>
               <Alias>in1</Alias>
            </InputBusinessDocument>
         </InputBusinessDocuments>
         <DecisionPath>
            <StepIf>
               <DmlExpression><![CDATA[in1:\Root\ControlCaratula <> null]]></DmlExpression>
               <StepParse>
                  <DmlExpression><![CDATA[convertToV(in1:\Root\ControlCaratula )]]></DmlExpression>
                  <BusinessDocument id="ac9f6858-7478-4b5f-af07-ca8390823f9b">
                     <name>MAPSERVICE_Sinacofi_C13_C13_FT3::MAPSERVICE.Sinacofi_C13\ArchivosEntrada.C13_Control_Caratula</name>
                     <lastModified>2024-04-25T15:06:10.000Z</lastModified>
                  </BusinessDocument>
                  <StepOutput>
                     <OutputName>out</OutputName>
                  </StepOutput>
               </StepParse>
               <StepStep>
                  <DmlExpression><![CDATA[setDocumentAttributeToOutput( "out",  "B2BXGISend_ProductionFilename", %Sinacofi_C13.correlativoPrefijo + "_" + %Sinacofi_C13.CasillaDestino + "_" + in1:\Root\NA + ".CAR.CTR")]]></DmlExpression>
               </StepStep>
            </StepIf>
         </DecisionPath>
      </DmlMapBroker>
   </MapBroker>
</MapBrokers>
