<?xml version="1.0" encoding="UTF-8" standalone="no"?>
<Container xmlns:xsi="http://www.w3.org/2001/XMLSchema-instance" id="84cd1dee-ec3b-47b7-920e-dbcd59b0b4b7" name="Sinacofi_C47_F1_C47_FRONT" version="8" xsi:noNamespaceSchemaLocation="Container.xsd">
   <longDescription>  </longDescription>
   <generatedBy/>
   <generationDate>2024-09-23T18:09:27.000Z</generationDate>
   <shortDescription/>
   <Contents>
      <Product name="Integrator" version="3.7.0"/>
      <Product name="MapDesigner" version="2.5.0"/>
   </Contents>
</Container>
