{
  "born-on" : "2024-09-09T17:20:24-0300",
  "beans" : [ {
    "@class" : "MetadataDocumentService",
    "name" : "Service_E24_FT3",
    "deliveryMethod" : null,
    "enabled" : true,
    "exchangePointId" : null,
    "exchangePoint" : null,
    "componentId" : "776085",
    "component" : null,
    "outputs" : null,
    "documentServiceAttributes" : null,
    "documentServiceAttributesTemplate" : null,
    "@id" : "779529",
    "component-defs" : [ {
      "@class" : "ComponentBean",
      "resourceName" : "MAPSERVICE.Sinacofi_E24.E24_FT3",
      "resourceAbsFilePath" : "",
      "resourceType" : "3",
      "componentId" : "776585",
      "processingStepEnabled" : true,
      "processingStepName" : "Component_E24_FT3",
      "processingStepType" : "Map",
      "processingStepAddOutput" : false,
      "configurations" : "null/779529/configurations",
      "@id" : "776085",
      "configuration-defs" : [ {
        "name" : "Input",
        "type" : "13",
        "description" : "Input format XML",
        "arguments" : null,
        "@id" : "780653",
        "argument-defs" : [ {
          "name" : "Detector mode",
          "type" : "java.lang.Boolean",
          "notEqualTo" : null,
          "value" : null,
          "editable" : true,
          "@id" : "781532"
        }, {
          "name" : "Check facet on input",
          "type" : "java.lang.Boolean",
          "notEqualTo" : null,
          "value" : null,
          "editable" : true,
          "@id" : "781533"
        }, {
          "name" : "Check facet on output",
          "type" : "java.lang.Boolean",
          "notEqualTo" : null,
          "value" : null,
          "editable" : true,
          "@id" : "781534"
        }, {
          "name" : "Accept input documents with errors",
          "type" : "java.lang.Boolean",
          "notEqualTo" : null,
          "value" : null,
          "editable" : true,
          "@id" : "781535"
        }, {
          "name" : "Action when no output created by flow",
          "type" : "b2bx.server.EnumParameter",
          "notEqualTo" : null,
          "value" : "4",
          "editable" : false,
          "@id" : "781536"
        }, {
          "name" : "Debug",
          "type" : "java.lang.Boolean",
          "notEqualTo" : null,
          "value" : null,
          "editable" : true,
          "@id" : "781537"
        } ]
      }, {
        "name" : "Salida",
        "type" : "2",
        "description" : "Output parameters",
        "arguments" : null,
        "@id" : "780654",
        "argument-defs" : [ {
          "name" : "Output Format",
          "type" : "b2bx.server.EnumParameter",
          "notEqualTo" : null,
          "value" : "0",
          "editable" : false,
          "@id" : "781538"
        }, {
          "name" : "Accept output documents with errors",
          "type" : "java.lang.Boolean",
          "notEqualTo" : null,
          "value" : null,
          "editable" : true,
          "@id" : "781539"
        }, {
          "name" : "Action when no output created",
          "type" : "b2bx.server.EnumParameter",
          "notEqualTo" : null,
          "value" : "2",
          "editable" : false,
          "@id" : "781540"
        }, {
          "name" : "Version",
          "type" : "b2bx.server.EnumParameter",
          "notEqualTo" : null,
          "value" : "",
          "editable" : false,
          "@id" : "781541"
        } ]
      }, {
        "name" : "Buzon",
        "type" : "2",
        "description" : "Output parameters",
        "arguments" : null,
        "@id" : "780655",
        "argument-defs" : [ {
          "name" : "Output Format",
          "type" : "b2bx.server.EnumParameter",
          "notEqualTo" : null,
          "value" : "0",
          "editable" : false,
          "@id" : "781542"
        }, {
          "name" : "Accept output documents with errors",
          "type" : "java.lang.Boolean",
          "notEqualTo" : null,
          "value" : null,
          "editable" : true,
          "@id" : "781543"
        }, {
          "name" : "Action when no output created",
          "type" : "b2bx.server.EnumParameter",
          "notEqualTo" : null,
          "value" : "2",
          "editable" : false,
          "@id" : "781544"
        }, {
          "name" : "Version",
          "type" : "b2bx.server.EnumParameter",
          "notEqualTo" : null,
          "value" : "",
          "editable" : false,
          "@id" : "781545"
        } ]
      }, {
        "name" : "AUX",
        "type" : "2",
        "description" : "Output parameters",
        "arguments" : null,
        "@id" : "780656",
        "argument-defs" : [ {
          "name" : "Output Format",
          "type" : "b2bx.server.EnumParameter",
          "notEqualTo" : null,
          "value" : "0",
          "editable" : false,
          "@id" : "781546"
        }, {
          "name" : "Accept output documents with errors",
          "type" : "java.lang.Boolean",
          "notEqualTo" : null,
          "value" : null,
          "editable" : true,
          "@id" : "781547"
        }, {
          "name" : "Action when no output created",
          "type" : "b2bx.server.EnumParameter",
          "notEqualTo" : null,
          "value" : "2",
          "editable" : false,
          "@id" : "781548"
        }, {
          "name" : "Version",
          "type" : "b2bx.server.EnumParameter",
          "notEqualTo" : null,
          "value" : "",
          "editable" : false,
          "@id" : "781549"
        } ]
      }, {
        "name" : "Backup",
        "type" : "2",
        "description" : "Output parameters",
        "arguments" : null,
        "@id" : "780657",
        "argument-defs" : [ {
          "name" : "Output Format",
          "type" : "b2bx.server.EnumParameter",
          "notEqualTo" : null,
          "value" : "0",
          "editable" : false,
          "@id" : "781550"
        }, {
          "name" : "Accept output documents with errors",
          "type" : "java.lang.Boolean",
          "notEqualTo" : null,
          "value" : null,
          "editable" : true,
          "@id" : "781551"
        }, {
          "name" : "Action when no output created",
          "type" : "b2bx.server.EnumParameter",
          "notEqualTo" : null,
          "value" : "2",
          "editable" : false,
          "@id" : "781552"
        }, {
          "name" : "Version",
          "type" : "b2bx.server.EnumParameter",
          "notEqualTo" : null,
          "value" : "",
          "editable" : false,
          "@id" : "781553"
        } ]
      }, {
        "name" : "Channel",
        "type" : "9",
        "description" : "Connection parameters",
        "arguments" : null,
        "@id" : "780658",
        "argument-defs" : [ {
          "name" : "Connection",
          "type" : "b2bx.server.LocalObjectParameter",
          "notEqualTo" : null,
          "value" : "Oracle_MFT",
          "editable" : false,
          "@id" : "781554"
        } ]
      } ]
    } ],
    "output-defs" : [ {
      "name" : "Salida",
      "deliveryMethod" : "DELIVER_TO_APPLICATION",
      "exchangePointId" : "754506",
      "exchangePoint" : null,
      "outputType" : "",
      "components" : null,
      "@id" : "780109",
      "exchangePoint-defs" : [ {
        "@class" : "FileSystemProducer",
        "enabled" : true,
        "businessProtocol" : "Raw",
        "friendlyName" : "Salida",
        "backupMessages" : false,
        "maxConcurrentConnections" : 100,
        "inlineProcessors" : null,
        "inlinePostProcessors" : null,
        "schedule" : null,
        "retries" : 0,
        "useCustomRetryIntervals" : false,
        "customRetryIntervals" : null,
        "postProcessingScript" : null,
        "holdMessagesForPickup" : false,
        "directory" : "/opt/axway/b2bi/shared/common/data/in/Salida",
        "preserveFilenameMode" : "SEQUENCE",
        "preserveFilename" : true,
        "metadataHierarchy" : [ ],
        "userDefinedDeliveryFilename" : "",
        "userDefinedDuplicateFilename" : "",
        "url" : "/opt/axway/b2bi/shared/common/data/in/Salida",
        "@id" : "754506"
      } ]
    }, {
      "name" : "Buzon",
      "deliveryMethod" : "DELIVER_TO_APPLICATION",
      "exchangePointId" : "754506",
      "exchangePoint" : null,
      "outputType" : "",
      "components" : null,
      "@id" : "780110",
      "exchangePoint-defs" : [ {
        "@class" : "FileSystemProducer",
        "enabled" : true,
        "businessProtocol" : "Raw",
        "friendlyName" : "Salida",
        "backupMessages" : false,
        "maxConcurrentConnections" : 100,
        "inlineProcessors" : null,
        "inlinePostProcessors" : null,
        "schedule" : null,
        "retries" : 0,
        "useCustomRetryIntervals" : false,
        "customRetryIntervals" : null,
        "postProcessingScript" : null,
        "holdMessagesForPickup" : false,
        "directory" : "/opt/axway/b2bi/shared/common/data/in/Salida",
        "preserveFilenameMode" : "SEQUENCE",
        "preserveFilename" : true,
        "metadataHierarchy" : [ ],
        "userDefinedDeliveryFilename" : "",
        "userDefinedDuplicateFilename" : "",
        "url" : "/opt/axway/b2bi/shared/common/data/in/Salida",
        "@id" : "754506"
      } ]
    }, {
      "name" : "AUX",
      "deliveryMethod" : "DELIVER_TO_APPLICATION",
      "exchangePointId" : "754502",
      "exchangePoint" : null,
      "outputType" : "",
      "components" : null,
      "@id" : "780111",
      "exchangePoint-defs" : [ {
        "@class" : "FileSystemProducer",
        "enabled" : true,
        "businessProtocol" : "Raw",
        "friendlyName" : "Aux",
        "backupMessages" : false,
        "maxConcurrentConnections" : 100,
        "inlineProcessors" : null,
        "inlinePostProcessors" : null,
        "schedule" : null,
        "retries" : 0,
        "useCustomRetryIntervals" : false,
        "customRetryIntervals" : null,
        "postProcessingScript" : null,
        "holdMessagesForPickup" : false,
        "directory" : "/opt/axway/b2bi/shared/common/data/in/aux",
        "preserveFilenameMode" : "SEQUENCE",
        "preserveFilename" : true,
        "metadataHierarchy" : [ ],
        "userDefinedDeliveryFilename" : "",
        "userDefinedDuplicateFilename" : "",
        "url" : "/opt/axway/b2bi/shared/common/data/in/aux",
        "@id" : "754502"
      } ]
    }, {
      "name" : "Backup",
      "deliveryMethod" : "DELIVER_TO_APPLICATION",
      "exchangePointId" : "754506",
      "exchangePoint" : null,
      "outputType" : "",
      "components" : null,
      "@id" : "780112",
      "exchangePoint-defs" : [ {
        "@class" : "FileSystemProducer",
        "enabled" : true,
        "businessProtocol" : "Raw",
        "friendlyName" : "Salida",
        "backupMessages" : false,
        "maxConcurrentConnections" : 100,
        "inlineProcessors" : null,
        "inlinePostProcessors" : null,
        "schedule" : null,
        "retries" : 0,
        "useCustomRetryIntervals" : false,
        "customRetryIntervals" : null,
        "postProcessingScript" : null,
        "holdMessagesForPickup" : false,
        "directory" : "/opt/axway/b2bi/shared/common/data/in/Salida",
        "preserveFilenameMode" : "SEQUENCE",
        "preserveFilename" : true,
        "metadataHierarchy" : [ ],
        "userDefinedDeliveryFilename" : "",
        "userDefinedDuplicateFilename" : "",
        "url" : "/opt/axway/b2bi/shared/common/data/in/Salida",
        "@id" : "754506"
      } ]
    } ],
    "attribute-defs" : [ ],
    "template-defs" : [ ]
  }, {
    "@class" : "MetadataDocumentService",
    "name" : "Service_E25_FT3",
    "deliveryMethod" : null,
    "enabled" : true,
    "exchangePointId" : null,
    "exchangePoint" : null,
    "componentId" : "1480003",
    "component" : null,
    "outputs" : null,
    "documentServiceAttributes" : null,
    "documentServiceAttributesTemplate" : null,
    "@id" : "1480503",
    "component-defs" : [ {
      "@class" : "ComponentBean",
      "resourceName" : "MAPSERVICE.Sinacofi_E25.E25_FT3",
      "resourceAbsFilePath" : "",
      "resourceType" : "3",
      "componentId" : "2386505",
      "processingStepEnabled" : true,
      "processingStepName" : "Component_E25_FT3",
      "processingStepType" : "Map",
      "processingStepAddOutput" : false,
      "configurations" : "null/1480503/configurations",
      "@id" : "1480003",
      "configuration-defs" : [ {
        "name" : "Input",
        "type" : "13",
        "description" : "Input format XML",
        "arguments" : null,
        "@id" : "2387037",
        "argument-defs" : [ {
          "name" : "Check facet on input",
          "type" : "java.lang.Boolean",
          "notEqualTo" : null,
          "value" : null,
          "editable" : true,
          "@id" : "2387640"
        }, {
          "name" : "Action when no output created by flow",
          "type" : "b2bx.server.EnumParameter",
          "notEqualTo" : null,
          "value" : "4",
          "editable" : false,
          "@id" : "2387643"
        }, {
          "name" : "Check facet on output",
          "type" : "java.lang.Boolean",
          "notEqualTo" : null,
          "value" : null,
          "editable" : true,
          "@id" : "2387641"
        }, {
          "name" : "Accept input documents with errors",
          "type" : "java.lang.Boolean",
          "notEqualTo" : null,
          "value" : null,
          "editable" : true,
          "@id" : "2387642"
        }, {
          "name" : "Detector mode",
          "type" : "java.lang.Boolean",
          "notEqualTo" : null,
          "value" : null,
          "editable" : true,
          "@id" : "2387639"
        }, {
          "name" : "Debug",
          "type" : "java.lang.Boolean",
          "notEqualTo" : null,
          "value" : null,
          "editable" : true,
          "@id" : "2387644"
        } ]
      }, {
        "name" : "Buzon",
        "type" : "2",
        "description" : "Output parameters",
        "arguments" : null,
        "@id" : "2387038",
        "argument-defs" : [ {
          "name" : "Action when no output created",
          "type" : "b2bx.server.EnumParameter",
          "notEqualTo" : null,
          "value" : "2",
          "editable" : false,
          "@id" : "2387647"
        }, {
          "name" : "Output Format",
          "type" : "b2bx.server.EnumParameter",
          "notEqualTo" : null,
          "value" : "0",
          "editable" : false,
          "@id" : "2387645"
        }, {
          "name" : "Accept output documents with errors",
          "type" : "java.lang.Boolean",
          "notEqualTo" : null,
          "value" : null,
          "editable" : true,
          "@id" : "2387646"
        }, {
          "name" : "Version",
          "type" : "b2bx.server.EnumParameter",
          "notEqualTo" : null,
          "value" : "",
          "editable" : false,
          "@id" : "2387648"
        } ]
      }, {
        "name" : "Salida",
        "type" : "2",
        "description" : "Output parameters",
        "arguments" : null,
        "@id" : "2387039",
        "argument-defs" : [ {
          "name" : "Version",
          "type" : "b2bx.server.EnumParameter",
          "notEqualTo" : null,
          "value" : "",
          "editable" : false,
          "@id" : "2387652"
        }, {
          "name" : "Output Format",
          "type" : "b2bx.server.EnumParameter",
          "notEqualTo" : null,
          "value" : "0",
          "editable" : false,
          "@id" : "2387649"
        }, {
          "name" : "Action when no output created",
          "type" : "b2bx.server.EnumParameter",
          "notEqualTo" : null,
          "value" : "2",
          "editable" : false,
          "@id" : "2387651"
        }, {
          "name" : "Accept output documents with errors",
          "type" : "java.lang.Boolean",
          "notEqualTo" : null,
          "value" : null,
          "editable" : true,
          "@id" : "2387650"
        } ]
      }, {
        "name" : "AUX",
        "type" : "2",
        "description" : "Output parameters",
        "arguments" : null,
        "@id" : "2387040",
        "argument-defs" : [ {
          "name" : "Output Format",
          "type" : "b2bx.server.EnumParameter",
          "notEqualTo" : null,
          "value" : "0",
          "editable" : false,
          "@id" : "2387653"
        }, {
          "name" : "Accept output documents with errors",
          "type" : "java.lang.Boolean",
          "notEqualTo" : null,
          "value" : null,
          "editable" : true,
          "@id" : "2387654"
        }, {
          "name" : "Action when no output created",
          "type" : "b2bx.server.EnumParameter",
          "notEqualTo" : null,
          "value" : "2",
          "editable" : false,
          "@id" : "2387655"
        }, {
          "name" : "Version",
          "type" : "b2bx.server.EnumParameter",
          "notEqualTo" : null,
          "value" : "",
          "editable" : false,
          "@id" : "2387656"
        } ]
      }, {
        "name" : "Backup",
        "type" : "2",
        "description" : "Output parameters",
        "arguments" : null,
        "@id" : "2387041",
        "argument-defs" : [ {
          "name" : "Version",
          "type" : "b2bx.server.EnumParameter",
          "notEqualTo" : null,
          "value" : "",
          "editable" : false,
          "@id" : "2387660"
        }, {
          "name" : "Action when no output created",
          "type" : "b2bx.server.EnumParameter",
          "notEqualTo" : null,
          "value" : "2",
          "editable" : false,
          "@id" : "2387659"
        }, {
          "name" : "Output Format",
          "type" : "b2bx.server.EnumParameter",
          "notEqualTo" : null,
          "value" : "0",
          "editable" : false,
          "@id" : "2387657"
        }, {
          "name" : "Accept output documents with errors",
          "type" : "java.lang.Boolean",
          "notEqualTo" : null,
          "value" : null,
          "editable" : true,
          "@id" : "2387658"
        } ]
      }, {
        "name" : "Channel",
        "type" : "9",
        "description" : "Connection parameters",
        "arguments" : null,
        "@id" : "2387042",
        "argument-defs" : [ {
          "name" : "Connection",
          "type" : "b2bx.server.LocalObjectParameter",
          "notEqualTo" : null,
          "value" : "Oracle_MFT",
          "editable" : false,
          "@id" : "2387661"
        } ]
      } ]
    } ],
    "output-defs" : [ {
      "name" : "Buzon",
      "deliveryMethod" : "DELIVER_TO_APPLICATION",
      "exchangePointId" : "754503",
      "exchangePoint" : null,
      "outputType" : null,
      "components" : null,
      "@id" : "2388005",
      "exchangePoint-defs" : [ {
        "@class" : "FileSystemProducer",
        "enabled" : true,
        "businessProtocol" : "Raw",
        "friendlyName" : "Salida_Buzon",
        "backupMessages" : false,
        "maxConcurrentConnections" : 100,
        "inlineProcessors" : null,
        "inlinePostProcessors" : null,
        "schedule" : null,
        "retries" : 0,
        "useCustomRetryIntervals" : false,
        "customRetryIntervals" : null,
        "postProcessingScript" : null,
        "holdMessagesForPickup" : false,
        "directory" : "/opt/axway/b2bi/shared/common/data/in/Buzon",
        "preserveFilenameMode" : "SEQUENCE",
        "preserveFilename" : true,
        "metadataHierarchy" : [ ],
        "userDefinedDeliveryFilename" : "",
        "userDefinedDuplicateFilename" : "",
        "url" : "/opt/axway/b2bi/shared/common/data/in/Buzon",
        "@id" : "754503"
      } ]
    }, {
      "name" : "Salida",
      "deliveryMethod" : "DELIVER_TO_APPLICATION",
      "exchangePointId" : "754506",
      "exchangePoint" : null,
      "outputType" : null,
      "components" : null,
      "@id" : "2388006",
      "exchangePoint-defs" : [ {
        "@class" : "FileSystemProducer",
        "enabled" : true,
        "businessProtocol" : "Raw",
        "friendlyName" : "Salida",
        "backupMessages" : false,
        "maxConcurrentConnections" : 100,
        "inlineProcessors" : null,
        "inlinePostProcessors" : null,
        "schedule" : null,
        "retries" : 0,
        "useCustomRetryIntervals" : false,
        "customRetryIntervals" : null,
        "postProcessingScript" : null,
        "holdMessagesForPickup" : false,
        "directory" : "/opt/axway/b2bi/shared/common/data/in/Salida",
        "preserveFilenameMode" : "SEQUENCE",
        "preserveFilename" : true,
        "metadataHierarchy" : [ ],
        "userDefinedDeliveryFilename" : "",
        "userDefinedDuplicateFilename" : "",
        "url" : "/opt/axway/b2bi/shared/common/data/in/Salida",
        "@id" : "754506"
      } ]
    }, {
      "name" : "AUX",
      "deliveryMethod" : "DELIVER_TO_APPLICATION",
      "exchangePointId" : "754502",
      "exchangePoint" : null,
      "outputType" : null,
      "components" : null,
      "@id" : "2388007",
      "exchangePoint-defs" : [ {
        "@class" : "FileSystemProducer",
        "enabled" : true,
        "businessProtocol" : "Raw",
        "friendlyName" : "Aux",
        "backupMessages" : false,
        "maxConcurrentConnections" : 100,
        "inlineProcessors" : null,
        "inlinePostProcessors" : null,
        "schedule" : null,
        "retries" : 0,
        "useCustomRetryIntervals" : false,
        "customRetryIntervals" : null,
        "postProcessingScript" : null,
        "holdMessagesForPickup" : false,
        "directory" : "/opt/axway/b2bi/shared/common/data/in/aux",
        "preserveFilenameMode" : "SEQUENCE",
        "preserveFilename" : true,
        "metadataHierarchy" : [ ],
        "userDefinedDeliveryFilename" : "",
        "userDefinedDuplicateFilename" : "",
        "url" : "/opt/axway/b2bi/shared/common/data/in/aux",
        "@id" : "754502"
      } ]
    }, {
      "name" : "Backup",
      "deliveryMethod" : "DELIVER_TO_APPLICATION",
      "exchangePointId" : "754504",
      "exchangePoint" : null,
      "outputType" : null,
      "components" : null,
      "@id" : "2388008",
      "exchangePoint-defs" : [ {
        "@class" : "FileSystemProducer",
        "enabled" : true,
        "businessProtocol" : "Raw",
        "friendlyName" : "Salida_Backup",
        "backupMessages" : false,
        "maxConcurrentConnections" : 100,
        "inlineProcessors" : null,
        "inlinePostProcessors" : null,
        "schedule" : null,
        "retries" : 0,
        "useCustomRetryIntervals" : false,
        "customRetryIntervals" : null,
        "postProcessingScript" : null,
        "holdMessagesForPickup" : false,
        "directory" : "/opt/axway/b2bi/shared/common/data/in/Backup",
        "preserveFilenameMode" : "SEQUENCE",
        "preserveFilename" : true,
        "metadataHierarchy" : [ ],
        "userDefinedDeliveryFilename" : "",
        "userDefinedDuplicateFilename" : "",
        "url" : "/opt/axway/b2bi/shared/common/data/in/Backup",
        "@id" : "754504"
      } ]
    } ],
    "attribute-defs" : [ ]
  }, {
    "@class" : "MetadataDocumentService",
    "name" : "Service_E30_FT3",
    "deliveryMethod" : null,
    "enabled" : true,
    "exchangePointId" : null,
    "exchangePoint" : null,
    "componentId" : "1480005",
    "component" : null,
    "outputs" : null,
    "documentServiceAttributes" : null,
    "documentServiceAttributesTemplate" : null,
    "@id" : "1480505",
    "component-defs" : [ {
      "@class" : "ComponentBean",
      "resourceName" : "MAPSERVICE.Sinacofi_E30.E30_FT3",
      "resourceAbsFilePath" : "",
      "resourceType" : "3",
      "componentId" : "1446006",
      "processingStepEnabled" : true,
      "processingStepName" : "Component_E30_FT3",
      "processingStepType" : "Map",
      "processingStepAddOutput" : false,
      "configurations" : "null/1480505/configurations",
      "@id" : "1480005",
      "configuration-defs" : [ {
        "name" : "Input",
        "type" : "13",
        "description" : "Input format XML",
        "arguments" : null,
        "@id" : "1446553",
        "argument-defs" : [ {
          "name" : "Detector mode",
          "type" : "java.lang.Boolean",
          "notEqualTo" : null,
          "value" : null,
          "editable" : true,
          "@id" : "1447207"
        }, {
          "name" : "Check facet on input",
          "type" : "java.lang.Boolean",
          "notEqualTo" : null,
          "value" : null,
          "editable" : true,
          "@id" : "1447208"
        }, {
          "name" : "Check facet on output",
          "type" : "java.lang.Boolean",
          "notEqualTo" : null,
          "value" : null,
          "editable" : true,
          "@id" : "1447209"
        }, {
          "name" : "Accept input documents with errors",
          "type" : "java.lang.Boolean",
          "notEqualTo" : null,
          "value" : null,
          "editable" : true,
          "@id" : "1447210"
        }, {
          "name" : "Action when no output created by flow",
          "type" : "b2bx.server.EnumParameter",
          "notEqualTo" : null,
          "value" : "4",
          "editable" : false,
          "@id" : "1447211"
        }, {
          "name" : "Debug",
          "type" : "java.lang.Boolean",
          "notEqualTo" : null,
          "value" : null,
          "editable" : true,
          "@id" : "1447212"
        } ]
      }, {
        "name" : "Salida",
        "type" : "2",
        "description" : "Output parameters",
        "arguments" : null,
        "@id" : "1446554",
        "argument-defs" : [ {
          "name" : "Output Format",
          "type" : "b2bx.server.EnumParameter",
          "notEqualTo" : null,
          "value" : "0",
          "editable" : false,
          "@id" : "1447213"
        }, {
          "name" : "Accept output documents with errors",
          "type" : "java.lang.Boolean",
          "notEqualTo" : null,
          "value" : null,
          "editable" : true,
          "@id" : "1447214"
        }, {
          "name" : "Action when no output created",
          "type" : "b2bx.server.EnumParameter",
          "notEqualTo" : null,
          "value" : "2",
          "editable" : false,
          "@id" : "1447215"
        }, {
          "name" : "Version",
          "type" : "b2bx.server.EnumParameter",
          "notEqualTo" : null,
          "value" : "",
          "editable" : false,
          "@id" : "1447216"
        } ]
      }, {
        "name" : "AUX",
        "type" : "2",
        "description" : "Output parameters",
        "arguments" : null,
        "@id" : "1446555",
        "argument-defs" : [ {
          "name" : "Output Format",
          "type" : "b2bx.server.EnumParameter",
          "notEqualTo" : null,
          "value" : "0",
          "editable" : false,
          "@id" : "1447217"
        }, {
          "name" : "Accept output documents with errors",
          "type" : "java.lang.Boolean",
          "notEqualTo" : null,
          "value" : null,
          "editable" : true,
          "@id" : "1447218"
        }, {
          "name" : "Action when no output created",
          "type" : "b2bx.server.EnumParameter",
          "notEqualTo" : null,
          "value" : "2",
          "editable" : false,
          "@id" : "1447219"
        }, {
          "name" : "Version",
          "type" : "b2bx.server.EnumParameter",
          "notEqualTo" : null,
          "value" : "",
          "editable" : false,
          "@id" : "1447220"
        } ]
      }, {
        "name" : "Backup",
        "type" : "2",
        "description" : "Output parameters",
        "arguments" : null,
        "@id" : "1446556",
        "argument-defs" : [ {
          "name" : "Output Format",
          "type" : "b2bx.server.EnumParameter",
          "notEqualTo" : null,
          "value" : "0",
          "editable" : false,
          "@id" : "1447221"
        }, {
          "name" : "Accept output documents with errors",
          "type" : "java.lang.Boolean",
          "notEqualTo" : null,
          "value" : null,
          "editable" : true,
          "@id" : "1447222"
        }, {
          "name" : "Action when no output created",
          "type" : "b2bx.server.EnumParameter",
          "notEqualTo" : null,
          "value" : "2",
          "editable" : false,
          "@id" : "1447223"
        }, {
          "name" : "Version",
          "type" : "b2bx.server.EnumParameter",
          "notEqualTo" : null,
          "value" : "",
          "editable" : false,
          "@id" : "1447224"
        } ]
      }, {
        "name" : "Buzon",
        "type" : "2",
        "description" : "Output parameters",
        "arguments" : null,
        "@id" : "1446557",
        "argument-defs" : [ {
          "name" : "Output Format",
          "type" : "b2bx.server.EnumParameter",
          "notEqualTo" : null,
          "value" : "0",
          "editable" : false,
          "@id" : "1447225"
        }, {
          "name" : "Accept output documents with errors",
          "type" : "java.lang.Boolean",
          "notEqualTo" : null,
          "value" : null,
          "editable" : true,
          "@id" : "1447226"
        }, {
          "name" : "Action when no output created",
          "type" : "b2bx.server.EnumParameter",
          "notEqualTo" : null,
          "value" : "2",
          "editable" : false,
          "@id" : "1447227"
        }, {
          "name" : "Version",
          "type" : "b2bx.server.EnumParameter",
          "notEqualTo" : null,
          "value" : "",
          "editable" : false,
          "@id" : "1447228"
        } ]
      }, {
        "name" : "Channel",
        "type" : "9",
        "description" : "Connection parameters",
        "arguments" : null,
        "@id" : "1446558",
        "argument-defs" : [ {
          "name" : "Connection",
          "type" : "b2bx.server.LocalObjectParameter",
          "notEqualTo" : null,
          "value" : "Oracle_MFT",
          "editable" : false,
          "@id" : "1447229"
        } ]
      } ]
    } ],
    "output-defs" : [ {
      "name" : "Salida",
      "deliveryMethod" : "DELIVER_TO_APPLICATION",
      "exchangePointId" : "754506",
      "exchangePoint" : null,
      "outputType" : null,
      "components" : null,
      "@id" : "1481014",
      "exchangePoint-defs" : [ {
        "@class" : "FileSystemProducer",
        "enabled" : true,
        "businessProtocol" : "Raw",
        "friendlyName" : "Salida",
        "backupMessages" : false,
        "maxConcurrentConnections" : 100,
        "inlineProcessors" : null,
        "inlinePostProcessors" : null,
        "schedule" : null,
        "retries" : 0,
        "useCustomRetryIntervals" : false,
        "customRetryIntervals" : null,
        "postProcessingScript" : null,
        "holdMessagesForPickup" : false,
        "directory" : "/opt/axway/b2bi/shared/common/data/in/Salida",
        "preserveFilenameMode" : "SEQUENCE",
        "preserveFilename" : true,
        "metadataHierarchy" : [ ],
        "userDefinedDeliveryFilename" : "",
        "userDefinedDuplicateFilename" : "",
        "url" : "/opt/axway/b2bi/shared/common/data/in/Salida",
        "@id" : "754506"
      } ]
    }, {
      "name" : "AUX",
      "deliveryMethod" : "DELIVER_TO_APPLICATION",
      "exchangePointId" : "754502",
      "exchangePoint" : null,
      "outputType" : null,
      "components" : null,
      "@id" : "1481015",
      "exchangePoint-defs" : [ {
        "@class" : "FileSystemProducer",
        "enabled" : true,
        "businessProtocol" : "Raw",
        "friendlyName" : "Aux",
        "backupMessages" : false,
        "maxConcurrentConnections" : 100,
        "inlineProcessors" : null,
        "inlinePostProcessors" : null,
        "schedule" : null,
        "retries" : 0,
        "useCustomRetryIntervals" : false,
        "customRetryIntervals" : null,
        "postProcessingScript" : null,
        "holdMessagesForPickup" : false,
        "directory" : "/opt/axway/b2bi/shared/common/data/in/aux",
        "preserveFilenameMode" : "SEQUENCE",
        "preserveFilename" : true,
        "metadataHierarchy" : [ ],
        "userDefinedDeliveryFilename" : "",
        "userDefinedDuplicateFilename" : "",
        "url" : "/opt/axway/b2bi/shared/common/data/in/aux",
        "@id" : "754502"
      } ]
    }, {
      "name" : "Backup",
      "deliveryMethod" : "DELIVER_TO_APPLICATION",
      "exchangePointId" : "754504",
      "exchangePoint" : null,
      "outputType" : null,
      "components" : null,
      "@id" : "1481016",
      "exchangePoint-defs" : [ {
        "@class" : "FileSystemProducer",
        "enabled" : true,
        "businessProtocol" : "Raw",
        "friendlyName" : "Salida_Backup",
        "backupMessages" : false,
        "maxConcurrentConnections" : 100,
        "inlineProcessors" : null,
        "inlinePostProcessors" : null,
        "schedule" : null,
        "retries" : 0,
        "useCustomRetryIntervals" : false,
        "customRetryIntervals" : null,
        "postProcessingScript" : null,
        "holdMessagesForPickup" : false,
        "directory" : "/opt/axway/b2bi/shared/common/data/in/Backup",
        "preserveFilenameMode" : "SEQUENCE",
        "preserveFilename" : true,
        "metadataHierarchy" : [ ],
        "userDefinedDeliveryFilename" : "",
        "userDefinedDuplicateFilename" : "",
        "url" : "/opt/axway/b2bi/shared/common/data/in/Backup",
        "@id" : "754504"
      } ]
    }, {
      "name" : "Buzon",
      "deliveryMethod" : "DELIVER_TO_APPLICATION",
      "exchangePointId" : "754503",
      "exchangePoint" : null,
      "outputType" : null,
      "components" : null,
      "@id" : "1481017",
      "exchangePoint-defs" : [ {
        "@class" : "FileSystemProducer",
        "enabled" : true,
        "businessProtocol" : "Raw",
        "friendlyName" : "Salida_Buzon",
        "backupMessages" : false,
        "maxConcurrentConnections" : 100,
        "inlineProcessors" : null,
        "inlinePostProcessors" : null,
        "schedule" : null,
        "retries" : 0,
        "useCustomRetryIntervals" : false,
        "customRetryIntervals" : null,
        "postProcessingScript" : null,
        "holdMessagesForPickup" : false,
        "directory" : "/opt/axway/b2bi/shared/common/data/in/Buzon",
        "preserveFilenameMode" : "SEQUENCE",
        "preserveFilename" : true,
        "metadataHierarchy" : [ ],
        "userDefinedDeliveryFilename" : "",
        "userDefinedDuplicateFilename" : "",
        "url" : "/opt/axway/b2bi/shared/common/data/in/Buzon",
        "@id" : "754503"
      } ]
    } ],
    "attribute-defs" : [ ]
  }, {
    "@class" : "MetadataDocumentService",
    "name" : "Service_I01_FT3",
    "deliveryMethod" : null,
    "enabled" : true,
    "exchangePointId" : null,
    "exchangePoint" : null,
    "componentId" : "776052",
    "component" : null,
    "outputs" : null,
    "documentServiceAttributes" : null,
    "documentServiceAttributesTemplate" : null,
    "@id" : "779530",
    "component-defs" : [ {
      "@class" : "ComponentBean",
      "resourceName" : "MAPSERVICE.Sinacofi_I01.I01_FT3",
      "resourceAbsFilePath" : "",
      "resourceType" : "3",
      "componentId" : "776552",
      "processingStepEnabled" : true,
      "processingStepName" : "Component_I01_FT3",
      "processingStepType" : "Map",
      "processingStepAddOutput" : false,
      "configurations" : "null/779530/configurations",
      "@id" : "776052",
      "configuration-defs" : [ {
        "name" : "Input",
        "type" : "13",
        "description" : "Input format XML",
        "arguments" : null,
        "@id" : "780659",
        "argument-defs" : [ {
          "name" : "Detector mode",
          "type" : "java.lang.Boolean",
          "notEqualTo" : null,
          "value" : null,
          "editable" : true,
          "@id" : "781555"
        }, {
          "name" : "Check facet on input",
          "type" : "java.lang.Boolean",
          "notEqualTo" : null,
          "value" : null,
          "editable" : true,
          "@id" : "781556"
        }, {
          "name" : "Check facet on output",
          "type" : "java.lang.Boolean",
          "notEqualTo" : null,
          "value" : null,
          "editable" : true,
          "@id" : "781557"
        }, {
          "name" : "Accept input documents with errors",
          "type" : "java.lang.Boolean",
          "notEqualTo" : null,
          "value" : null,
          "editable" : true,
          "@id" : "781558"
        }, {
          "name" : "Action when no output created by flow",
          "type" : "b2bx.server.EnumParameter",
          "notEqualTo" : null,
          "value" : "4",
          "editable" : false,
          "@id" : "781559"
        }, {
          "name" : "Debug",
          "type" : "java.lang.Boolean",
          "notEqualTo" : null,
          "value" : null,
          "editable" : true,
          "@id" : "781560"
        } ]
      }, {
        "name" : "Backup",
        "type" : "2",
        "description" : "Output parameters",
        "arguments" : null,
        "@id" : "780660",
        "argument-defs" : [ {
          "name" : "Output Format",
          "type" : "b2bx.server.EnumParameter",
          "notEqualTo" : null,
          "value" : "0",
          "editable" : false,
          "@id" : "781561"
        }, {
          "name" : "Accept output documents with errors",
          "type" : "java.lang.Boolean",
          "notEqualTo" : null,
          "value" : null,
          "editable" : true,
          "@id" : "781562"
        }, {
          "name" : "Action when no output created",
          "type" : "b2bx.server.EnumParameter",
          "notEqualTo" : null,
          "value" : "2",
          "editable" : false,
          "@id" : "781563"
        }, {
          "name" : "Version",
          "type" : "b2bx.server.EnumParameter",
          "notEqualTo" : null,
          "value" : "",
          "editable" : false,
          "@id" : "781564"
        } ]
      }, {
        "name" : "Buzon",
        "type" : "2",
        "description" : "Output parameters",
        "arguments" : null,
        "@id" : "780661",
        "argument-defs" : [ {
          "name" : "Output Format",
          "type" : "b2bx.server.EnumParameter",
          "notEqualTo" : null,
          "value" : "0",
          "editable" : false,
          "@id" : "781565"
        }, {
          "name" : "Accept output documents with errors",
          "type" : "java.lang.Boolean",
          "notEqualTo" : null,
          "value" : null,
          "editable" : true,
          "@id" : "781566"
        }, {
          "name" : "Action when no output created",
          "type" : "b2bx.server.EnumParameter",
          "notEqualTo" : null,
          "value" : "2",
          "editable" : false,
          "@id" : "781567"
        }, {
          "name" : "Version",
          "type" : "b2bx.server.EnumParameter",
          "notEqualTo" : null,
          "value" : "",
          "editable" : false,
          "@id" : "781568"
        } ]
      }, {
        "name" : "AUX",
        "type" : "2",
        "description" : "Output parameters",
        "arguments" : null,
        "@id" : "780662",
        "argument-defs" : [ {
          "name" : "Output Format",
          "type" : "b2bx.server.EnumParameter",
          "notEqualTo" : null,
          "value" : "0",
          "editable" : false,
          "@id" : "781569"
        }, {
          "name" : "Accept output documents with errors",
          "type" : "java.lang.Boolean",
          "notEqualTo" : null,
          "value" : null,
          "editable" : true,
          "@id" : "781570"
        }, {
          "name" : "Action when no output created",
          "type" : "b2bx.server.EnumParameter",
          "notEqualTo" : null,
          "value" : "2",
          "editable" : false,
          "@id" : "781571"
        }, {
          "name" : "Version",
          "type" : "b2bx.server.EnumParameter",
          "notEqualTo" : null,
          "value" : "",
          "editable" : false,
          "@id" : "781572"
        } ]
      }, {
        "name" : "Salida",
        "type" : "2",
        "description" : "Output parameters",
        "arguments" : null,
        "@id" : "780663",
        "argument-defs" : [ {
          "name" : "Output Format",
          "type" : "b2bx.server.EnumParameter",
          "notEqualTo" : null,
          "value" : "0",
          "editable" : false,
          "@id" : "781573"
        }, {
          "name" : "Accept output documents with errors",
          "type" : "java.lang.Boolean",
          "notEqualTo" : null,
          "value" : null,
          "editable" : true,
          "@id" : "781574"
        }, {
          "name" : "Action when no output created",
          "type" : "b2bx.server.EnumParameter",
          "notEqualTo" : null,
          "value" : "2",
          "editable" : false,
          "@id" : "781575"
        }, {
          "name" : "Version",
          "type" : "b2bx.server.EnumParameter",
          "notEqualTo" : null,
          "value" : "",
          "editable" : false,
          "@id" : "781576"
        } ]
      }, {
        "name" : "Channel",
        "type" : "9",
        "description" : "Connection parameters",
        "arguments" : null,
        "@id" : "780664",
        "argument-defs" : [ {
          "name" : "Connection",
          "type" : "b2bx.server.LocalObjectParameter",
          "notEqualTo" : null,
          "value" : "Oracle_MFT",
          "editable" : false,
          "@id" : "781577"
        } ]
      } ]
    } ],
    "output-defs" : [ {
      "name" : "Backup",
      "deliveryMethod" : "DELIVER_TO_APPLICATION",
      "exchangePointId" : "754504",
      "exchangePoint" : null,
      "outputType" : "",
      "components" : null,
      "@id" : "780113",
      "exchangePoint-defs" : [ {
        "@class" : "FileSystemProducer",
        "enabled" : true,
        "businessProtocol" : "Raw",
        "friendlyName" : "Salida_Backup",
        "backupMessages" : false,
        "maxConcurrentConnections" : 100,
        "inlineProcessors" : null,
        "inlinePostProcessors" : null,
        "schedule" : null,
        "retries" : 0,
        "useCustomRetryIntervals" : false,
        "customRetryIntervals" : null,
        "postProcessingScript" : null,
        "holdMessagesForPickup" : false,
        "directory" : "/opt/axway/b2bi/shared/common/data/in/Backup",
        "preserveFilenameMode" : "SEQUENCE",
        "preserveFilename" : true,
        "metadataHierarchy" : [ ],
        "userDefinedDeliveryFilename" : "",
        "userDefinedDuplicateFilename" : "",
        "url" : "/opt/axway/b2bi/shared/common/data/in/Backup",
        "@id" : "754504"
      } ]
    }, {
      "name" : "Buzon",
      "deliveryMethod" : "DELIVER_TO_APPLICATION",
      "exchangePointId" : "754503",
      "exchangePoint" : null,
      "outputType" : "",
      "components" : null,
      "@id" : "780114",
      "exchangePoint-defs" : [ {
        "@class" : "FileSystemProducer",
        "enabled" : true,
        "businessProtocol" : "Raw",
        "friendlyName" : "Salida_Buzon",
        "backupMessages" : false,
        "maxConcurrentConnections" : 100,
        "inlineProcessors" : null,
        "inlinePostProcessors" : null,
        "schedule" : null,
        "retries" : 0,
        "useCustomRetryIntervals" : false,
        "customRetryIntervals" : null,
        "postProcessingScript" : null,
        "holdMessagesForPickup" : false,
        "directory" : "/opt/axway/b2bi/shared/common/data/in/Buzon",
        "preserveFilenameMode" : "SEQUENCE",
        "preserveFilename" : true,
        "metadataHierarchy" : [ ],
        "userDefinedDeliveryFilename" : "",
        "userDefinedDuplicateFilename" : "",
        "url" : "/opt/axway/b2bi/shared/common/data/in/Buzon",
        "@id" : "754503"
      } ]
    }, {
      "name" : "AUX",
      "deliveryMethod" : "DELIVER_TO_APPLICATION",
      "exchangePointId" : "754502",
      "exchangePoint" : null,
      "outputType" : "",
      "components" : null,
      "@id" : "780115",
      "exchangePoint-defs" : [ {
        "@class" : "FileSystemProducer",
        "enabled" : true,
        "businessProtocol" : "Raw",
        "friendlyName" : "Aux",
        "backupMessages" : false,
        "maxConcurrentConnections" : 100,
        "inlineProcessors" : null,
        "inlinePostProcessors" : null,
        "schedule" : null,
        "retries" : 0,
        "useCustomRetryIntervals" : false,
        "customRetryIntervals" : null,
        "postProcessingScript" : null,
        "holdMessagesForPickup" : false,
        "directory" : "/opt/axway/b2bi/shared/common/data/in/aux",
        "preserveFilenameMode" : "SEQUENCE",
        "preserveFilename" : true,
        "metadataHierarchy" : [ ],
        "userDefinedDeliveryFilename" : "",
        "userDefinedDuplicateFilename" : "",
        "url" : "/opt/axway/b2bi/shared/common/data/in/aux",
        "@id" : "754502"
      } ]
    }, {
      "name" : "Salida",
      "deliveryMethod" : "DELIVER_TO_APPLICATION",
      "exchangePointId" : "754506",
      "exchangePoint" : null,
      "outputType" : "",
      "components" : null,
      "@id" : "780116",
      "exchangePoint-defs" : [ {
        "@class" : "FileSystemProducer",
        "enabled" : true,
        "businessProtocol" : "Raw",
        "friendlyName" : "Salida",
        "backupMessages" : false,
        "maxConcurrentConnections" : 100,
        "inlineProcessors" : null,
        "inlinePostProcessors" : null,
        "schedule" : null,
        "retries" : 0,
        "useCustomRetryIntervals" : false,
        "customRetryIntervals" : null,
        "postProcessingScript" : null,
        "holdMessagesForPickup" : false,
        "directory" : "/opt/axway/b2bi/shared/common/data/in/Salida",
        "preserveFilenameMode" : "SEQUENCE",
        "preserveFilename" : true,
        "metadataHierarchy" : [ ],
        "userDefinedDeliveryFilename" : "",
        "userDefinedDuplicateFilename" : "",
        "url" : "/opt/axway/b2bi/shared/common/data/in/Salida",
        "@id" : "754506"
      } ]
    } ],
    "attribute-defs" : [ ]
  }, {
    "@class" : "MetadataDocumentService",
    "name" : "Service_I03_FT3",
    "deliveryMethod" : null,
    "enabled" : true,
    "exchangePointId" : null,
    "exchangePoint" : null,
    "componentId" : "776075",
    "component" : null,
    "outputs" : null,
    "documentServiceAttributes" : null,
    "documentServiceAttributesTemplate" : null,
    "@id" : "779531",
    "component-defs" : [ {
      "@class" : "ComponentBean",
      "resourceName" : "MAPSERVICE.Sinacofi_I03.I03_FT3",
      "resourceAbsFilePath" : "",
      "resourceType" : "3",
      "componentId" : "776575",
      "processingStepEnabled" : true,
      "processingStepName" : "Component_I03_FT3",
      "processingStepType" : "Map",
      "processingStepAddOutput" : false,
      "configurations" : "null/779531/configurations",
      "@id" : "776075",
      "configuration-defs" : [ {
        "name" : "Input",
        "type" : "13",
        "description" : "Input format XML",
        "arguments" : null,
        "@id" : "780665",
        "argument-defs" : [ {
          "name" : "Detector mode",
          "type" : "java.lang.Boolean",
          "notEqualTo" : null,
          "value" : null,
          "editable" : true,
          "@id" : "781578"
        }, {
          "name" : "Check facet on input",
          "type" : "java.lang.Boolean",
          "notEqualTo" : null,
          "value" : null,
          "editable" : true,
          "@id" : "781579"
        }, {
          "name" : "Check facet on output",
          "type" : "java.lang.Boolean",
          "notEqualTo" : null,
          "value" : null,
          "editable" : true,
          "@id" : "781580"
        }, {
          "name" : "Accept input documents with errors",
          "type" : "java.lang.Boolean",
          "notEqualTo" : null,
          "value" : null,
          "editable" : true,
          "@id" : "781581"
        }, {
          "name" : "Action when no output created by flow",
          "type" : "b2bx.server.EnumParameter",
          "notEqualTo" : null,
          "value" : "4",
          "editable" : false,
          "@id" : "781582"
        }, {
          "name" : "Debug",
          "type" : "java.lang.Boolean",
          "notEqualTo" : null,
          "value" : null,
          "editable" : true,
          "@id" : "781583"
        } ]
      }, {
        "name" : "AUX",
        "type" : "2",
        "description" : "Output parameters",
        "arguments" : null,
        "@id" : "780666",
        "argument-defs" : [ {
          "name" : "Output Format",
          "type" : "b2bx.server.EnumParameter",
          "notEqualTo" : null,
          "value" : "0",
          "editable" : false,
          "@id" : "781584"
        }, {
          "name" : "Accept output documents with errors",
          "type" : "java.lang.Boolean",
          "notEqualTo" : null,
          "value" : null,
          "editable" : true,
          "@id" : "781585"
        }, {
          "name" : "Action when no output created",
          "type" : "b2bx.server.EnumParameter",
          "notEqualTo" : null,
          "value" : "2",
          "editable" : false,
          "@id" : "781586"
        }, {
          "name" : "Version",
          "type" : "b2bx.server.EnumParameter",
          "notEqualTo" : null,
          "value" : "",
          "editable" : false,
          "@id" : "781587"
        } ]
      }, {
        "name" : "Salida",
        "type" : "2",
        "description" : "Output parameters",
        "arguments" : null,
        "@id" : "780667",
        "argument-defs" : [ {
          "name" : "Output Format",
          "type" : "b2bx.server.EnumParameter",
          "notEqualTo" : null,
          "value" : "0",
          "editable" : false,
          "@id" : "781588"
        }, {
          "name" : "Accept output documents with errors",
          "type" : "java.lang.Boolean",
          "notEqualTo" : null,
          "value" : null,
          "editable" : true,
          "@id" : "781589"
        }, {
          "name" : "Action when no output created",
          "type" : "b2bx.server.EnumParameter",
          "notEqualTo" : null,
          "value" : "2",
          "editable" : false,
          "@id" : "781590"
        }, {
          "name" : "Version",
          "type" : "b2bx.server.EnumParameter",
          "notEqualTo" : null,
          "value" : "",
          "editable" : false,
          "@id" : "781591"
        } ]
      }, {
        "name" : "Backup",
        "type" : "2",
        "description" : "Output parameters",
        "arguments" : null,
        "@id" : "780668",
        "argument-defs" : [ {
          "name" : "Output Format",
          "type" : "b2bx.server.EnumParameter",
          "notEqualTo" : null,
          "value" : "0",
          "editable" : false,
          "@id" : "781592"
        }, {
          "name" : "Accept output documents with errors",
          "type" : "java.lang.Boolean",
          "notEqualTo" : null,
          "value" : null,
          "editable" : true,
          "@id" : "781593"
        }, {
          "name" : "Action when no output created",
          "type" : "b2bx.server.EnumParameter",
          "notEqualTo" : null,
          "value" : "2",
          "editable" : false,
          "@id" : "781594"
        }, {
          "name" : "Version",
          "type" : "b2bx.server.EnumParameter",
          "notEqualTo" : null,
          "value" : "",
          "editable" : false,
          "@id" : "781595"
        } ]
      }, {
        "name" : "Buzon",
        "type" : "2",
        "description" : "Output parameters",
        "arguments" : null,
        "@id" : "780669",
        "argument-defs" : [ {
          "name" : "Output Format",
          "type" : "b2bx.server.EnumParameter",
          "notEqualTo" : null,
          "value" : "0",
          "editable" : false,
          "@id" : "781596"
        }, {
          "name" : "Accept output documents with errors",
          "type" : "java.lang.Boolean",
          "notEqualTo" : null,
          "value" : null,
          "editable" : true,
          "@id" : "781597"
        }, {
          "name" : "Action when no output created",
          "type" : "b2bx.server.EnumParameter",
          "notEqualTo" : null,
          "value" : "2",
          "editable" : false,
          "@id" : "781598"
        }, {
          "name" : "Version",
          "type" : "b2bx.server.EnumParameter",
          "notEqualTo" : null,
          "value" : "",
          "editable" : false,
          "@id" : "781599"
        } ]
      }, {
        "name" : "Channel",
        "type" : "9",
        "description" : "Connection parameters",
        "arguments" : null,
        "@id" : "780670",
        "argument-defs" : [ {
          "name" : "Connection",
          "type" : "b2bx.server.LocalObjectParameter",
          "notEqualTo" : null,
          "value" : "Oracle_MFT",
          "editable" : false,
          "@id" : "781600"
        } ]
      } ]
    } ],
    "output-defs" : [ {
      "name" : "AUX",
      "deliveryMethod" : "DELIVER_TO_APPLICATION",
      "exchangePointId" : "754502",
      "exchangePoint" : null,
      "outputType" : "",
      "components" : null,
      "@id" : "780117",
      "exchangePoint-defs" : [ {
        "@class" : "FileSystemProducer",
        "enabled" : true,
        "businessProtocol" : "Raw",
        "friendlyName" : "Aux",
        "backupMessages" : false,
        "maxConcurrentConnections" : 100,
        "inlineProcessors" : null,
        "inlinePostProcessors" : null,
        "schedule" : null,
        "retries" : 0,
        "useCustomRetryIntervals" : false,
        "customRetryIntervals" : null,
        "postProcessingScript" : null,
        "holdMessagesForPickup" : false,
        "directory" : "/opt/axway/b2bi/shared/common/data/in/aux",
        "preserveFilenameMode" : "SEQUENCE",
        "preserveFilename" : true,
        "metadataHierarchy" : [ ],
        "userDefinedDeliveryFilename" : "",
        "userDefinedDuplicateFilename" : "",
        "url" : "/opt/axway/b2bi/shared/common/data/in/aux",
        "@id" : "754502"
      } ]
    }, {
      "name" : "Salida",
      "deliveryMethod" : "DELIVER_TO_APPLICATION",
      "exchangePointId" : "754506",
      "exchangePoint" : null,
      "outputType" : "",
      "components" : null,
      "@id" : "780118",
      "exchangePoint-defs" : [ {
        "@class" : "FileSystemProducer",
        "enabled" : true,
        "businessProtocol" : "Raw",
        "friendlyName" : "Salida",
        "backupMessages" : false,
        "maxConcurrentConnections" : 100,
        "inlineProcessors" : null,
        "inlinePostProcessors" : null,
        "schedule" : null,
        "retries" : 0,
        "useCustomRetryIntervals" : false,
        "customRetryIntervals" : null,
        "postProcessingScript" : null,
        "holdMessagesForPickup" : false,
        "directory" : "/opt/axway/b2bi/shared/common/data/in/Salida",
        "preserveFilenameMode" : "SEQUENCE",
        "preserveFilename" : true,
        "metadataHierarchy" : [ ],
        "userDefinedDeliveryFilename" : "",
        "userDefinedDuplicateFilename" : "",
        "url" : "/opt/axway/b2bi/shared/common/data/in/Salida",
        "@id" : "754506"
      } ]
    }, {
      "name" : "Backup",
      "deliveryMethod" : "DELIVER_TO_APPLICATION",
      "exchangePointId" : "754504",
      "exchangePoint" : null,
      "outputType" : "",
      "components" : null,
      "@id" : "780119",
      "exchangePoint-defs" : [ {
        "@class" : "FileSystemProducer",
        "enabled" : true,
        "businessProtocol" : "Raw",
        "friendlyName" : "Salida_Backup",
        "backupMessages" : false,
        "maxConcurrentConnections" : 100,
        "inlineProcessors" : null,
        "inlinePostProcessors" : null,
        "schedule" : null,
        "retries" : 0,
        "useCustomRetryIntervals" : false,
        "customRetryIntervals" : null,
        "postProcessingScript" : null,
        "holdMessagesForPickup" : false,
        "directory" : "/opt/axway/b2bi/shared/common/data/in/Backup",
        "preserveFilenameMode" : "SEQUENCE",
        "preserveFilename" : true,
        "metadataHierarchy" : [ ],
        "userDefinedDeliveryFilename" : "",
        "userDefinedDuplicateFilename" : "",
        "url" : "/opt/axway/b2bi/shared/common/data/in/Backup",
        "@id" : "754504"
      } ]
    }, {
      "name" : "Buzon",
      "deliveryMethod" : "DELIVER_TO_APPLICATION",
      "exchangePointId" : "754503",
      "exchangePoint" : null,
      "outputType" : "",
      "components" : null,
      "@id" : "780120",
      "exchangePoint-defs" : [ {
        "@class" : "FileSystemProducer",
        "enabled" : true,
        "businessProtocol" : "Raw",
        "friendlyName" : "Salida_Buzon",
        "backupMessages" : false,
        "maxConcurrentConnections" : 100,
        "inlineProcessors" : null,
        "inlinePostProcessors" : null,
        "schedule" : null,
        "retries" : 0,
        "useCustomRetryIntervals" : false,
        "customRetryIntervals" : null,
        "postProcessingScript" : null,
        "holdMessagesForPickup" : false,
        "directory" : "/opt/axway/b2bi/shared/common/data/in/Buzon",
        "preserveFilenameMode" : "SEQUENCE",
        "preserveFilename" : true,
        "metadataHierarchy" : [ ],
        "userDefinedDeliveryFilename" : "",
        "userDefinedDuplicateFilename" : "",
        "url" : "/opt/axway/b2bi/shared/common/data/in/Buzon",
        "@id" : "754503"
      } ]
    } ],
    "attribute-defs" : [ ]
  }, {
    "@class" : "MetadataDocumentService",
    "name" : "Service_I05_FT3",
    "deliveryMethod" : null,
    "enabled" : true,
    "exchangePointId" : null,
    "exchangePoint" : null,
    "componentId" : "776051",
    "component" : null,
    "outputs" : null,
    "documentServiceAttributes" : null,
    "documentServiceAttributesTemplate" : null,
    "@id" : "779532",
    "component-defs" : [ {
      "@class" : "ComponentBean",
      "resourceName" : "MAPSERVICE.Sinacofi_I05.I05_FT3",
      "resourceAbsFilePath" : "",
      "resourceType" : "3",
      "componentId" : "776551",
      "processingStepEnabled" : true,
      "processingStepName" : "Component_I05_FT3",
      "processingStepType" : "Map",
      "processingStepAddOutput" : false,
      "configurations" : "null/779532/configurations",
      "@id" : "776051",
      "configuration-defs" : [ {
        "name" : "Input",
        "type" : "13",
        "description" : "Input format XML",
        "arguments" : null,
        "@id" : "780671",
        "argument-defs" : [ {
          "name" : "Detector mode",
          "type" : "java.lang.Boolean",
          "notEqualTo" : null,
          "value" : null,
          "editable" : true,
          "@id" : "781601"
        }, {
          "name" : "Check facet on input",
          "type" : "java.lang.Boolean",
          "notEqualTo" : null,
          "value" : null,
          "editable" : true,
          "@id" : "781602"
        }, {
          "name" : "Check facet on output",
          "type" : "java.lang.Boolean",
          "notEqualTo" : null,
          "value" : null,
          "editable" : true,
          "@id" : "781603"
        }, {
          "name" : "Accept input documents with errors",
          "type" : "java.lang.Boolean",
          "notEqualTo" : null,
          "value" : null,
          "editable" : true,
          "@id" : "781604"
        }, {
          "name" : "Action when no output created by flow",
          "type" : "b2bx.server.EnumParameter",
          "notEqualTo" : null,
          "value" : "4",
          "editable" : false,
          "@id" : "781605"
        }, {
          "name" : "Debug",
          "type" : "java.lang.Boolean",
          "notEqualTo" : null,
          "value" : null,
          "editable" : true,
          "@id" : "781606"
        } ]
      }, {
        "name" : "Salida",
        "type" : "2",
        "description" : "Output parameters",
        "arguments" : null,
        "@id" : "780672",
        "argument-defs" : [ {
          "name" : "Output Format",
          "type" : "b2bx.server.EnumParameter",
          "notEqualTo" : null,
          "value" : "0",
          "editable" : false,
          "@id" : "781607"
        }, {
          "name" : "Accept output documents with errors",
          "type" : "java.lang.Boolean",
          "notEqualTo" : null,
          "value" : null,
          "editable" : true,
          "@id" : "781608"
        }, {
          "name" : "Action when no output created",
          "type" : "b2bx.server.EnumParameter",
          "notEqualTo" : null,
          "value" : "2",
          "editable" : false,
          "@id" : "781609"
        }, {
          "name" : "Version",
          "type" : "b2bx.server.EnumParameter",
          "notEqualTo" : null,
          "value" : "",
          "editable" : false,
          "@id" : "781610"
        } ]
      }, {
        "name" : "Backup",
        "type" : "2",
        "description" : "Output parameters",
        "arguments" : null,
        "@id" : "780673",
        "argument-defs" : [ {
          "name" : "Output Format",
          "type" : "b2bx.server.EnumParameter",
          "notEqualTo" : null,
          "value" : "0",
          "editable" : false,
          "@id" : "781611"
        }, {
          "name" : "Accept output documents with errors",
          "type" : "java.lang.Boolean",
          "notEqualTo" : null,
          "value" : null,
          "editable" : true,
          "@id" : "781612"
        }, {
          "name" : "Action when no output created",
          "type" : "b2bx.server.EnumParameter",
          "notEqualTo" : null,
          "value" : "2",
          "editable" : false,
          "@id" : "781613"
        }, {
          "name" : "Version",
          "type" : "b2bx.server.EnumParameter",
          "notEqualTo" : null,
          "value" : "",
          "editable" : false,
          "@id" : "781614"
        } ]
      }, {
        "name" : "AUX",
        "type" : "2",
        "description" : "Output parameters",
        "arguments" : null,
        "@id" : "780674",
        "argument-defs" : [ {
          "name" : "Output Format",
          "type" : "b2bx.server.EnumParameter",
          "notEqualTo" : null,
          "value" : "0",
          "editable" : false,
          "@id" : "781615"
        }, {
          "name" : "Accept output documents with errors",
          "type" : "java.lang.Boolean",
          "notEqualTo" : null,
          "value" : null,
          "editable" : true,
          "@id" : "781616"
        }, {
          "name" : "Action when no output created",
          "type" : "b2bx.server.EnumParameter",
          "notEqualTo" : null,
          "value" : "2",
          "editable" : false,
          "@id" : "781617"
        }, {
          "name" : "Version",
          "type" : "b2bx.server.EnumParameter",
          "notEqualTo" : null,
          "value" : "",
          "editable" : false,
          "@id" : "781618"
        } ]
      }, {
        "name" : "Buzon",
        "type" : "2",
        "description" : "Output parameters",
        "arguments" : null,
        "@id" : "780675",
        "argument-defs" : [ {
          "name" : "Output Format",
          "type" : "b2bx.server.EnumParameter",
          "notEqualTo" : null,
          "value" : "0",
          "editable" : false,
          "@id" : "781619"
        }, {
          "name" : "Accept output documents with errors",
          "type" : "java.lang.Boolean",
          "notEqualTo" : null,
          "value" : null,
          "editable" : true,
          "@id" : "781620"
        }, {
          "name" : "Action when no output created",
          "type" : "b2bx.server.EnumParameter",
          "notEqualTo" : null,
          "value" : "2",
          "editable" : false,
          "@id" : "781621"
        }, {
          "name" : "Version",
          "type" : "b2bx.server.EnumParameter",
          "notEqualTo" : null,
          "value" : "",
          "editable" : false,
          "@id" : "781622"
        } ]
      }, {
        "name" : "Channel",
        "type" : "9",
        "description" : "Connection parameters",
        "arguments" : null,
        "@id" : "780676",
        "argument-defs" : [ {
          "name" : "Connection",
          "type" : "b2bx.server.LocalObjectParameter",
          "notEqualTo" : null,
          "value" : "Oracle_MFT",
          "editable" : false,
          "@id" : "781623"
        } ]
      } ]
    } ],
    "output-defs" : [ {
      "name" : "Salida",
      "deliveryMethod" : "DELIVER_TO_APPLICATION",
      "exchangePointId" : "754506",
      "exchangePoint" : null,
      "outputType" : "",
      "components" : null,
      "@id" : "780121",
      "exchangePoint-defs" : [ {
        "@class" : "FileSystemProducer",
        "enabled" : true,
        "businessProtocol" : "Raw",
        "friendlyName" : "Salida",
        "backupMessages" : false,
        "maxConcurrentConnections" : 100,
        "inlineProcessors" : null,
        "inlinePostProcessors" : null,
        "schedule" : null,
        "retries" : 0,
        "useCustomRetryIntervals" : false,
        "customRetryIntervals" : null,
        "postProcessingScript" : null,
        "holdMessagesForPickup" : false,
        "directory" : "/opt/axway/b2bi/shared/common/data/in/Salida",
        "preserveFilenameMode" : "SEQUENCE",
        "preserveFilename" : true,
        "metadataHierarchy" : [ ],
        "userDefinedDeliveryFilename" : "",
        "userDefinedDuplicateFilename" : "",
        "url" : "/opt/axway/b2bi/shared/common/data/in/Salida",
        "@id" : "754506"
      } ]
    }, {
      "name" : "Backup",
      "deliveryMethod" : "DELIVER_TO_APPLICATION",
      "exchangePointId" : "754504",
      "exchangePoint" : null,
      "outputType" : "",
      "components" : null,
      "@id" : "780122",
      "exchangePoint-defs" : [ {
        "@class" : "FileSystemProducer",
        "enabled" : true,
        "businessProtocol" : "Raw",
        "friendlyName" : "Salida_Backup",
        "backupMessages" : false,
        "maxConcurrentConnections" : 100,
        "inlineProcessors" : null,
        "inlinePostProcessors" : null,
        "schedule" : null,
        "retries" : 0,
        "useCustomRetryIntervals" : false,
        "customRetryIntervals" : null,
        "postProcessingScript" : null,
        "holdMessagesForPickup" : false,
        "directory" : "/opt/axway/b2bi/shared/common/data/in/Backup",
        "preserveFilenameMode" : "SEQUENCE",
        "preserveFilename" : true,
        "metadataHierarchy" : [ ],
        "userDefinedDeliveryFilename" : "",
        "userDefinedDuplicateFilename" : "",
        "url" : "/opt/axway/b2bi/shared/common/data/in/Backup",
        "@id" : "754504"
      } ]
    }, {
      "name" : "AUX",
      "deliveryMethod" : "DELIVER_TO_APPLICATION",
      "exchangePointId" : "754502",
      "exchangePoint" : null,
      "outputType" : "",
      "components" : null,
      "@id" : "780123",
      "exchangePoint-defs" : [ {
        "@class" : "FileSystemProducer",
        "enabled" : true,
        "businessProtocol" : "Raw",
        "friendlyName" : "Aux",
        "backupMessages" : false,
        "maxConcurrentConnections" : 100,
        "inlineProcessors" : null,
        "inlinePostProcessors" : null,
        "schedule" : null,
        "retries" : 0,
        "useCustomRetryIntervals" : false,
        "customRetryIntervals" : null,
        "postProcessingScript" : null,
        "holdMessagesForPickup" : false,
        "directory" : "/opt/axway/b2bi/shared/common/data/in/aux",
        "preserveFilenameMode" : "SEQUENCE",
        "preserveFilename" : true,
        "metadataHierarchy" : [ ],
        "userDefinedDeliveryFilename" : "",
        "userDefinedDuplicateFilename" : "",
        "url" : "/opt/axway/b2bi/shared/common/data/in/aux",
        "@id" : "754502"
      } ]
    }, {
      "name" : "Buzon",
      "deliveryMethod" : "DELIVER_TO_APPLICATION",
      "exchangePointId" : "754503",
      "exchangePoint" : null,
      "outputType" : "",
      "components" : null,
      "@id" : "780124",
      "exchangePoint-defs" : [ {
        "@class" : "FileSystemProducer",
        "enabled" : true,
        "businessProtocol" : "Raw",
        "friendlyName" : "Salida_Buzon",
        "backupMessages" : false,
        "maxConcurrentConnections" : 100,
        "inlineProcessors" : null,
        "inlinePostProcessors" : null,
        "schedule" : null,
        "retries" : 0,
        "useCustomRetryIntervals" : false,
        "customRetryIntervals" : null,
        "postProcessingScript" : null,
        "holdMessagesForPickup" : false,
        "directory" : "/opt/axway/b2bi/shared/common/data/in/Buzon",
        "preserveFilenameMode" : "SEQUENCE",
        "preserveFilename" : true,
        "metadataHierarchy" : [ ],
        "userDefinedDeliveryFilename" : "",
        "userDefinedDuplicateFilename" : "",
        "url" : "/opt/axway/b2bi/shared/common/data/in/Buzon",
        "@id" : "754503"
      } ]
    } ],
    "attribute-defs" : [ ]
  }, {
    "@class" : "MetadataDocumentService",
    "name" : "Service_I13_FT3",
    "deliveryMethod" : null,
    "enabled" : true,
    "exchangePointId" : null,
    "exchangePoint" : null,
    "componentId" : "1480002",
    "component" : null,
    "outputs" : null,
    "documentServiceAttributes" : null,
    "documentServiceAttributesTemplate" : null,
    "@id" : "1480502",
    "component-defs" : [ {
      "@class" : "ComponentBean",
      "resourceName" : "MAPSERVICE.Sinacofi_I13.I13_FT3",
      "resourceAbsFilePath" : "",
      "resourceType" : "3",
      "componentId" : "2386506",
      "processingStepEnabled" : true,
      "processingStepName" : "Component_I13_FT3",
      "processingStepType" : "Map",
      "processingStepAddOutput" : false,
      "configurations" : "null/1480502/configurations",
      "@id" : "1480002",
      "configuration-defs" : [ {
        "name" : "Input",
        "type" : "13",
        "description" : "Input format XML",
        "arguments" : null,
        "@id" : "1446517",
        "argument-defs" : [ {
          "name" : "Check facet on output",
          "type" : "java.lang.Boolean",
          "notEqualTo" : null,
          "value" : null,
          "editable" : true,
          "@id" : "1447071"
        }, {
          "name" : "Accept input documents with errors",
          "type" : "java.lang.Boolean",
          "notEqualTo" : null,
          "value" : null,
          "editable" : true,
          "@id" : "1447072"
        }, {
          "name" : "Action when no output created by flow",
          "type" : "b2bx.server.EnumParameter",
          "notEqualTo" : null,
          "value" : "4",
          "editable" : false,
          "@id" : "1447073"
        }, {
          "name" : "Debug",
          "type" : "java.lang.Boolean",
          "notEqualTo" : null,
          "value" : null,
          "editable" : true,
          "@id" : "1447074"
        }, {
          "name" : "Detector mode",
          "type" : "java.lang.Boolean",
          "notEqualTo" : null,
          "value" : null,
          "editable" : true,
          "@id" : "1447069"
        }, {
          "name" : "Check facet on input",
          "type" : "java.lang.Boolean",
          "notEqualTo" : null,
          "value" : null,
          "editable" : true,
          "@id" : "1447070"
        } ]
      }, {
        "name" : "Backup",
        "type" : "2",
        "description" : "Output parameters",
        "arguments" : null,
        "@id" : "1446518",
        "argument-defs" : [ {
          "name" : "Output Format",
          "type" : "b2bx.server.EnumParameter",
          "notEqualTo" : null,
          "value" : "0",
          "editable" : false,
          "@id" : "1447075"
        }, {
          "name" : "Accept output documents with errors",
          "type" : "java.lang.Boolean",
          "notEqualTo" : null,
          "value" : null,
          "editable" : true,
          "@id" : "1447076"
        }, {
          "name" : "Action when no output created",
          "type" : "b2bx.server.EnumParameter",
          "notEqualTo" : null,
          "value" : "2",
          "editable" : false,
          "@id" : "1447077"
        }, {
          "name" : "Version",
          "type" : "b2bx.server.EnumParameter",
          "notEqualTo" : null,
          "value" : "",
          "editable" : false,
          "@id" : "1447078"
        } ]
      }, {
        "name" : "Buzon",
        "type" : "2",
        "description" : "Output parameters",
        "arguments" : null,
        "@id" : "1446519",
        "argument-defs" : [ {
          "name" : "Output Format",
          "type" : "b2bx.server.EnumParameter",
          "notEqualTo" : null,
          "value" : "0",
          "editable" : false,
          "@id" : "1447079"
        }, {
          "name" : "Accept output documents with errors",
          "type" : "java.lang.Boolean",
          "notEqualTo" : null,
          "value" : null,
          "editable" : true,
          "@id" : "1447080"
        }, {
          "name" : "Action when no output created",
          "type" : "b2bx.server.EnumParameter",
          "notEqualTo" : null,
          "value" : "2",
          "editable" : false,
          "@id" : "1447081"
        }, {
          "name" : "Version",
          "type" : "b2bx.server.EnumParameter",
          "notEqualTo" : null,
          "value" : "",
          "editable" : false,
          "@id" : "1447082"
        } ]
      }, {
        "name" : "Salida",
        "type" : "2",
        "description" : "Output parameters",
        "arguments" : null,
        "@id" : "1446520",
        "argument-defs" : [ {
          "name" : "Output Format",
          "type" : "b2bx.server.EnumParameter",
          "notEqualTo" : null,
          "value" : "0",
          "editable" : false,
          "@id" : "1447083"
        }, {
          "name" : "Accept output documents with errors",
          "type" : "java.lang.Boolean",
          "notEqualTo" : null,
          "value" : null,
          "editable" : true,
          "@id" : "1447084"
        }, {
          "name" : "Action when no output created",
          "type" : "b2bx.server.EnumParameter",
          "notEqualTo" : null,
          "value" : "2",
          "editable" : false,
          "@id" : "1447085"
        }, {
          "name" : "Version",
          "type" : "b2bx.server.EnumParameter",
          "notEqualTo" : null,
          "value" : "",
          "editable" : false,
          "@id" : "1447086"
        } ]
      }, {
        "name" : "AUX",
        "type" : "2",
        "description" : "Output parameters",
        "arguments" : null,
        "@id" : "1446521",
        "argument-defs" : [ {
          "name" : "Output Format",
          "type" : "b2bx.server.EnumParameter",
          "notEqualTo" : null,
          "value" : "0",
          "editable" : false,
          "@id" : "1447087"
        }, {
          "name" : "Accept output documents with errors",
          "type" : "java.lang.Boolean",
          "notEqualTo" : null,
          "value" : null,
          "editable" : true,
          "@id" : "1447088"
        }, {
          "name" : "Action when no output created",
          "type" : "b2bx.server.EnumParameter",
          "notEqualTo" : null,
          "value" : "2",
          "editable" : false,
          "@id" : "1447089"
        }, {
          "name" : "Version",
          "type" : "b2bx.server.EnumParameter",
          "notEqualTo" : null,
          "value" : "",
          "editable" : false,
          "@id" : "1447090"
        } ]
      }, {
        "name" : "Channel",
        "type" : "9",
        "description" : "Connection parameters",
        "arguments" : null,
        "@id" : "1446522",
        "argument-defs" : [ {
          "name" : "Connection",
          "type" : "b2bx.server.LocalObjectParameter",
          "notEqualTo" : null,
          "value" : "Oracle_MFT",
          "editable" : false,
          "@id" : "1447091"
        } ]
      } ]
    } ],
    "output-defs" : [ {
      "name" : "Backup",
      "deliveryMethod" : "DELIVER_TO_APPLICATION",
      "exchangePointId" : "754504",
      "exchangePoint" : null,
      "outputType" : null,
      "components" : null,
      "@id" : "1481002",
      "exchangePoint-defs" : [ {
        "@class" : "FileSystemProducer",
        "enabled" : true,
        "businessProtocol" : "Raw",
        "friendlyName" : "Salida_Backup",
        "backupMessages" : false,
        "maxConcurrentConnections" : 100,
        "inlineProcessors" : null,
        "inlinePostProcessors" : null,
        "schedule" : null,
        "retries" : 0,
        "useCustomRetryIntervals" : false,
        "customRetryIntervals" : null,
        "postProcessingScript" : null,
        "holdMessagesForPickup" : false,
        "directory" : "/opt/axway/b2bi/shared/common/data/in/Backup",
        "preserveFilenameMode" : "SEQUENCE",
        "preserveFilename" : true,
        "metadataHierarchy" : [ ],
        "userDefinedDeliveryFilename" : "",
        "userDefinedDuplicateFilename" : "",
        "url" : "/opt/axway/b2bi/shared/common/data/in/Backup",
        "@id" : "754504"
      } ]
    }, {
      "name" : "Buzon",
      "deliveryMethod" : "DELIVER_TO_APPLICATION",
      "exchangePointId" : "754503",
      "exchangePoint" : null,
      "outputType" : null,
      "components" : null,
      "@id" : "1481003",
      "exchangePoint-defs" : [ {
        "@class" : "FileSystemProducer",
        "enabled" : true,
        "businessProtocol" : "Raw",
        "friendlyName" : "Salida_Buzon",
        "backupMessages" : false,
        "maxConcurrentConnections" : 100,
        "inlineProcessors" : null,
        "inlinePostProcessors" : null,
        "schedule" : null,
        "retries" : 0,
        "useCustomRetryIntervals" : false,
        "customRetryIntervals" : null,
        "postProcessingScript" : null,
        "holdMessagesForPickup" : false,
        "directory" : "/opt/axway/b2bi/shared/common/data/in/Buzon",
        "preserveFilenameMode" : "SEQUENCE",
        "preserveFilename" : true,
        "metadataHierarchy" : [ ],
        "userDefinedDeliveryFilename" : "",
        "userDefinedDuplicateFilename" : "",
        "url" : "/opt/axway/b2bi/shared/common/data/in/Buzon",
        "@id" : "754503"
      } ]
    }, {
      "name" : "Salida",
      "deliveryMethod" : "DELIVER_TO_APPLICATION",
      "exchangePointId" : "754506",
      "exchangePoint" : null,
      "outputType" : null,
      "components" : null,
      "@id" : "1481004",
      "exchangePoint-defs" : [ {
        "@class" : "FileSystemProducer",
        "enabled" : true,
        "businessProtocol" : "Raw",
        "friendlyName" : "Salida",
        "backupMessages" : false,
        "maxConcurrentConnections" : 100,
        "inlineProcessors" : null,
        "inlinePostProcessors" : null,
        "schedule" : null,
        "retries" : 0,
        "useCustomRetryIntervals" : false,
        "customRetryIntervals" : null,
        "postProcessingScript" : null,
        "holdMessagesForPickup" : false,
        "directory" : "/opt/axway/b2bi/shared/common/data/in/Salida",
        "preserveFilenameMode" : "SEQUENCE",
        "preserveFilename" : true,
        "metadataHierarchy" : [ ],
        "userDefinedDeliveryFilename" : "",
        "userDefinedDuplicateFilename" : "",
        "url" : "/opt/axway/b2bi/shared/common/data/in/Salida",
        "@id" : "754506"
      } ]
    }, {
      "name" : "AUX",
      "deliveryMethod" : "DELIVER_TO_APPLICATION",
      "exchangePointId" : "754502",
      "exchangePoint" : null,
      "outputType" : null,
      "components" : null,
      "@id" : "1481005",
      "exchangePoint-defs" : [ {
        "@class" : "FileSystemProducer",
        "enabled" : true,
        "businessProtocol" : "Raw",
        "friendlyName" : "Aux",
        "backupMessages" : false,
        "maxConcurrentConnections" : 100,
        "inlineProcessors" : null,
        "inlinePostProcessors" : null,
        "schedule" : null,
        "retries" : 0,
        "useCustomRetryIntervals" : false,
        "customRetryIntervals" : null,
        "postProcessingScript" : null,
        "holdMessagesForPickup" : false,
        "directory" : "/opt/axway/b2bi/shared/common/data/in/aux",
        "preserveFilenameMode" : "SEQUENCE",
        "preserveFilename" : true,
        "metadataHierarchy" : [ ],
        "userDefinedDeliveryFilename" : "",
        "userDefinedDuplicateFilename" : "",
        "url" : "/opt/axway/b2bi/shared/common/data/in/aux",
        "@id" : "754502"
      } ]
    } ],
    "attribute-defs" : [ ]
  } ],
  "container-version" : "26.11.1 951d5bfb",
  "count" : 7,
  "version" : "1.0"
}