<?xml version="1.0" encoding="UTF-8" standalone="no"?>
<MapBrokers xmlns:xsi="http://www.w3.org/2001/XMLSchema-instance" xsi:noNamespaceSchemaLocation="MapBrokers_2.xsd">
   <MapBroker dmlCompatibility="2.1" id="cf0945b0-28c2-4639-a6c9-bddbb3e71ab9" label="" lastModified="2024-06-03T20:23:51.000Z" name="MAPSERVICE_Sinacofi_P38_F1_P38_FRONT::MAPSERVICE.Sinacofi_P38_F1.Calcular_Cam" xmlVersion="1.0">
      <DmlMapBroker>
         <InputBusinessDocuments>
            <InputBusinessDocument>
               <BusinessDocument id="5a26c413-5426-4534-8607-9d23965d6be1">
                  <name>MAPSERVICE_Sinacofi_P38_F1_P38_FRONT::MAPSERVICE.Sinacofi_P38_F1\ArchivosEntrada.P38_Archivo_Datos</name>
                  <lastModified>2024-07-31T18:50:41.000Z</lastModified>
               </BusinessDocument>
               <Alias>in</Alias>
            </InputBusinessDocument>
         </InputBusinessDocuments>
         <DecisionPath>
            <StepMappingRule>
               <MappingRule id="1cb16b97-c668-4742-bf9c-e7da78efdc15" label="" lastModified="2024-07-31T18:50:41.000Z" name="MAPSERVICE_Sinacofi_P38_F1_P38_FRONT::MAPSERVICE.Sinacofi_P38_F1.Calcular_Campos:Calcular_Campos" xmlVersion="1.0">
                  <OutputBusinessDocument id="29b6fc93-a3f5-4ed1-bd2a-a3828141c0b1">
                     <name>MAPSERVICE_Sinacofi_P38_F1_P38_FRONT::MAPSERVICE.Sinacofi_P38_F1\Salida.P38_Caratula_Salida</name>
                     <lastModified>2024-07-31T18:50:41.000Z</lastModified>
                  </OutputBusinessDocument>
                  <MappingElement ElementReferenceId="4">
                     <Expression>
                        <DmlExpression><![CDATA[%valorIDJ:=0;
%valorIDK:=0;
%valorIDL:=0;
%valorIDM:=0;
%valorIDN:=0;
loop on \Details{
	if(getSubString(this\Contenido, 1, 2) = "01")then {
		%Sinacofi_P38_F1.valorIDJ:= %Sinacofi_P38_F1.valorIDJ + convertToI(getSubString(this\Contenido, 7, 8));
		%Sinacofi_P38_F1.valorIDK:= %Sinacofi_P38_F1.valorIDK + convertToI(getSubString(this\Contenido, 17, 8));
		%Sinacofi_P38_F1.valorIDL:= %Sinacofi_P38_F1.valorIDL + convertToI(getSubString(this\Contenido, 33, 8))
	};
	if(getSubString(this\Contenido, 1, 2) = "03")then {
		%Sinacofi_P38_F1.valorIDM:= %Sinacofi_P38_F1.valorIDM + convertToI(getSubString(this\Contenido, 9, 8))
	};
	if(getSubString(this\Contenido, 1, 2) = "05")then {
		%Sinacofi_P38_F1.valorIDN:= %Sinacofi_P38_F1.valorIDN + convertToI(getSubString(this\Contenido, 21, 16))
	}
};
%valorIDJ]]></DmlExpression>
                     </Expression>
                     <Comment/>
                  </MappingElement>
                  <MappingElement ElementReferenceId="2">
                     <Expression>
                        <DmlExpression><![CDATA[getSubString( \Header\Datos, 7,6 )]]></DmlExpression>
                     </Expression>
                     <Comment/>
                  </MappingElement>
                  <MappingElement ElementReferenceId="5">
                     <Expression>
                        <DmlExpression><![CDATA[%valorIDK]]></DmlExpression>
                     </Expression>
                     <Comment/>
                  </MappingElement>
                  <MappingElement ElementReferenceId="6">
                     <Expression>
                        <DmlExpression><![CDATA[%valorIDL]]></DmlExpression>
                     </Expression>
                     <Comment/>
                  </MappingElement>
                  <MappingElement ElementReferenceId="7">
                     <Expression>
                        <DmlExpression><![CDATA[%valorIDM]]></DmlExpression>
                     </Expression>
                     <Comment/>
                  </MappingElement>
                  <MappingElement ElementReferenceId="8">
                     <Expression>
                        <DmlExpression><![CDATA[%valorIDN]]></DmlExpression>
                     </Expression>
                     <Comment/>
                  </MappingElement>
                  <MappingElement ElementReferenceId="3">
                     <Expression>
                        <DmlExpression><![CDATA[count(\Details)]]></DmlExpression>
                     </Expression>
                     <Comment/>
                  </MappingElement>
               </MappingRule>
               <StepOutput>
                  <OutputName>out</OutputName>
               </StepOutput>
            </StepMappingRule>
            <StepOutput>
               <OutputName>out1</OutputName>
               <InputBusinessDocumentAlias>in</InputBusinessDocumentAlias>
            </StepOutput>
            <StepOutput>
               <OutputName>out2</OutputName>
               <InputBusinessDocumentAlias>in</InputBusinessDocumentAlias>
            </StepOutput>
            <StepStep>
               <DmlExpression><![CDATA[%correlativoPrefijo:= getSubString(getAttribute( "B2BXGIReceive_ConsumptionFilename" ), 5, 8 );
setDocumentAttributeToOutput( "out1",  "B2BXGISend_ProductionFilename",%correlativoPrefijo + "_" + "datosSalida");
setDocumentAttributeToOutput( "out2",  "B2BXGISend_ProductionFilename", getSubString(getAttribute("B2BXGIReceive_ConsumptionFilename" ), 5, 255) + getAttribute( "B2BXGIReceive_ConsumptionExtension"))]]></DmlExpression>
            </StepStep>
         </DecisionPath>
      </DmlMapBroker>
   </MapBroker>
</MapBrokers>
