<?xml version="1.0" encoding="UTF-8" standalone="no"?>
<Container xmlns:xsi="http://www.w3.org/2001/XMLSchema-instance" id="5e790b87-1992-42de-b549-aebbd1346d59" name="Sinacofi_C12_F1_C12_FRONT" version="7" xsi:noNamespaceSchemaLocation="Container.xsd">
   <longDescription>  </longDescription>
   <generatedBy/>
   <generationDate>2024-09-23T17:56:56.000Z</generationDate>
   <shortDescription/>
   <Contents>
      <Product name="Integrator" version="3.7.0"/>
      <Product name="MapDesigner" version="2.5.0"/>
   </Contents>
</Container>
