<?xml version="1.0" encoding="UTF-8" standalone="no"?>
<MapBrokers xmlns:xsi="http://www.w3.org/2001/XMLSchema-instance" xsi:noNamespaceSchemaLocation="MapBrokers_2.xsd">
   <MapBroker dmlCompatibility="2.1" id="cf0945b0-28c2-4639-a6c9-bddbb3e71ab9" label="" lastModified="2024-08-16T19:40:48.000Z" name="MAPSERVICE_Sinacofi_D26_F1_D26_FRONT::MAPSERVICE.Sinacofi_D26_F1.Calcular_Cam" xmlVersion="1.0">
      <DmlMapBroker>
         <InputBusinessDocuments>
            <InputBusinessDocument>
               <BusinessDocument id="5a26c413-5426-4534-8607-9d23965d6be1">
                  <name>MAPSERVICE_Sinacofi_D26_F1_D26_FRONT::MAPSERVICE.Sinacofi_D26_F1\ArchivosEntrada.D26_Archivo_Datos</name>
                  <lastModified>2024-08-16T19:41:53.000Z</lastModified>
               </BusinessDocument>
               <Alias>in</Alias>
            </InputBusinessDocument>
         </InputBusinessDocuments>
         <DecisionPath>
            <StepMappingRule>
               <MappingRule id="1cb16b97-c668-4742-bf9c-e7da78efdc15" label="" lastModified="2024-08-16T19:41:53.000Z" name="MAPSERVICE_Sinacofi_D26_F1_D26_FRONT::MAPSERVICE.Sinacofi_D26_F1.Calcular_Campos:Calcular_Campos" xmlVersion="1.0">
                  <OutputBusinessDocument id="29b6fc93-a3f5-4ed1-bd2a-a3828141c0b1">
                     <name>MAPSERVICE_Sinacofi_D26_F1_D26_FRONT::MAPSERVICE.Sinacofi_D26_F1\Salida.D26_Caratula_Salida</name>
                     <lastModified>2024-08-16T19:41:53.000Z</lastModified>
                  </OutputBusinessDocument>
                  <MappingElement ElementReferenceId="2">
                     <Expression>
                        <DmlExpression><![CDATA[getSubString( \Header\Datos, 7,6 )]]></DmlExpression>
                     </Expression>
                     <Comment/>
                  </MappingElement>
                  <MappingElement ElementReferenceId="3">
                     <Expression>
                        <DmlExpression><![CDATA[count(\Details)]]></DmlExpression>
                     </Expression>
                     <Comment/>
                  </MappingElement>
                  <MappingElement ElementReferenceId="4">
                     <Expression>
                        <DmlExpression><![CDATA[%Total_CFM:=0;
%Total_CFO:= 0;
%Total_CFP:= 0;
loop on \Details  {
	%Total_CFM:= %Total_CFM + convertToI(getSubString(this\Contenido, 189, 14));
	%Total_CFO:= %Total_CFO + convertToI(getSubString(this\Contenido, 203, 14))+ convertToI(getSubString(this\Contenido, 217, 14)) + convertToI(getSubString(this\Contenido, 231, 14)) + convertToI(getSubString(this\Contenido, 245, 14)) + convertToI(getSubString(this\Contenido, 259, 14)) + convertToI(getSubString(this\Contenido, 273, 14)) + convertToI(getSubString(this\Contenido, 287, 14)) + convertToI(getSubString(this\Contenido, 301, 14)) + convertToI(getSubString(this\Contenido, 315, 14));
	%Total_CFP:= %Total_CFP + convertToI(getSubString(this\Contenido, 329, 14))+ convertToI(getSubString(this\Contenido, 343, 14))
};
%Total_CFM
]]></DmlExpression>
                     </Expression>
                     <Comment/>
                  </MappingElement>
                  <MappingElement ElementReferenceId="6">
                     <Expression>
                        <DmlExpression><![CDATA[%Total_CFP]]></DmlExpression>
                     </Expression>
                     <Comment/>
                  </MappingElement>
                  <MappingElement ElementReferenceId="5">
                     <Expression>
                        <DmlExpression><![CDATA[%Total_CFO]]></DmlExpression>
                     </Expression>
                     <Comment/>
                  </MappingElement>
               </MappingRule>
               <StepOutput>
                  <OutputName>out</OutputName>
               </StepOutput>
            </StepMappingRule>
            <StepOutput>
               <OutputName>out1</OutputName>
               <InputBusinessDocumentAlias>in</InputBusinessDocumentAlias>
            </StepOutput>
            <StepOutput>
               <OutputName>out2</OutputName>
               <InputBusinessDocumentAlias>in</InputBusinessDocumentAlias>
            </StepOutput>
            <StepStep>
               <DmlExpression><![CDATA[%correlativoPrefijo:= getSubString(getAttribute( "B2BXGIReceive_ConsumptionFilename" ), 5, 8 );
setDocumentAttributeToOutput( "out1",  "B2BXGISend_ProductionFilename",%correlativoPrefijo + "_" + "datosSalida");
setDocumentAttributeToOutput( "out2",  "B2BXGISend_ProductionFilename", getSubString(getAttribute("B2BXGIReceive_ConsumptionFilename" ), 5, 255) + getAttribute( "B2BXGIReceive_ConsumptionExtension"))]]></DmlExpression>
            </StepStep>
         </DecisionPath>
      </DmlMapBroker>
   </MapBroker>
</MapBrokers>
